-- phpMyAdmin SQL Dump
-- version 4.7.9
-- https://www.phpmyadmin.net/
--
-- Host: 127.0.0.1
-- Generation Time: Oct 31, 2018 at 07:10 PM
-- Server version: 10.1.31-MariaDB
-- PHP Version: 7.1.15

SET SQL_MODE = "NO_AUTO_VALUE_ON_ZERO";
SET AUTOCOMMIT = 0;
START TRANSACTION;
SET time_zone = "+00:00";


/*!40101 SET @OLD_CHARACTER_SET_CLIENT=@@CHARACTER_SET_CLIENT */;
/*!40101 SET @OLD_CHARACTER_SET_RESULTS=@@CHARACTER_SET_RESULTS */;
/*!40101 SET @OLD_COLLATION_CONNECTION=@@COLLATION_CONNECTION */;
/*!40101 SET NAMES utf8mb4 */;

--
-- Database: `mypulse`
--

-- --------------------------------------------------------

--
-- Table structure for table `appointments`
--

CREATE TABLE `appointments` (
  `appointment_id` int(11) NOT NULL,
  `appointment_number` varchar(250) NOT NULL,
  `user_id` int(11) NOT NULL,
  `hospital_id` int(11) NOT NULL,
  `department_id` int(11) NOT NULL,
  `doctor_id` int(11) NOT NULL,
  `appointment_date` longtext NOT NULL,
  `appointment_time_start` longtext,
  `appointment_time_end` longtext,
  `status` tinyint(4) NOT NULL DEFAULT '1' COMMENT '1=pending,2=confirmed,3=cancelled,4=closed',
  `reason` text NOT NULL,
  `remarks` text NOT NULL,
  `created_type` text NOT NULL,
  `created_by` text NOT NULL,
  `created_at` timestamp NOT NULL DEFAULT CURRENT_TIMESTAMP ON UPDATE CURRENT_TIMESTAMP,
  `modified_at` timestamp NOT NULL DEFAULT CURRENT_TIMESTAMP ON UPDATE CURRENT_TIMESTAMP,
  `isDeleted` tinyint(4) NOT NULL DEFAULT '0'
) ENGINE=MyISAM DEFAULT CHARSET=latin1;

-- --------------------------------------------------------

--
-- Table structure for table `appointment_history`
--

CREATE TABLE `appointment_history` (
  `appointment_history_id` int(11) NOT NULL,
  `appointment_id` int(11) NOT NULL,
  `appointment_date` longtext NOT NULL,
  `appointment_time_start` longtext NOT NULL,
  `appointment_time_end` longtext NOT NULL,
  `created_type` text NOT NULL,
  `created_by` text NOT NULL,
  `action` tinyint(4) NOT NULL DEFAULT '2' COMMENT '1=created,2=pending,3=confirmed,4=updated,5=rescheduled,6=cancelled,7=closed',
  `created_time` timestamp NOT NULL DEFAULT CURRENT_TIMESTAMP ON UPDATE CURRENT_TIMESTAMP
) ENGINE=InnoDB DEFAULT CHARSET=latin1;

-- --------------------------------------------------------

--
-- Table structure for table `availability`
--

CREATE TABLE `availability` (
  `availability_id` int(11) NOT NULL,
  `doctor_id` int(11) NOT NULL,
  `no_appt_handle` varchar(10) NOT NULL,
  `message` longtext NOT NULL,
  `start_time` longtext NOT NULL,
  `end_time` longtext NOT NULL,
  `status` tinyint(4) NOT NULL COMMENT '1=available,2=not-available'
) ENGINE=MyISAM DEFAULT CHARSET=latin1;

-- --------------------------------------------------------

--
-- Table structure for table `availability_slat`
--

CREATE TABLE `availability_slat` (
  `id` int(11) NOT NULL,
  `doctor_id` int(11) NOT NULL,
  `start_date` longtext NOT NULL,
  `end_date` longtext NOT NULL,
  `start_time` longtext NOT NULL,
  `end_time` longtext NOT NULL,
  `repeat_interval` tinyint(4) NOT NULL COMMENT '0=weekly,1=custom',
  `repeat_on` longtext NOT NULL COMMENT '0=S,1=M,2=T,3=W,4=T,5=F,6=S',
  `unik` longtext NOT NULL,
  `date` longtext NOT NULL,
  `status` tinyint(4) NOT NULL COMMENT '1=active,2=inactive'
) ENGINE=MyISAM DEFAULT CHARSET=latin1;

--
-- Dumping data for table `availability_slat`
--

INSERT INTO `availability_slat` (`id`, `doctor_id`, `start_date`, `end_date`, `start_time`, `end_time`, `repeat_interval`, `repeat_on`, `unik`, `date`, `status`) VALUES
(65, 2, '11/01/2018', '11/15/2018', '10:00', '12:30', 0, '1,3,5', '1575', '11/14/2018', 1),
(64, 2, '11/01/2018', '11/15/2018', '10:00', '12:30', 0, '1,3,5', '1575', '11/13/2018', 2),
(63, 2, '11/01/2018', '11/15/2018', '10:00', '12:30', 0, '1,3,5', '1575', '11/12/2018', 1),
(62, 2, '11/01/2018', '11/15/2018', '10:00', '12:30', 0, '1,3,5', '1575', '11/11/2018', 2),
(61, 2, '11/01/2018', '11/15/2018', '10:00', '12:30', 0, '1,3,5', '1575', '11/10/2018', 2),
(60, 2, '11/01/2018', '11/15/2018', '10:00', '12:30', 0, '1,3,5', '1575', '11/09/2018', 1),
(59, 2, '11/01/2018', '11/15/2018', '10:00', '12:30', 0, '1,3,5', '1575', '11/08/2018', 2),
(58, 2, '11/01/2018', '11/15/2018', '10:00', '12:30', 0, '1,3,5', '1575', '11/07/2018', 1),
(57, 2, '11/01/2018', '11/15/2018', '10:00', '12:30', 0, '1,3,5', '1575', '11/06/2018', 2),
(56, 2, '11/01/2018', '11/15/2018', '10:00', '12:30', 0, '1,3,5', '1575', '11/05/2018', 1),
(55, 2, '11/01/2018', '11/15/2018', '10:00', '12:30', 0, '1,3,5', '1575', '11/04/2018', 2),
(54, 2, '11/01/2018', '11/15/2018', '10:00', '12:30', 0, '1,3,5', '1575', '11/03/2018', 2),
(53, 2, '11/01/2018', '11/15/2018', '10:00', '12:30', 0, '1,3,5', '1575', '11/02/2018', 1),
(52, 2, '11/01/2018', '11/15/2018', '10:00', '12:30', 0, '1,3,5', '1575', '11/01/2018', 2),
(51, 1, '11/01/2018', '11/15/2018', '09:00', '11:00', 1, '0,1,2,3,4,5,6', '2118', '11/15/2018', 1),
(50, 1, '11/01/2018', '11/15/2018', '09:00', '11:00', 1, '0,1,2,3,4,5,6', '2118', '11/14/2018', 1),
(49, 1, '11/01/2018', '11/15/2018', '09:00', '11:00', 1, '0,1,2,3,4,5,6', '2118', '11/13/2018', 1),
(48, 1, '11/01/2018', '11/15/2018', '09:00', '11:00', 1, '0,1,2,3,4,5,6', '2118', '11/12/2018', 1),
(47, 1, '11/01/2018', '11/15/2018', '09:00', '11:00', 1, '0,1,2,3,4,5,6', '2118', '11/11/2018', 1),
(46, 1, '11/01/2018', '11/15/2018', '09:00', '11:00', 1, '0,1,2,3,4,5,6', '2118', '11/10/2018', 1),
(45, 1, '11/01/2018', '11/15/2018', '09:00', '11:00', 1, '0,1,2,3,4,5,6', '2118', '11/09/2018', 1),
(44, 1, '11/01/2018', '11/15/2018', '09:00', '11:00', 1, '0,1,2,3,4,5,6', '2118', '11/08/2018', 1),
(43, 1, '11/01/2018', '11/15/2018', '09:00', '11:00', 1, '0,1,2,3,4,5,6', '2118', '11/07/2018', 1),
(42, 1, '11/01/2018', '11/15/2018', '09:00', '11:00', 1, '0,1,2,3,4,5,6', '2118', '11/06/2018', 1),
(37, 1, '11/01/2018', '11/15/2018', '09:00', '11:00', 1, '0,1,2,3,4,5,6', '2118', '11/01/2018', 1),
(38, 1, '11/01/2018', '11/15/2018', '09:00', '11:00', 1, '0,1,2,3,4,5,6', '2118', '11/02/2018', 1),
(39, 1, '11/01/2018', '11/15/2018', '09:00', '11:00', 1, '0,1,2,3,4,5,6', '2118', '11/03/2018', 1),
(40, 1, '11/01/2018', '11/15/2018', '09:00', '11:00', 1, '0,1,2,3,4,5,6', '2118', '11/04/2018', 1),
(41, 1, '11/01/2018', '11/15/2018', '09:00', '11:00', 1, '0,1,2,3,4,5,6', '2118', '11/05/2018', 1),
(71, 3, '11/01/2018', '11/22/2018', '16:00', '20:30', 0, '2,4,6', '5110', '11/05/2018', 2),
(70, 3, '11/01/2018', '11/22/2018', '16:00', '20:30', 0, '2,4,6', '5110', '11/04/2018', 2),
(69, 3, '11/01/2018', '11/22/2018', '16:00', '20:30', 0, '2,4,6', '5110', '11/03/2018', 1),
(68, 3, '11/01/2018', '11/22/2018', '16:00', '20:30', 0, '2,4,6', '5110', '11/02/2018', 2),
(67, 3, '11/01/2018', '11/22/2018', '16:00', '20:30', 0, '2,4,6', '5110', '11/01/2018', 1),
(66, 2, '11/01/2018', '11/15/2018', '10:00', '12:30', 0, '1,3,5', '1575', '11/15/2018', 2),
(72, 3, '11/01/2018', '11/22/2018', '16:00', '20:30', 0, '2,4,6', '5110', '11/06/2018', 1),
(73, 3, '11/01/2018', '11/22/2018', '16:00', '20:30', 0, '2,4,6', '5110', '11/07/2018', 2),
(74, 3, '11/01/2018', '11/22/2018', '16:00', '20:30', 0, '2,4,6', '5110', '11/08/2018', 1),
(75, 3, '11/01/2018', '11/22/2018', '16:00', '20:30', 0, '2,4,6', '5110', '11/09/2018', 2),
(76, 3, '11/01/2018', '11/22/2018', '16:00', '20:30', 0, '2,4,6', '5110', '11/10/2018', 1),
(77, 3, '11/01/2018', '11/22/2018', '16:00', '20:30', 0, '2,4,6', '5110', '11/11/2018', 2),
(78, 3, '11/01/2018', '11/22/2018', '16:00', '20:30', 0, '2,4,6', '5110', '11/12/2018', 2),
(79, 3, '11/01/2018', '11/22/2018', '16:00', '20:30', 0, '2,4,6', '5110', '11/13/2018', 1),
(80, 3, '11/01/2018', '11/22/2018', '16:00', '20:30', 0, '2,4,6', '5110', '11/14/2018', 2),
(81, 3, '11/01/2018', '11/22/2018', '16:00', '20:30', 0, '2,4,6', '5110', '11/15/2018', 1),
(82, 3, '11/01/2018', '11/22/2018', '16:00', '20:30', 0, '2,4,6', '5110', '11/16/2018', 2),
(83, 3, '11/01/2018', '11/22/2018', '16:00', '20:30', 0, '2,4,6', '5110', '11/17/2018', 1),
(84, 3, '11/01/2018', '11/22/2018', '16:00', '20:30', 0, '2,4,6', '5110', '11/18/2018', 2),
(85, 3, '11/01/2018', '11/22/2018', '16:00', '20:30', 0, '2,4,6', '5110', '11/19/2018', 2),
(86, 3, '11/01/2018', '11/22/2018', '16:00', '20:30', 0, '2,4,6', '5110', '11/20/2018', 1),
(87, 3, '11/01/2018', '11/22/2018', '16:00', '20:30', 0, '2,4,6', '5110', '11/21/2018', 2),
(88, 3, '11/01/2018', '11/22/2018', '16:00', '20:30', 0, '2,4,6', '5110', '11/22/2018', 1),
(89, 4, '11/01/2018', '11/30/2018', '17:00', '21:00', 0, '1,2,3,4,5,6', '3020', '11/01/2018', 1),
(90, 4, '11/01/2018', '11/30/2018', '17:00', '21:00', 0, '1,2,3,4,5,6', '3020', '11/02/2018', 1),
(91, 4, '11/01/2018', '11/30/2018', '17:00', '21:00', 0, '1,2,3,4,5,6', '3020', '11/03/2018', 1),
(92, 4, '11/01/2018', '11/30/2018', '17:00', '21:00', 0, '1,2,3,4,5,6', '3020', '11/04/2018', 2),
(93, 4, '11/01/2018', '11/30/2018', '17:00', '21:00', 0, '1,2,3,4,5,6', '3020', '11/05/2018', 1),
(94, 4, '11/01/2018', '11/30/2018', '17:00', '21:00', 0, '1,2,3,4,5,6', '3020', '11/06/2018', 1),
(95, 4, '11/01/2018', '11/30/2018', '17:00', '21:00', 0, '1,2,3,4,5,6', '3020', '11/07/2018', 1),
(96, 4, '11/01/2018', '11/30/2018', '17:00', '21:00', 0, '1,2,3,4,5,6', '3020', '11/08/2018', 1),
(97, 4, '11/01/2018', '11/30/2018', '17:00', '21:00', 0, '1,2,3,4,5,6', '3020', '11/09/2018', 1),
(98, 4, '11/01/2018', '11/30/2018', '17:00', '21:00', 0, '1,2,3,4,5,6', '3020', '11/10/2018', 1),
(99, 4, '11/01/2018', '11/30/2018', '17:00', '21:00', 0, '1,2,3,4,5,6', '3020', '11/11/2018', 2),
(100, 4, '11/01/2018', '11/30/2018', '17:00', '21:00', 0, '1,2,3,4,5,6', '3020', '11/12/2018', 1),
(101, 4, '11/01/2018', '11/30/2018', '17:00', '21:00', 0, '1,2,3,4,5,6', '3020', '11/13/2018', 1),
(102, 4, '11/01/2018', '11/30/2018', '17:00', '21:00', 0, '1,2,3,4,5,6', '3020', '11/14/2018', 1),
(103, 4, '11/01/2018', '11/30/2018', '17:00', '21:00', 0, '1,2,3,4,5,6', '3020', '11/15/2018', 1),
(104, 4, '11/01/2018', '11/30/2018', '17:00', '21:00', 0, '1,2,3,4,5,6', '3020', '11/16/2018', 1),
(105, 4, '11/01/2018', '11/30/2018', '17:00', '21:00', 0, '1,2,3,4,5,6', '3020', '11/17/2018', 1),
(106, 4, '11/01/2018', '11/30/2018', '17:00', '21:00', 0, '1,2,3,4,5,6', '3020', '11/18/2018', 2),
(107, 4, '11/01/2018', '11/30/2018', '17:00', '21:00', 0, '1,2,3,4,5,6', '3020', '11/19/2018', 1),
(108, 4, '11/01/2018', '11/30/2018', '17:00', '21:00', 0, '1,2,3,4,5,6', '3020', '11/20/2018', 1),
(109, 4, '11/01/2018', '11/30/2018', '17:00', '21:00', 0, '1,2,3,4,5,6', '3020', '11/21/2018', 1),
(110, 4, '11/01/2018', '11/30/2018', '17:00', '21:00', 0, '1,2,3,4,5,6', '3020', '11/22/2018', 1),
(111, 4, '11/01/2018', '11/30/2018', '17:00', '21:00', 0, '1,2,3,4,5,6', '3020', '11/23/2018', 1),
(112, 4, '11/01/2018', '11/30/2018', '17:00', '21:00', 0, '1,2,3,4,5,6', '3020', '11/24/2018', 1),
(113, 4, '11/01/2018', '11/30/2018', '17:00', '21:00', 0, '1,2,3,4,5,6', '3020', '11/25/2018', 2),
(114, 4, '11/01/2018', '11/30/2018', '17:00', '21:00', 0, '1,2,3,4,5,6', '3020', '11/26/2018', 1),
(115, 4, '11/01/2018', '11/30/2018', '17:00', '21:00', 0, '1,2,3,4,5,6', '3020', '11/27/2018', 1),
(116, 4, '11/01/2018', '11/30/2018', '17:00', '21:00', 0, '1,2,3,4,5,6', '3020', '11/28/2018', 1),
(117, 4, '11/01/2018', '11/30/2018', '17:00', '21:00', 0, '1,2,3,4,5,6', '3020', '11/29/2018', 1),
(118, 4, '11/01/2018', '11/30/2018', '17:00', '21:00', 0, '1,2,3,4,5,6', '3020', '11/30/2018', 1);

-- --------------------------------------------------------

--
-- Table structure for table `bed`
--

CREATE TABLE `bed` (
  `bed_id` int(11) NOT NULL,
  `hospital_id` int(11) NOT NULL,
  `branch_id` int(11) NOT NULL,
  `department_id` int(11) NOT NULL,
  `ward_id` int(11) NOT NULL,
  `name` longtext NOT NULL,
  `bed_status` tinyint(4) NOT NULL COMMENT '1=available,2=not-available'
) ENGINE=MyISAM DEFAULT CHARSET=latin1;

--
-- Dumping data for table `bed`
--

INSERT INTO `bed` (`bed_id`, `hospital_id`, `branch_id`, `department_id`, `ward_id`, `name`, `bed_status`) VALUES
(1, 1, 1, 1, 1, 'B1111', 1),
(2, 1, 1, 1, 1, 'B1112', 1),
(3, 2, 3, 3, 3, 'B3111', 1),
(4, 2, 3, 3, 3, 'B3112', 1),
(5, 2, 4, 5, 5, 'B4445', 1);

-- --------------------------------------------------------

--
-- Table structure for table `branch`
--

CREATE TABLE `branch` (
  `branch_id` int(11) NOT NULL,
  `hospital_id` int(11) NOT NULL,
  `name` varchar(250) NOT NULL,
  `phone` varchar(250) NOT NULL,
  `email` varchar(250) NOT NULL,
  `address` text NOT NULL,
  `city` int(11) NOT NULL,
  `district` int(11) NOT NULL,
  `state` int(11) NOT NULL,
  `country` int(11) NOT NULL,
  `isActive` tinyint(4) NOT NULL DEFAULT '1',
  `isDeleted` tinyint(4) NOT NULL DEFAULT '0',
  `created_at` datetime NOT NULL,
  `modified_at` timestamp NOT NULL DEFAULT CURRENT_TIMESTAMP ON UPDATE CURRENT_TIMESTAMP,
  `status` tinyint(4) NOT NULL COMMENT '1=active,2=inactive'
) ENGINE=MyISAM DEFAULT CHARSET=latin1;

--
-- Dumping data for table `branch`
--

INSERT INTO `branch` (`branch_id`, `hospital_id`, `name`, `phone`, `email`, `address`, `city`, `district`, `state`, `country`, `isActive`, `isDeleted`, `created_at`, `modified_at`, `status`) VALUES
(1, 1, 'B1', '4141414141', 'b1@g.com', 'hyd', 1, 1, 1, 1, 1, 0, '0000-00-00 00:00:00', '2018-10-31 16:35:40', 0),
(2, 1, 'B2', '1414141414', 'b2@g.com', 'hyd', 1, 1, 1, 1, 1, 0, '0000-00-00 00:00:00', '2018-10-31 16:36:03', 0),
(3, 2, 'B3', '1414141414', 'b3@g.com', 'hyd', 3, 4, 2, 1, 1, 0, '0000-00-00 00:00:00', '2018-10-31 16:45:08', 0),
(4, 2, 'B4', '1414141414', 'b4@g.com', 'hyd', 3, 4, 2, 1, 1, 0, '0000-00-00 00:00:00', '2018-10-31 16:45:48', 0);

-- --------------------------------------------------------

--
-- Table structure for table `checkups`
--

CREATE TABLE `checkups` (
  `id` int(11) NOT NULL,
  `tests` varchar(100) NOT NULL,
  `amount` int(11) NOT NULL
) ENGINE=MyISAM DEFAULT CHARSET=latin1;

-- --------------------------------------------------------

--
-- Table structure for table `city`
--

CREATE TABLE `city` (
  `city_id` int(11) NOT NULL,
  `country_id` int(11) NOT NULL,
  `state_id` int(11) NOT NULL,
  `district_id` int(11) NOT NULL,
  `name` longtext NOT NULL
) ENGINE=MyISAM DEFAULT CHARSET=latin1;

--
-- Dumping data for table `city`
--

INSERT INTO `city` (`city_id`, `country_id`, `state_id`, `district_id`, `name`) VALUES
(1, 1, 1, 1, 'Kurnool'),
(2, 1, 1, 2, 'Kadapa'),
(3, 1, 2, 4, 'Hyderabad');

-- --------------------------------------------------------

--
-- Table structure for table `ci_sessions`
--

CREATE TABLE `ci_sessions` (
  `id` varchar(40) COLLATE utf8_unicode_ci NOT NULL,
  `ip_address` varchar(45) COLLATE utf8_unicode_ci NOT NULL,
  `timestamp` int(10) UNSIGNED NOT NULL DEFAULT '0',
  `data` blob NOT NULL
) ENGINE=InnoDB DEFAULT CHARSET=utf8 COLLATE=utf8_unicode_ci;

--
-- Dumping data for table `ci_sessions`
--

INSERT INTO `ci_sessions` (`id`, `ip_address`, `timestamp`, `data`) VALUES
('05ju2bpg19s06blu6jfnfliblbp7c139', '::1', 1541005177, 0x5f5f63695f6c6173745f726567656e65726174657c693a313534313030353137373b736974655f6c616e677c733a373a22656e676c697368223b6d656e757c613a34383a7b733a31343a226d61696e5f64617368626f617264223b733a393a2244617368626f617264223b733a31343a226d61696e5f686f73706974616c73223b733a393a22486f73706974616c73223b733a31323a226d61696e5f646563746f7273223b733a373a22446f63746f7273223b733a31363a226d61696e5f6465706172746d656e7473223b733a31313a224465706172746d656e7473223b733a31333a226d61696e5f6272616e63686573223b733a383a224272616e63686573223b733a31303a226d61696e5f7761726473223b733a353a225761726473223b733a393a226d61696e5f62656473223b733a343a2242656473223b733a31313a226d61696e5f6e7572736573223b733a363a224e7572736573223b733a31383a226d61696e5f726563657074696f6e69737473223b733a31333a22526563657074696f6e69737473223b733a31333a226d61696e5f70617469656e7473223b733a383a2250617469656e7473223b733a31393a226d61696e5f6d65646963616c5f73746f726573223b733a31343a224d65646963616c2053746f726573223b733a31373a226d61696e5f6d65646963616c5f6c616273223b733a31323a224d65646963616c204c616273223b733a31373a226d61696e5f6170706f696e746d656e7473223b733a31323a224170706f696e746d656e7473223b733a31333a226d61696e5f7061796d656e7473223b733a383a225061796d656e7473223b733a31323a226d61696e5f7265706f727473223b733a373a225265706f727473223b733a31333a226d61696e5f7365727669636573223b733a383a225365727669636573223b733a31343a226d61696e5f616d62756c616e6365223b733a393a22416d62756c616e6365223b733a31343a226d61696e5f626f6f645f62616e6b223b733a31303a22426c6f6f642042616e6b223b733a31343a226d61696e5f696e737572616e6365223b733a393a22496e737572616e6365223b733a31313a226e6f74696365626f617264223b733a31313a224e6f74696365626f617264223b733a31333a226d61696e5f73657474696e6773223b733a383a2253657474696e6773223b733a32313a226d61696e5f67656e6572616c5f73657474696e6773223b733a31363a2247656e6572616c2053657474696e6773223b733a31373a226c616e67756167655f73657474696e6773223b733a31373a224c616e67756167652053657474696e6773223b733a31323a22736d735f73657474696e6773223b733a31323a22534d532053657474696e6773223b733a31353a2273797374656d5f73657474696e6773223b733a31353a2253797374656d2053657474696e6773223b733a32313a226d61696e5f6c6963656e73655f63617465676f7279223b733a31373a224c6963656e73652043617465676f727973223b733a31323a226d61696e5f63686172676573223b733a373a2243686172676573223b733a373a2270726f66696c65223b733a373a2250726f66696c65223b733a363a226c6f676f7574223b733a373a224c6f67206f7574223b733a31343a226368616e676550617373776f7264223b733a31353a224368616e67652050617373776f7264223b733a31313a226170706f69746d656e7473223b733a31313a224170706f69746d656e7473223b733a32383a226d61696e5f6865616c7468696e737572616e636570726f7669646572223b733a32363a224865616c746820496e737572616e63652050726f766964657273223b733a32323a226d61696e5f696e70617469656e745f686973746f7279223b733a31383a22496e2d50617469656e7420486973746f7279223b733a31343a226d61696e5f696e70617469656e74223b733a31313a22496e2d50617469656e7473223b733a31393a226d61696e5f686f73706974616c5f61646d696e223b733a31353a22486f73706974616c2041646d696e73223b733a31373a226d61696e5f617661696c6162696c697479223b733a31323a22417661696c6162696c697479223b733a31303a226d61696e5f6f74686572223b733a363a224f7468657273223b733a31303a226d61696e5f61626f7574223b733a353a2241626f7574223b733a373a227265706f727473223b733a373a225265706f727473223b733a363a226f7264657273223b733a363a224f7264657273223b733a31393a226d61696e5f70617469656e745f7265706f7274223b733a31343a2250617469656e74205265706f7274223b733a32323a226d61696e5f6170706f69746d656e745f7265706f7274223b733a31373a224170706f69746d656e74205265706f7274223b733a31323a226d7970756c73657573657273223b733a31333a224d7950756c7365205573657273223b733a31323a226d61696e5f6163636f756e74223b733a373a224163636f756e74223b733a31323a226d61696e5f636f756e747279223b733a383a22436f756e74727973223b733a31303a226d61696e5f7374617465223b733a363a22537461746573223b733a31333a226d61696e5f6469737472696374223b733a393a22446973747269637473223b733a393a226d61696e5f63697479223b733a353a224369747973223b7d6c6f67696e7c733a313a2231223b6c6f67696e5f757365725f69647c733a313a2231223b6e616d657c733a31313a2253757065722041646d696e223b6c6f67696e5f747970657c733a31303a22737570657261646d696e223b747970655f69647c733a31303a22737570657261646d696e223b6c6173745f706167657c733a33363a22687474703a2f2f6c6f63616c686f73742f6d7970756c73652f6d61696e2f646f63746f72223b6c6173745f70616765317c733a35313a22687474703a2f2f6c6f63616c686f73742f6d7970756c73652f6d61696e2f646f63746f725f617661696c6162696c6974792f31223b6d6573736167657c733a34323a22446f63746f7220417661696c6162696c69747920496e666f205361766564205375636365737366756c79223b5f5f63695f766172737c613a313a7b733a373a226d657373616765223b733a333a226f6c64223b7d),
('0kmpv8100l9sspmausrgc2mrk8s925e4', '::1', 1541002319, 0x5f5f63695f6c6173745f726567656e65726174657c693a313534313030323331393b736974655f6c616e677c733a373a22656e676c697368223b6d656e757c613a34383a7b733a31343a226d61696e5f64617368626f617264223b733a393a2244617368626f617264223b733a31343a226d61696e5f686f73706974616c73223b733a393a22486f73706974616c73223b733a31323a226d61696e5f646563746f7273223b733a373a22446f63746f7273223b733a31363a226d61696e5f6465706172746d656e7473223b733a31313a224465706172746d656e7473223b733a31333a226d61696e5f6272616e63686573223b733a383a224272616e63686573223b733a31303a226d61696e5f7761726473223b733a353a225761726473223b733a393a226d61696e5f62656473223b733a343a2242656473223b733a31313a226d61696e5f6e7572736573223b733a363a224e7572736573223b733a31383a226d61696e5f726563657074696f6e69737473223b733a31333a22526563657074696f6e69737473223b733a31333a226d61696e5f70617469656e7473223b733a383a2250617469656e7473223b733a31393a226d61696e5f6d65646963616c5f73746f726573223b733a31343a224d65646963616c2053746f726573223b733a31373a226d61696e5f6d65646963616c5f6c616273223b733a31323a224d65646963616c204c616273223b733a31373a226d61696e5f6170706f696e746d656e7473223b733a31323a224170706f696e746d656e7473223b733a31333a226d61696e5f7061796d656e7473223b733a383a225061796d656e7473223b733a31323a226d61696e5f7265706f727473223b733a373a225265706f727473223b733a31333a226d61696e5f7365727669636573223b733a383a225365727669636573223b733a31343a226d61696e5f616d62756c616e6365223b733a393a22416d62756c616e6365223b733a31343a226d61696e5f626f6f645f62616e6b223b733a31303a22426c6f6f642042616e6b223b733a31343a226d61696e5f696e737572616e6365223b733a393a22496e737572616e6365223b733a31313a226e6f74696365626f617264223b733a31313a224e6f74696365626f617264223b733a31333a226d61696e5f73657474696e6773223b733a383a2253657474696e6773223b733a32313a226d61696e5f67656e6572616c5f73657474696e6773223b733a31363a2247656e6572616c2053657474696e6773223b733a31373a226c616e67756167655f73657474696e6773223b733a31373a224c616e67756167652053657474696e6773223b733a31323a22736d735f73657474696e6773223b733a31323a22534d532053657474696e6773223b733a31353a2273797374656d5f73657474696e6773223b733a31353a2253797374656d2053657474696e6773223b733a32313a226d61696e5f6c6963656e73655f63617465676f7279223b733a31373a224c6963656e73652043617465676f727973223b733a31323a226d61696e5f63686172676573223b733a373a2243686172676573223b733a373a2270726f66696c65223b733a373a2250726f66696c65223b733a363a226c6f676f7574223b733a373a224c6f67206f7574223b733a31343a226368616e676550617373776f7264223b733a31353a224368616e67652050617373776f7264223b733a31313a226170706f69746d656e7473223b733a31313a224170706f69746d656e7473223b733a32383a226d61696e5f6865616c7468696e737572616e636570726f7669646572223b733a32363a224865616c746820496e737572616e63652050726f766964657273223b733a32323a226d61696e5f696e70617469656e745f686973746f7279223b733a31383a22496e2d50617469656e7420486973746f7279223b733a31343a226d61696e5f696e70617469656e74223b733a31313a22496e2d50617469656e7473223b733a31393a226d61696e5f686f73706974616c5f61646d696e223b733a31353a22486f73706974616c2041646d696e73223b733a31373a226d61696e5f617661696c6162696c697479223b733a31323a22417661696c6162696c697479223b733a31303a226d61696e5f6f74686572223b733a363a224f7468657273223b733a31303a226d61696e5f61626f7574223b733a353a2241626f7574223b733a373a227265706f727473223b733a373a225265706f727473223b733a363a226f7264657273223b733a363a224f7264657273223b733a31393a226d61696e5f70617469656e745f7265706f7274223b733a31343a2250617469656e74205265706f7274223b733a32323a226d61696e5f6170706f69746d656e745f7265706f7274223b733a31373a224170706f69746d656e74205265706f7274223b733a31323a226d7970756c73657573657273223b733a31333a224d7950756c7365205573657273223b733a31323a226d61696e5f6163636f756e74223b733a373a224163636f756e74223b733a31323a226d61696e5f636f756e747279223b733a383a22436f756e74727973223b733a31303a226d61696e5f7374617465223b733a363a22537461746573223b733a31333a226d61696e5f6469737472696374223b733a393a22446973747269637473223b733a393a226d61696e5f63697479223b733a353a224369747973223b7d6c6f67696e7c733a313a2231223b6c6f67696e5f757365725f69647c733a313a2231223b6e616d657c733a31313a2253757065722041646d696e223b6c6f67696e5f747970657c733a31303a22737570657261646d696e223b747970655f69647c733a31303a22737570657261646d696e223b),
('4oj7rf2bfi5khi8j7sck9skp7n29elmh', '::1', 1541004787, 0x5f5f63695f6c6173745f726567656e65726174657c693a313534313030343738373b736974655f6c616e677c733a373a22656e676c697368223b6d656e757c613a34383a7b733a31343a226d61696e5f64617368626f617264223b733a393a2244617368626f617264223b733a31343a226d61696e5f686f73706974616c73223b733a393a22486f73706974616c73223b733a31323a226d61696e5f646563746f7273223b733a373a22446f63746f7273223b733a31363a226d61696e5f6465706172746d656e7473223b733a31313a224465706172746d656e7473223b733a31333a226d61696e5f6272616e63686573223b733a383a224272616e63686573223b733a31303a226d61696e5f7761726473223b733a353a225761726473223b733a393a226d61696e5f62656473223b733a343a2242656473223b733a31313a226d61696e5f6e7572736573223b733a363a224e7572736573223b733a31383a226d61696e5f726563657074696f6e69737473223b733a31333a22526563657074696f6e69737473223b733a31333a226d61696e5f70617469656e7473223b733a383a2250617469656e7473223b733a31393a226d61696e5f6d65646963616c5f73746f726573223b733a31343a224d65646963616c2053746f726573223b733a31373a226d61696e5f6d65646963616c5f6c616273223b733a31323a224d65646963616c204c616273223b733a31373a226d61696e5f6170706f696e746d656e7473223b733a31323a224170706f696e746d656e7473223b733a31333a226d61696e5f7061796d656e7473223b733a383a225061796d656e7473223b733a31323a226d61696e5f7265706f727473223b733a373a225265706f727473223b733a31333a226d61696e5f7365727669636573223b733a383a225365727669636573223b733a31343a226d61696e5f616d62756c616e6365223b733a393a22416d62756c616e6365223b733a31343a226d61696e5f626f6f645f62616e6b223b733a31303a22426c6f6f642042616e6b223b733a31343a226d61696e5f696e737572616e6365223b733a393a22496e737572616e6365223b733a31313a226e6f74696365626f617264223b733a31313a224e6f74696365626f617264223b733a31333a226d61696e5f73657474696e6773223b733a383a2253657474696e6773223b733a32313a226d61696e5f67656e6572616c5f73657474696e6773223b733a31363a2247656e6572616c2053657474696e6773223b733a31373a226c616e67756167655f73657474696e6773223b733a31373a224c616e67756167652053657474696e6773223b733a31323a22736d735f73657474696e6773223b733a31323a22534d532053657474696e6773223b733a31353a2273797374656d5f73657474696e6773223b733a31353a2253797374656d2053657474696e6773223b733a32313a226d61696e5f6c6963656e73655f63617465676f7279223b733a31373a224c6963656e73652043617465676f727973223b733a31323a226d61696e5f63686172676573223b733a373a2243686172676573223b733a373a2270726f66696c65223b733a373a2250726f66696c65223b733a363a226c6f676f7574223b733a373a224c6f67206f7574223b733a31343a226368616e676550617373776f7264223b733a31353a224368616e67652050617373776f7264223b733a31313a226170706f69746d656e7473223b733a31313a224170706f69746d656e7473223b733a32383a226d61696e5f6865616c7468696e737572616e636570726f7669646572223b733a32363a224865616c746820496e737572616e63652050726f766964657273223b733a32323a226d61696e5f696e70617469656e745f686973746f7279223b733a31383a22496e2d50617469656e7420486973746f7279223b733a31343a226d61696e5f696e70617469656e74223b733a31313a22496e2d50617469656e7473223b733a31393a226d61696e5f686f73706974616c5f61646d696e223b733a31353a22486f73706974616c2041646d696e73223b733a31373a226d61696e5f617661696c6162696c697479223b733a31323a22417661696c6162696c697479223b733a31303a226d61696e5f6f74686572223b733a363a224f7468657273223b733a31303a226d61696e5f61626f7574223b733a353a2241626f7574223b733a373a227265706f727473223b733a373a225265706f727473223b733a363a226f7264657273223b733a363a224f7264657273223b733a31393a226d61696e5f70617469656e745f7265706f7274223b733a31343a2250617469656e74205265706f7274223b733a32323a226d61696e5f6170706f69746d656e745f7265706f7274223b733a31373a224170706f69746d656e74205265706f7274223b733a31323a226d7970756c73657573657273223b733a31333a224d7950756c7365205573657273223b733a31323a226d61696e5f6163636f756e74223b733a373a224163636f756e74223b733a31323a226d61696e5f636f756e747279223b733a383a22436f756e74727973223b733a31303a226d61696e5f7374617465223b733a363a22537461746573223b733a31333a226d61696e5f6469737472696374223b733a393a22446973747269637473223b733a393a226d61696e5f63697479223b733a353a224369747973223b7d6c6f67696e7c733a313a2231223b6c6f67696e5f757365725f69647c733a313a2231223b6e616d657c733a31313a2253757065722041646d696e223b6c6f67696e5f747970657c733a31303a22737570657261646d696e223b747970655f69647c733a31303a22737570657261646d696e223b6c6173745f706167657c733a34353a22687474703a2f2f6c6f63616c686f73742f6d7970756c73652f6d61696e2f686f73706974616c5f61646d696e73223b6d6573736167657c733a33373a22486f73706974616c2041646d696e20496e666f204164646564205375636365737366756c79223b5f5f63695f766172737c613a313a7b733a373a226d657373616765223b733a333a226f6c64223b7d),
('7b0fh75s09omd09u5vgjihq49sballif', '::1', 1541006090, 0x5f5f63695f6c6173745f726567656e65726174657c693a313534313030363039303b736974655f6c616e677c733a373a22656e676c697368223b6d656e757c613a34383a7b733a31343a226d61696e5f64617368626f617264223b733a393a2244617368626f617264223b733a31343a226d61696e5f686f73706974616c73223b733a393a22486f73706974616c73223b733a31323a226d61696e5f646563746f7273223b733a373a22446f63746f7273223b733a31363a226d61696e5f6465706172746d656e7473223b733a31313a224465706172746d656e7473223b733a31333a226d61696e5f6272616e63686573223b733a383a224272616e63686573223b733a31303a226d61696e5f7761726473223b733a353a225761726473223b733a393a226d61696e5f62656473223b733a343a2242656473223b733a31313a226d61696e5f6e7572736573223b733a363a224e7572736573223b733a31383a226d61696e5f726563657074696f6e69737473223b733a31333a22526563657074696f6e69737473223b733a31333a226d61696e5f70617469656e7473223b733a383a2250617469656e7473223b733a31393a226d61696e5f6d65646963616c5f73746f726573223b733a31343a224d65646963616c2053746f726573223b733a31373a226d61696e5f6d65646963616c5f6c616273223b733a31323a224d65646963616c204c616273223b733a31373a226d61696e5f6170706f696e746d656e7473223b733a31323a224170706f696e746d656e7473223b733a31333a226d61696e5f7061796d656e7473223b733a383a225061796d656e7473223b733a31323a226d61696e5f7265706f727473223b733a373a225265706f727473223b733a31333a226d61696e5f7365727669636573223b733a383a225365727669636573223b733a31343a226d61696e5f616d62756c616e6365223b733a393a22416d62756c616e6365223b733a31343a226d61696e5f626f6f645f62616e6b223b733a31303a22426c6f6f642042616e6b223b733a31343a226d61696e5f696e737572616e6365223b733a393a22496e737572616e6365223b733a31313a226e6f74696365626f617264223b733a31313a224e6f74696365626f617264223b733a31333a226d61696e5f73657474696e6773223b733a383a2253657474696e6773223b733a32313a226d61696e5f67656e6572616c5f73657474696e6773223b733a31363a2247656e6572616c2053657474696e6773223b733a31373a226c616e67756167655f73657474696e6773223b733a31373a224c616e67756167652053657474696e6773223b733a31323a22736d735f73657474696e6773223b733a31323a22534d532053657474696e6773223b733a31353a2273797374656d5f73657474696e6773223b733a31353a2253797374656d2053657474696e6773223b733a32313a226d61696e5f6c6963656e73655f63617465676f7279223b733a31373a224c6963656e73652043617465676f727973223b733a31323a226d61696e5f63686172676573223b733a373a2243686172676573223b733a373a2270726f66696c65223b733a373a2250726f66696c65223b733a363a226c6f676f7574223b733a373a224c6f67206f7574223b733a31343a226368616e676550617373776f7264223b733a31353a224368616e67652050617373776f7264223b733a31313a226170706f69746d656e7473223b733a31313a224170706f69746d656e7473223b733a32383a226d61696e5f6865616c7468696e737572616e636570726f7669646572223b733a32363a224865616c746820496e737572616e63652050726f766964657273223b733a32323a226d61696e5f696e70617469656e745f686973746f7279223b733a31383a22496e2d50617469656e7420486973746f7279223b733a31343a226d61696e5f696e70617469656e74223b733a31313a22496e2d50617469656e7473223b733a31393a226d61696e5f686f73706974616c5f61646d696e223b733a31353a22486f73706974616c2041646d696e73223b733a31373a226d61696e5f617661696c6162696c697479223b733a31323a22417661696c6162696c697479223b733a31303a226d61696e5f6f74686572223b733a363a224f7468657273223b733a31303a226d61696e5f61626f7574223b733a353a2241626f7574223b733a373a227265706f727473223b733a373a225265706f727473223b733a363a226f7264657273223b733a363a224f7264657273223b733a31393a226d61696e5f70617469656e745f7265706f7274223b733a31343a2250617469656e74205265706f7274223b733a32323a226d61696e5f6170706f69746d656e745f7265706f7274223b733a31373a224170706f69746d656e74205265706f7274223b733a31323a226d7970756c73657573657273223b733a31333a224d7950756c7365205573657273223b733a31323a226d61696e5f6163636f756e74223b733a373a224163636f756e74223b733a31323a226d61696e5f636f756e747279223b733a383a22436f756e74727973223b733a31303a226d61696e5f7374617465223b733a363a22537461746573223b733a31333a226d61696e5f6469737472696374223b733a393a22446973747269637473223b733a393a226d61696e5f63697479223b733a353a224369747973223b7d6c6f67696e7c733a313a2231223b6c6f67696e5f757365725f69647c733a313a2231223b6e616d657c733a31313a2253757065722041646d696e223b6c6f67696e5f747970657c733a31303a22737570657261646d696e223b747970655f69647c733a31303a22737570657261646d696e223b6c6173745f706167657c733a33363a22687474703a2f2f6c6f63616c686f73742f6d7970756c73652f6d61696e2f646f63746f72223b6c6173745f70616765317c733a35313a22687474703a2f2f6c6f63616c686f73742f6d7970756c73652f6d61696e2f646f63746f725f617661696c6162696c6974792f31223b6d6573736167657c733a33393a22446f63746f7220417661696c6162696c6974792055706461746564205375636365737366756c79223b5f5f63695f766172737c613a313a7b733a373a226d657373616765223b733a333a226f6c64223b7d),
('bs0t8esfmn4opa78srnp12orfc0mr1cp', '::1', 1541003831, 0x5f5f63695f6c6173745f726567656e65726174657c693a313534313030333833313b736974655f6c616e677c733a373a22656e676c697368223b6d656e757c613a34383a7b733a31343a226d61696e5f64617368626f617264223b733a393a2244617368626f617264223b733a31343a226d61696e5f686f73706974616c73223b733a393a22486f73706974616c73223b733a31323a226d61696e5f646563746f7273223b733a373a22446f63746f7273223b733a31363a226d61696e5f6465706172746d656e7473223b733a31313a224465706172746d656e7473223b733a31333a226d61696e5f6272616e63686573223b733a383a224272616e63686573223b733a31303a226d61696e5f7761726473223b733a353a225761726473223b733a393a226d61696e5f62656473223b733a343a2242656473223b733a31313a226d61696e5f6e7572736573223b733a363a224e7572736573223b733a31383a226d61696e5f726563657074696f6e69737473223b733a31333a22526563657074696f6e69737473223b733a31333a226d61696e5f70617469656e7473223b733a383a2250617469656e7473223b733a31393a226d61696e5f6d65646963616c5f73746f726573223b733a31343a224d65646963616c2053746f726573223b733a31373a226d61696e5f6d65646963616c5f6c616273223b733a31323a224d65646963616c204c616273223b733a31373a226d61696e5f6170706f696e746d656e7473223b733a31323a224170706f696e746d656e7473223b733a31333a226d61696e5f7061796d656e7473223b733a383a225061796d656e7473223b733a31323a226d61696e5f7265706f727473223b733a373a225265706f727473223b733a31333a226d61696e5f7365727669636573223b733a383a225365727669636573223b733a31343a226d61696e5f616d62756c616e6365223b733a393a22416d62756c616e6365223b733a31343a226d61696e5f626f6f645f62616e6b223b733a31303a22426c6f6f642042616e6b223b733a31343a226d61696e5f696e737572616e6365223b733a393a22496e737572616e6365223b733a31313a226e6f74696365626f617264223b733a31313a224e6f74696365626f617264223b733a31333a226d61696e5f73657474696e6773223b733a383a2253657474696e6773223b733a32313a226d61696e5f67656e6572616c5f73657474696e6773223b733a31363a2247656e6572616c2053657474696e6773223b733a31373a226c616e67756167655f73657474696e6773223b733a31373a224c616e67756167652053657474696e6773223b733a31323a22736d735f73657474696e6773223b733a31323a22534d532053657474696e6773223b733a31353a2273797374656d5f73657474696e6773223b733a31353a2253797374656d2053657474696e6773223b733a32313a226d61696e5f6c6963656e73655f63617465676f7279223b733a31373a224c6963656e73652043617465676f727973223b733a31323a226d61696e5f63686172676573223b733a373a2243686172676573223b733a373a2270726f66696c65223b733a373a2250726f66696c65223b733a363a226c6f676f7574223b733a373a224c6f67206f7574223b733a31343a226368616e676550617373776f7264223b733a31353a224368616e67652050617373776f7264223b733a31313a226170706f69746d656e7473223b733a31313a224170706f69746d656e7473223b733a32383a226d61696e5f6865616c7468696e737572616e636570726f7669646572223b733a32363a224865616c746820496e737572616e63652050726f766964657273223b733a32323a226d61696e5f696e70617469656e745f686973746f7279223b733a31383a22496e2d50617469656e7420486973746f7279223b733a31343a226d61696e5f696e70617469656e74223b733a31313a22496e2d50617469656e7473223b733a31393a226d61696e5f686f73706974616c5f61646d696e223b733a31353a22486f73706974616c2041646d696e73223b733a31373a226d61696e5f617661696c6162696c697479223b733a31323a22417661696c6162696c697479223b733a31303a226d61696e5f6f74686572223b733a363a224f7468657273223b733a31303a226d61696e5f61626f7574223b733a353a2241626f7574223b733a373a227265706f727473223b733a373a225265706f727473223b733a363a226f7264657273223b733a363a224f7264657273223b733a31393a226d61696e5f70617469656e745f7265706f7274223b733a31343a2250617469656e74205265706f7274223b733a32323a226d61696e5f6170706f69746d656e745f7265706f7274223b733a31373a224170706f69746d656e74205265706f7274223b733a31323a226d7970756c73657573657273223b733a31333a224d7950756c7365205573657273223b733a31323a226d61696e5f6163636f756e74223b733a373a224163636f756e74223b733a31323a226d61696e5f636f756e747279223b733a383a22436f756e74727973223b733a31303a226d61696e5f7374617465223b733a363a22537461746573223b733a31333a226d61696e5f6469737472696374223b733a393a22446973747269637473223b733a393a226d61696e5f63697479223b733a353a224369747973223b7d6c6f67696e7c733a313a2231223b6c6f67696e5f757365725f69647c733a313a2231223b6e616d657c733a31313a2253757065722041646d696e223b6c6f67696e5f747970657c733a31303a22737570657261646d696e223b747970655f69647c733a31303a22737570657261646d696e223b6c6173745f706167657c733a34393a22687474703a2f2f6c6f63616c686f73742f6d7970756c73652f6d61696e2f6765745f686f73706974616c5f776172642f31223b),
('e1u9cdivav2g1pnb0v2lgcta99ftrqqu', '::1', 1541003509, 0x5f5f63695f6c6173745f726567656e65726174657c693a313534313030333530393b736974655f6c616e677c733a373a22656e676c697368223b6d656e757c613a34383a7b733a31343a226d61696e5f64617368626f617264223b733a393a2244617368626f617264223b733a31343a226d61696e5f686f73706974616c73223b733a393a22486f73706974616c73223b733a31323a226d61696e5f646563746f7273223b733a373a22446f63746f7273223b733a31363a226d61696e5f6465706172746d656e7473223b733a31313a224465706172746d656e7473223b733a31333a226d61696e5f6272616e63686573223b733a383a224272616e63686573223b733a31303a226d61696e5f7761726473223b733a353a225761726473223b733a393a226d61696e5f62656473223b733a343a2242656473223b733a31313a226d61696e5f6e7572736573223b733a363a224e7572736573223b733a31383a226d61696e5f726563657074696f6e69737473223b733a31333a22526563657074696f6e69737473223b733a31333a226d61696e5f70617469656e7473223b733a383a2250617469656e7473223b733a31393a226d61696e5f6d65646963616c5f73746f726573223b733a31343a224d65646963616c2053746f726573223b733a31373a226d61696e5f6d65646963616c5f6c616273223b733a31323a224d65646963616c204c616273223b733a31373a226d61696e5f6170706f696e746d656e7473223b733a31323a224170706f696e746d656e7473223b733a31333a226d61696e5f7061796d656e7473223b733a383a225061796d656e7473223b733a31323a226d61696e5f7265706f727473223b733a373a225265706f727473223b733a31333a226d61696e5f7365727669636573223b733a383a225365727669636573223b733a31343a226d61696e5f616d62756c616e6365223b733a393a22416d62756c616e6365223b733a31343a226d61696e5f626f6f645f62616e6b223b733a31303a22426c6f6f642042616e6b223b733a31343a226d61696e5f696e737572616e6365223b733a393a22496e737572616e6365223b733a31313a226e6f74696365626f617264223b733a31313a224e6f74696365626f617264223b733a31333a226d61696e5f73657474696e6773223b733a383a2253657474696e6773223b733a32313a226d61696e5f67656e6572616c5f73657474696e6773223b733a31363a2247656e6572616c2053657474696e6773223b733a31373a226c616e67756167655f73657474696e6773223b733a31373a224c616e67756167652053657474696e6773223b733a31323a22736d735f73657474696e6773223b733a31323a22534d532053657474696e6773223b733a31353a2273797374656d5f73657474696e6773223b733a31353a2253797374656d2053657474696e6773223b733a32313a226d61696e5f6c6963656e73655f63617465676f7279223b733a31373a224c6963656e73652043617465676f727973223b733a31323a226d61696e5f63686172676573223b733a373a2243686172676573223b733a373a2270726f66696c65223b733a373a2250726f66696c65223b733a363a226c6f676f7574223b733a373a224c6f67206f7574223b733a31343a226368616e676550617373776f7264223b733a31353a224368616e67652050617373776f7264223b733a31313a226170706f69746d656e7473223b733a31313a224170706f69746d656e7473223b733a32383a226d61696e5f6865616c7468696e737572616e636570726f7669646572223b733a32363a224865616c746820496e737572616e63652050726f766964657273223b733a32323a226d61696e5f696e70617469656e745f686973746f7279223b733a31383a22496e2d50617469656e7420486973746f7279223b733a31343a226d61696e5f696e70617469656e74223b733a31313a22496e2d50617469656e7473223b733a31393a226d61696e5f686f73706974616c5f61646d696e223b733a31353a22486f73706974616c2041646d696e73223b733a31373a226d61696e5f617661696c6162696c697479223b733a31323a22417661696c6162696c697479223b733a31303a226d61696e5f6f74686572223b733a363a224f7468657273223b733a31303a226d61696e5f61626f7574223b733a353a2241626f7574223b733a373a227265706f727473223b733a373a225265706f727473223b733a363a226f7264657273223b733a363a224f7264657273223b733a31393a226d61696e5f70617469656e745f7265706f7274223b733a31343a2250617469656e74205265706f7274223b733a32323a226d61696e5f6170706f69746d656e745f7265706f7274223b733a31373a224170706f69746d656e74205265706f7274223b733a31323a226d7970756c73657573657273223b733a31333a224d7950756c7365205573657273223b733a31323a226d61696e5f6163636f756e74223b733a373a224163636f756e74223b733a31323a226d61696e5f636f756e747279223b733a383a22436f756e74727973223b733a31303a226d61696e5f7374617465223b733a363a22537461746573223b733a31333a226d61696e5f6469737472696374223b733a393a22446973747269637473223b733a393a226d61696e5f63697479223b733a353a224369747973223b7d6c6f67696e7c733a313a2231223b6c6f67696e5f757365725f69647c733a313a2231223b6e616d657c733a31313a2253757065722041646d696e223b6c6f67696e5f747970657c733a31303a22737570657261646d696e223b747970655f69647c733a31303a22737570657261646d696e223b6c6173745f706167657c733a33383a22687474703a2f2f6c6f63616c686f73742f6d7970756c73652f6d61696e2f686f73706974616c223b),
('i4ghp4pr2o9immtj21acr9tn0lb5be3v', '::1', 1541009036, 0x5f5f63695f6c6173745f726567656e65726174657c693a313534313030393032393b736974655f6c616e677c733a373a22656e676c697368223b6d656e757c613a34383a7b733a31343a226d61696e5f64617368626f617264223b733a393a2244617368626f617264223b733a31343a226d61696e5f686f73706974616c73223b733a393a22486f73706974616c73223b733a31323a226d61696e5f646563746f7273223b733a373a22446f63746f7273223b733a31363a226d61696e5f6465706172746d656e7473223b733a31313a224465706172746d656e7473223b733a31333a226d61696e5f6272616e63686573223b733a383a224272616e63686573223b733a31303a226d61696e5f7761726473223b733a353a225761726473223b733a393a226d61696e5f62656473223b733a343a2242656473223b733a31313a226d61696e5f6e7572736573223b733a363a224e7572736573223b733a31383a226d61696e5f726563657074696f6e69737473223b733a31333a22526563657074696f6e69737473223b733a31333a226d61696e5f70617469656e7473223b733a383a2250617469656e7473223b733a31393a226d61696e5f6d65646963616c5f73746f726573223b733a31343a224d65646963616c2053746f726573223b733a31373a226d61696e5f6d65646963616c5f6c616273223b733a31323a224d65646963616c204c616273223b733a31373a226d61696e5f6170706f696e746d656e7473223b733a31323a224170706f696e746d656e7473223b733a31333a226d61696e5f7061796d656e7473223b733a383a225061796d656e7473223b733a31323a226d61696e5f7265706f727473223b733a373a225265706f727473223b733a31333a226d61696e5f7365727669636573223b733a383a225365727669636573223b733a31343a226d61696e5f616d62756c616e6365223b733a393a22416d62756c616e6365223b733a31343a226d61696e5f626f6f645f62616e6b223b733a31303a22426c6f6f642042616e6b223b733a31343a226d61696e5f696e737572616e6365223b733a393a22496e737572616e6365223b733a31313a226e6f74696365626f617264223b733a31313a224e6f74696365626f617264223b733a31333a226d61696e5f73657474696e6773223b733a383a2253657474696e6773223b733a32313a226d61696e5f67656e6572616c5f73657474696e6773223b733a31363a2247656e6572616c2053657474696e6773223b733a31373a226c616e67756167655f73657474696e6773223b733a31373a224c616e67756167652053657474696e6773223b733a31323a22736d735f73657474696e6773223b733a31323a22534d532053657474696e6773223b733a31353a2273797374656d5f73657474696e6773223b733a31353a2253797374656d2053657474696e6773223b733a32313a226d61696e5f6c6963656e73655f63617465676f7279223b733a31373a224c6963656e73652043617465676f727973223b733a31323a226d61696e5f63686172676573223b733a373a2243686172676573223b733a373a2270726f66696c65223b733a373a2250726f66696c65223b733a363a226c6f676f7574223b733a373a224c6f67206f7574223b733a31343a226368616e676550617373776f7264223b733a31353a224368616e67652050617373776f7264223b733a31313a226170706f69746d656e7473223b733a31313a224170706f69746d656e7473223b733a32383a226d61696e5f6865616c7468696e737572616e636570726f7669646572223b733a32363a224865616c746820496e737572616e63652050726f766964657273223b733a32323a226d61696e5f696e70617469656e745f686973746f7279223b733a31383a22496e2d50617469656e7420486973746f7279223b733a31343a226d61696e5f696e70617469656e74223b733a31313a22496e2d50617469656e7473223b733a31393a226d61696e5f686f73706974616c5f61646d696e223b733a31353a22486f73706974616c2041646d696e73223b733a31373a226d61696e5f617661696c6162696c697479223b733a31323a22417661696c6162696c697479223b733a31303a226d61696e5f6f74686572223b733a363a224f7468657273223b733a31303a226d61696e5f61626f7574223b733a353a2241626f7574223b733a373a227265706f727473223b733a373a225265706f727473223b733a363a226f7264657273223b733a363a224f7264657273223b733a31393a226d61696e5f70617469656e745f7265706f7274223b733a31343a2250617469656e74205265706f7274223b733a32323a226d61696e5f6170706f69746d656e745f7265706f7274223b733a31373a224170706f69746d656e74205265706f7274223b733a31323a226d7970756c73657573657273223b733a31333a224d7950756c7365205573657273223b733a31323a226d61696e5f6163636f756e74223b733a373a224163636f756e74223b733a31323a226d61696e5f636f756e747279223b733a383a22436f756e74727973223b733a31303a226d61696e5f7374617465223b733a363a22537461746573223b733a31333a226d61696e5f6469737472696374223b733a393a22446973747269637473223b733a393a226d61696e5f63697479223b733a353a224369747973223b7d6c6f67696e7c733a313a2231223b6c6f67696e5f757365725f69647c733a313a2231223b6e616d657c733a343a224d4c2031223b686f73706974616c5f69647c733a313a2231223b6c6f67696e5f747970657c733a31313a226d65646963616c6c616273223b747970655f69647c733a333a226c6162223b),
('j6qdvk9vqup87r13v329uucoomffda01', '::1', 1541002746, 0x5f5f63695f6c6173745f726567656e65726174657c693a313534313030323734363b736974655f6c616e677c733a373a22656e676c697368223b6d656e757c613a34383a7b733a31343a226d61696e5f64617368626f617264223b733a393a2244617368626f617264223b733a31343a226d61696e5f686f73706974616c73223b733a393a22486f73706974616c73223b733a31323a226d61696e5f646563746f7273223b733a373a22446f63746f7273223b733a31363a226d61696e5f6465706172746d656e7473223b733a31313a224465706172746d656e7473223b733a31333a226d61696e5f6272616e63686573223b733a383a224272616e63686573223b733a31303a226d61696e5f7761726473223b733a353a225761726473223b733a393a226d61696e5f62656473223b733a343a2242656473223b733a31313a226d61696e5f6e7572736573223b733a363a224e7572736573223b733a31383a226d61696e5f726563657074696f6e69737473223b733a31333a22526563657074696f6e69737473223b733a31333a226d61696e5f70617469656e7473223b733a383a2250617469656e7473223b733a31393a226d61696e5f6d65646963616c5f73746f726573223b733a31343a224d65646963616c2053746f726573223b733a31373a226d61696e5f6d65646963616c5f6c616273223b733a31323a224d65646963616c204c616273223b733a31373a226d61696e5f6170706f696e746d656e7473223b733a31323a224170706f696e746d656e7473223b733a31333a226d61696e5f7061796d656e7473223b733a383a225061796d656e7473223b733a31323a226d61696e5f7265706f727473223b733a373a225265706f727473223b733a31333a226d61696e5f7365727669636573223b733a383a225365727669636573223b733a31343a226d61696e5f616d62756c616e6365223b733a393a22416d62756c616e6365223b733a31343a226d61696e5f626f6f645f62616e6b223b733a31303a22426c6f6f642042616e6b223b733a31343a226d61696e5f696e737572616e6365223b733a393a22496e737572616e6365223b733a31313a226e6f74696365626f617264223b733a31313a224e6f74696365626f617264223b733a31333a226d61696e5f73657474696e6773223b733a383a2253657474696e6773223b733a32313a226d61696e5f67656e6572616c5f73657474696e6773223b733a31363a2247656e6572616c2053657474696e6773223b733a31373a226c616e67756167655f73657474696e6773223b733a31373a224c616e67756167652053657474696e6773223b733a31323a22736d735f73657474696e6773223b733a31323a22534d532053657474696e6773223b733a31353a2273797374656d5f73657474696e6773223b733a31353a2253797374656d2053657474696e6773223b733a32313a226d61696e5f6c6963656e73655f63617465676f7279223b733a31373a224c6963656e73652043617465676f727973223b733a31323a226d61696e5f63686172676573223b733a373a2243686172676573223b733a373a2270726f66696c65223b733a373a2250726f66696c65223b733a363a226c6f676f7574223b733a373a224c6f67206f7574223b733a31343a226368616e676550617373776f7264223b733a31353a224368616e67652050617373776f7264223b733a31313a226170706f69746d656e7473223b733a31313a224170706f69746d656e7473223b733a32383a226d61696e5f6865616c7468696e737572616e636570726f7669646572223b733a32363a224865616c746820496e737572616e63652050726f766964657273223b733a32323a226d61696e5f696e70617469656e745f686973746f7279223b733a31383a22496e2d50617469656e7420486973746f7279223b733a31343a226d61696e5f696e70617469656e74223b733a31313a22496e2d50617469656e7473223b733a31393a226d61696e5f686f73706974616c5f61646d696e223b733a31353a22486f73706974616c2041646d696e73223b733a31373a226d61696e5f617661696c6162696c697479223b733a31323a22417661696c6162696c697479223b733a31303a226d61696e5f6f74686572223b733a363a224f7468657273223b733a31303a226d61696e5f61626f7574223b733a353a2241626f7574223b733a373a227265706f727473223b733a373a225265706f727473223b733a363a226f7264657273223b733a363a224f7264657273223b733a31393a226d61696e5f70617469656e745f7265706f7274223b733a31343a2250617469656e74205265706f7274223b733a32323a226d61696e5f6170706f69746d656e745f7265706f7274223b733a31373a224170706f69746d656e74205265706f7274223b733a31323a226d7970756c73657573657273223b733a31333a224d7950756c7365205573657273223b733a31323a226d61696e5f6163636f756e74223b733a373a224163636f756e74223b733a31323a226d61696e5f636f756e747279223b733a383a22436f756e74727973223b733a31303a226d61696e5f7374617465223b733a363a22537461746573223b733a31333a226d61696e5f6469737472696374223b733a393a22446973747269637473223b733a393a226d61696e5f63697479223b733a353a224369747973223b7d6c6f67696e7c733a313a2231223b6c6f67696e5f757365725f69647c733a313a2231223b6e616d657c733a31313a2253757065722041646d696e223b6c6f67696e5f747970657c733a31303a22737570657261646d696e223b747970655f69647c733a31303a22737570657261646d696e223b),
('lhdp1gr4pm4bkquqo8r8evepuqnt1v9n', '::1', 1541006823, 0x5f5f63695f6c6173745f726567656e65726174657c693a313534313030363832333b736974655f6c616e677c733a373a22656e676c697368223b6d656e757c613a34383a7b733a31343a226d61696e5f64617368626f617264223b733a393a2244617368626f617264223b733a31343a226d61696e5f686f73706974616c73223b733a393a22486f73706974616c73223b733a31323a226d61696e5f646563746f7273223b733a373a22446f63746f7273223b733a31363a226d61696e5f6465706172746d656e7473223b733a31313a224465706172746d656e7473223b733a31333a226d61696e5f6272616e63686573223b733a383a224272616e63686573223b733a31303a226d61696e5f7761726473223b733a353a225761726473223b733a393a226d61696e5f62656473223b733a343a2242656473223b733a31313a226d61696e5f6e7572736573223b733a363a224e7572736573223b733a31383a226d61696e5f726563657074696f6e69737473223b733a31333a22526563657074696f6e69737473223b733a31333a226d61696e5f70617469656e7473223b733a383a2250617469656e7473223b733a31393a226d61696e5f6d65646963616c5f73746f726573223b733a31343a224d65646963616c2053746f726573223b733a31373a226d61696e5f6d65646963616c5f6c616273223b733a31323a224d65646963616c204c616273223b733a31373a226d61696e5f6170706f696e746d656e7473223b733a31323a224170706f696e746d656e7473223b733a31333a226d61696e5f7061796d656e7473223b733a383a225061796d656e7473223b733a31323a226d61696e5f7265706f727473223b733a373a225265706f727473223b733a31333a226d61696e5f7365727669636573223b733a383a225365727669636573223b733a31343a226d61696e5f616d62756c616e6365223b733a393a22416d62756c616e6365223b733a31343a226d61696e5f626f6f645f62616e6b223b733a31303a22426c6f6f642042616e6b223b733a31343a226d61696e5f696e737572616e6365223b733a393a22496e737572616e6365223b733a31313a226e6f74696365626f617264223b733a31313a224e6f74696365626f617264223b733a31333a226d61696e5f73657474696e6773223b733a383a2253657474696e6773223b733a32313a226d61696e5f67656e6572616c5f73657474696e6773223b733a31363a2247656e6572616c2053657474696e6773223b733a31373a226c616e67756167655f73657474696e6773223b733a31373a224c616e67756167652053657474696e6773223b733a31323a22736d735f73657474696e6773223b733a31323a22534d532053657474696e6773223b733a31353a2273797374656d5f73657474696e6773223b733a31353a2253797374656d2053657474696e6773223b733a32313a226d61696e5f6c6963656e73655f63617465676f7279223b733a31373a224c6963656e73652043617465676f727973223b733a31323a226d61696e5f63686172676573223b733a373a2243686172676573223b733a373a2270726f66696c65223b733a373a2250726f66696c65223b733a363a226c6f676f7574223b733a373a224c6f67206f7574223b733a31343a226368616e676550617373776f7264223b733a31353a224368616e67652050617373776f7264223b733a31313a226170706f69746d656e7473223b733a31313a224170706f69746d656e7473223b733a32383a226d61696e5f6865616c7468696e737572616e636570726f7669646572223b733a32363a224865616c746820496e737572616e63652050726f766964657273223b733a32323a226d61696e5f696e70617469656e745f686973746f7279223b733a31383a22496e2d50617469656e7420486973746f7279223b733a31343a226d61696e5f696e70617469656e74223b733a31313a22496e2d50617469656e7473223b733a31393a226d61696e5f686f73706974616c5f61646d696e223b733a31353a22486f73706974616c2041646d696e73223b733a31373a226d61696e5f617661696c6162696c697479223b733a31323a22417661696c6162696c697479223b733a31303a226d61696e5f6f74686572223b733a363a224f7468657273223b733a31303a226d61696e5f61626f7574223b733a353a2241626f7574223b733a373a227265706f727473223b733a373a225265706f727473223b733a363a226f7264657273223b733a363a224f7264657273223b733a31393a226d61696e5f70617469656e745f7265706f7274223b733a31343a2250617469656e74205265706f7274223b733a32323a226d61696e5f6170706f69746d656e745f7265706f7274223b733a31373a224170706f69746d656e74205265706f7274223b733a31323a226d7970756c73657573657273223b733a31333a224d7950756c7365205573657273223b733a31323a226d61696e5f6163636f756e74223b733a373a224163636f756e74223b733a31323a226d61696e5f636f756e747279223b733a383a22436f756e74727973223b733a31303a226d61696e5f7374617465223b733a363a22537461746573223b733a31333a226d61696e5f6469737472696374223b733a393a22446973747269637473223b733a393a226d61696e5f63697479223b733a353a224369747973223b7d6c6f67696e7c733a313a2231223b6c6f67696e5f757365725f69647c733a313a2231223b6e616d657c733a31313a2253757065722041646d696e223b6c6f67696e5f747970657c733a31303a22737570657261646d696e223b747970655f69647c733a31303a22737570657261646d696e223b6c6173745f706167657c733a33363a22687474703a2f2f6c6f63616c686f73742f6d7970756c73652f6d61696e2f646f63746f72223b6c6173745f70616765317c733a35313a22687474703a2f2f6c6f63616c686f73742f6d7970756c73652f6d61696e2f646f63746f725f617661696c6162696c6974792f33223b),
('mkq63bff13jp6q4fknthgrri098oaa2q', '::1', 1541006492, 0x5f5f63695f6c6173745f726567656e65726174657c693a313534313030363439323b736974655f6c616e677c733a373a22656e676c697368223b6d656e757c613a34383a7b733a31343a226d61696e5f64617368626f617264223b733a393a2244617368626f617264223b733a31343a226d61696e5f686f73706974616c73223b733a393a22486f73706974616c73223b733a31323a226d61696e5f646563746f7273223b733a373a22446f63746f7273223b733a31363a226d61696e5f6465706172746d656e7473223b733a31313a224465706172746d656e7473223b733a31333a226d61696e5f6272616e63686573223b733a383a224272616e63686573223b733a31303a226d61696e5f7761726473223b733a353a225761726473223b733a393a226d61696e5f62656473223b733a343a2242656473223b733a31313a226d61696e5f6e7572736573223b733a363a224e7572736573223b733a31383a226d61696e5f726563657074696f6e69737473223b733a31333a22526563657074696f6e69737473223b733a31333a226d61696e5f70617469656e7473223b733a383a2250617469656e7473223b733a31393a226d61696e5f6d65646963616c5f73746f726573223b733a31343a224d65646963616c2053746f726573223b733a31373a226d61696e5f6d65646963616c5f6c616273223b733a31323a224d65646963616c204c616273223b733a31373a226d61696e5f6170706f696e746d656e7473223b733a31323a224170706f696e746d656e7473223b733a31333a226d61696e5f7061796d656e7473223b733a383a225061796d656e7473223b733a31323a226d61696e5f7265706f727473223b733a373a225265706f727473223b733a31333a226d61696e5f7365727669636573223b733a383a225365727669636573223b733a31343a226d61696e5f616d62756c616e6365223b733a393a22416d62756c616e6365223b733a31343a226d61696e5f626f6f645f62616e6b223b733a31303a22426c6f6f642042616e6b223b733a31343a226d61696e5f696e737572616e6365223b733a393a22496e737572616e6365223b733a31313a226e6f74696365626f617264223b733a31313a224e6f74696365626f617264223b733a31333a226d61696e5f73657474696e6773223b733a383a2253657474696e6773223b733a32313a226d61696e5f67656e6572616c5f73657474696e6773223b733a31363a2247656e6572616c2053657474696e6773223b733a31373a226c616e67756167655f73657474696e6773223b733a31373a224c616e67756167652053657474696e6773223b733a31323a22736d735f73657474696e6773223b733a31323a22534d532053657474696e6773223b733a31353a2273797374656d5f73657474696e6773223b733a31353a2253797374656d2053657474696e6773223b733a32313a226d61696e5f6c6963656e73655f63617465676f7279223b733a31373a224c6963656e73652043617465676f727973223b733a31323a226d61696e5f63686172676573223b733a373a2243686172676573223b733a373a2270726f66696c65223b733a373a2250726f66696c65223b733a363a226c6f676f7574223b733a373a224c6f67206f7574223b733a31343a226368616e676550617373776f7264223b733a31353a224368616e67652050617373776f7264223b733a31313a226170706f69746d656e7473223b733a31313a224170706f69746d656e7473223b733a32383a226d61696e5f6865616c7468696e737572616e636570726f7669646572223b733a32363a224865616c746820496e737572616e63652050726f766964657273223b733a32323a226d61696e5f696e70617469656e745f686973746f7279223b733a31383a22496e2d50617469656e7420486973746f7279223b733a31343a226d61696e5f696e70617469656e74223b733a31313a22496e2d50617469656e7473223b733a31393a226d61696e5f686f73706974616c5f61646d696e223b733a31353a22486f73706974616c2041646d696e73223b733a31373a226d61696e5f617661696c6162696c697479223b733a31323a22417661696c6162696c697479223b733a31303a226d61696e5f6f74686572223b733a363a224f7468657273223b733a31303a226d61696e5f61626f7574223b733a353a2241626f7574223b733a373a227265706f727473223b733a373a225265706f727473223b733a363a226f7264657273223b733a363a224f7264657273223b733a31393a226d61696e5f70617469656e745f7265706f7274223b733a31343a2250617469656e74205265706f7274223b733a32323a226d61696e5f6170706f69746d656e745f7265706f7274223b733a31373a224170706f69746d656e74205265706f7274223b733a31323a226d7970756c73657573657273223b733a31333a224d7950756c7365205573657273223b733a31323a226d61696e5f6163636f756e74223b733a373a224163636f756e74223b733a31323a226d61696e5f636f756e747279223b733a383a22436f756e74727973223b733a31303a226d61696e5f7374617465223b733a363a22537461746573223b733a31333a226d61696e5f6469737472696374223b733a393a22446973747269637473223b733a393a226d61696e5f63697479223b733a353a224369747973223b7d6c6f67696e7c733a313a2231223b6c6f67696e5f757365725f69647c733a313a2231223b6e616d657c733a31313a2253757065722041646d696e223b6c6f67696e5f747970657c733a31303a22737570657261646d696e223b747970655f69647c733a31303a22737570657261646d696e223b6c6173745f706167657c733a33363a22687474703a2f2f6c6f63616c686f73742f6d7970756c73652f6d61696e2f646f63746f72223b6c6173745f70616765317c733a35313a22687474703a2f2f6c6f63616c686f73742f6d7970756c73652f6d61696e2f646f63746f725f617661696c6162696c6974792f31223b),
('mvtdpottemhi1vdc0lort6djslpfcg76', '::1', 1541005610, 0x5f5f63695f6c6173745f726567656e65726174657c693a313534313030353631303b736974655f6c616e677c733a373a22656e676c697368223b6d656e757c613a34383a7b733a31343a226d61696e5f64617368626f617264223b733a393a2244617368626f617264223b733a31343a226d61696e5f686f73706974616c73223b733a393a22486f73706974616c73223b733a31323a226d61696e5f646563746f7273223b733a373a22446f63746f7273223b733a31363a226d61696e5f6465706172746d656e7473223b733a31313a224465706172746d656e7473223b733a31333a226d61696e5f6272616e63686573223b733a383a224272616e63686573223b733a31303a226d61696e5f7761726473223b733a353a225761726473223b733a393a226d61696e5f62656473223b733a343a2242656473223b733a31313a226d61696e5f6e7572736573223b733a363a224e7572736573223b733a31383a226d61696e5f726563657074696f6e69737473223b733a31333a22526563657074696f6e69737473223b733a31333a226d61696e5f70617469656e7473223b733a383a2250617469656e7473223b733a31393a226d61696e5f6d65646963616c5f73746f726573223b733a31343a224d65646963616c2053746f726573223b733a31373a226d61696e5f6d65646963616c5f6c616273223b733a31323a224d65646963616c204c616273223b733a31373a226d61696e5f6170706f696e746d656e7473223b733a31323a224170706f696e746d656e7473223b733a31333a226d61696e5f7061796d656e7473223b733a383a225061796d656e7473223b733a31323a226d61696e5f7265706f727473223b733a373a225265706f727473223b733a31333a226d61696e5f7365727669636573223b733a383a225365727669636573223b733a31343a226d61696e5f616d62756c616e6365223b733a393a22416d62756c616e6365223b733a31343a226d61696e5f626f6f645f62616e6b223b733a31303a22426c6f6f642042616e6b223b733a31343a226d61696e5f696e737572616e6365223b733a393a22496e737572616e6365223b733a31313a226e6f74696365626f617264223b733a31313a224e6f74696365626f617264223b733a31333a226d61696e5f73657474696e6773223b733a383a2253657474696e6773223b733a32313a226d61696e5f67656e6572616c5f73657474696e6773223b733a31363a2247656e6572616c2053657474696e6773223b733a31373a226c616e67756167655f73657474696e6773223b733a31373a224c616e67756167652053657474696e6773223b733a31323a22736d735f73657474696e6773223b733a31323a22534d532053657474696e6773223b733a31353a2273797374656d5f73657474696e6773223b733a31353a2253797374656d2053657474696e6773223b733a32313a226d61696e5f6c6963656e73655f63617465676f7279223b733a31373a224c6963656e73652043617465676f727973223b733a31323a226d61696e5f63686172676573223b733a373a2243686172676573223b733a373a2270726f66696c65223b733a373a2250726f66696c65223b733a363a226c6f676f7574223b733a373a224c6f67206f7574223b733a31343a226368616e676550617373776f7264223b733a31353a224368616e67652050617373776f7264223b733a31313a226170706f69746d656e7473223b733a31313a224170706f69746d656e7473223b733a32383a226d61696e5f6865616c7468696e737572616e636570726f7669646572223b733a32363a224865616c746820496e737572616e63652050726f766964657273223b733a32323a226d61696e5f696e70617469656e745f686973746f7279223b733a31383a22496e2d50617469656e7420486973746f7279223b733a31343a226d61696e5f696e70617469656e74223b733a31313a22496e2d50617469656e7473223b733a31393a226d61696e5f686f73706974616c5f61646d696e223b733a31353a22486f73706974616c2041646d696e73223b733a31373a226d61696e5f617661696c6162696c697479223b733a31323a22417661696c6162696c697479223b733a31303a226d61696e5f6f74686572223b733a363a224f7468657273223b733a31303a226d61696e5f61626f7574223b733a353a2241626f7574223b733a373a227265706f727473223b733a373a225265706f727473223b733a363a226f7264657273223b733a363a224f7264657273223b733a31393a226d61696e5f70617469656e745f7265706f7274223b733a31343a2250617469656e74205265706f7274223b733a32323a226d61696e5f6170706f69746d656e745f7265706f7274223b733a31373a224170706f69746d656e74205265706f7274223b733a31323a226d7970756c73657573657273223b733a31333a224d7950756c7365205573657273223b733a31323a226d61696e5f6163636f756e74223b733a373a224163636f756e74223b733a31323a226d61696e5f636f756e747279223b733a383a22436f756e74727973223b733a31303a226d61696e5f7374617465223b733a363a22537461746573223b733a31333a226d61696e5f6469737472696374223b733a393a22446973747269637473223b733a393a226d61696e5f63697479223b733a353a224369747973223b7d6c6f67696e7c733a313a2231223b6c6f67696e5f757365725f69647c733a313a2231223b6e616d657c733a31313a2253757065722041646d696e223b6c6f67696e5f747970657c733a31303a22737570657261646d696e223b747970655f69647c733a31303a22737570657261646d696e223b6c6173745f706167657c733a33363a22687474703a2f2f6c6f63616c686f73742f6d7970756c73652f6d61696e2f646f63746f72223b6c6173745f70616765317c733a35313a22687474703a2f2f6c6f63616c686f73742f6d7970756c73652f6d61696e2f646f63746f725f617661696c6162696c6974792f31223b);
INSERT INTO `ci_sessions` (`id`, `ip_address`, `timestamp`, `data`) VALUES
('n7frl86eoegc3h8not2oq1qoagp1rhei', '::1', 1541004485, 0x5f5f63695f6c6173745f726567656e65726174657c693a313534313030343438353b736974655f6c616e677c733a373a22656e676c697368223b6d656e757c613a34383a7b733a31343a226d61696e5f64617368626f617264223b733a393a2244617368626f617264223b733a31343a226d61696e5f686f73706974616c73223b733a393a22486f73706974616c73223b733a31323a226d61696e5f646563746f7273223b733a373a22446f63746f7273223b733a31363a226d61696e5f6465706172746d656e7473223b733a31313a224465706172746d656e7473223b733a31333a226d61696e5f6272616e63686573223b733a383a224272616e63686573223b733a31303a226d61696e5f7761726473223b733a353a225761726473223b733a393a226d61696e5f62656473223b733a343a2242656473223b733a31313a226d61696e5f6e7572736573223b733a363a224e7572736573223b733a31383a226d61696e5f726563657074696f6e69737473223b733a31333a22526563657074696f6e69737473223b733a31333a226d61696e5f70617469656e7473223b733a383a2250617469656e7473223b733a31393a226d61696e5f6d65646963616c5f73746f726573223b733a31343a224d65646963616c2053746f726573223b733a31373a226d61696e5f6d65646963616c5f6c616273223b733a31323a224d65646963616c204c616273223b733a31373a226d61696e5f6170706f696e746d656e7473223b733a31323a224170706f696e746d656e7473223b733a31333a226d61696e5f7061796d656e7473223b733a383a225061796d656e7473223b733a31323a226d61696e5f7265706f727473223b733a373a225265706f727473223b733a31333a226d61696e5f7365727669636573223b733a383a225365727669636573223b733a31343a226d61696e5f616d62756c616e6365223b733a393a22416d62756c616e6365223b733a31343a226d61696e5f626f6f645f62616e6b223b733a31303a22426c6f6f642042616e6b223b733a31343a226d61696e5f696e737572616e6365223b733a393a22496e737572616e6365223b733a31313a226e6f74696365626f617264223b733a31313a224e6f74696365626f617264223b733a31333a226d61696e5f73657474696e6773223b733a383a2253657474696e6773223b733a32313a226d61696e5f67656e6572616c5f73657474696e6773223b733a31363a2247656e6572616c2053657474696e6773223b733a31373a226c616e67756167655f73657474696e6773223b733a31373a224c616e67756167652053657474696e6773223b733a31323a22736d735f73657474696e6773223b733a31323a22534d532053657474696e6773223b733a31353a2273797374656d5f73657474696e6773223b733a31353a2253797374656d2053657474696e6773223b733a32313a226d61696e5f6c6963656e73655f63617465676f7279223b733a31373a224c6963656e73652043617465676f727973223b733a31323a226d61696e5f63686172676573223b733a373a2243686172676573223b733a373a2270726f66696c65223b733a373a2250726f66696c65223b733a363a226c6f676f7574223b733a373a224c6f67206f7574223b733a31343a226368616e676550617373776f7264223b733a31353a224368616e67652050617373776f7264223b733a31313a226170706f69746d656e7473223b733a31313a224170706f69746d656e7473223b733a32383a226d61696e5f6865616c7468696e737572616e636570726f7669646572223b733a32363a224865616c746820496e737572616e63652050726f766964657273223b733a32323a226d61696e5f696e70617469656e745f686973746f7279223b733a31383a22496e2d50617469656e7420486973746f7279223b733a31343a226d61696e5f696e70617469656e74223b733a31313a22496e2d50617469656e7473223b733a31393a226d61696e5f686f73706974616c5f61646d696e223b733a31353a22486f73706974616c2041646d696e73223b733a31373a226d61696e5f617661696c6162696c697479223b733a31323a22417661696c6162696c697479223b733a31303a226d61696e5f6f74686572223b733a363a224f7468657273223b733a31303a226d61696e5f61626f7574223b733a353a2241626f7574223b733a373a227265706f727473223b733a373a225265706f727473223b733a363a226f7264657273223b733a363a224f7264657273223b733a31393a226d61696e5f70617469656e745f7265706f7274223b733a31343a2250617469656e74205265706f7274223b733a32323a226d61696e5f6170706f69746d656e745f7265706f7274223b733a31373a224170706f69746d656e74205265706f7274223b733a31323a226d7970756c73657573657273223b733a31333a224d7950756c7365205573657273223b733a31323a226d61696e5f6163636f756e74223b733a373a224163636f756e74223b733a31323a226d61696e5f636f756e747279223b733a383a22436f756e74727973223b733a31303a226d61696e5f7374617465223b733a363a22537461746573223b733a31333a226d61696e5f6469737472696374223b733a393a22446973747269637473223b733a393a226d61696e5f63697479223b733a353a224369747973223b7d6c6f67696e7c733a313a2231223b6c6f67696e5f757365725f69647c733a313a2231223b6e616d657c733a31313a2253757065722041646d696e223b6c6f67696e5f747970657c733a31303a22737570657261646d696e223b747970655f69647c733a31303a22737570657261646d696e223b6c6173745f706167657c733a34393a22687474703a2f2f6c6f63616c686f73742f6d7970756c73652f6d61696e2f6765745f686f73706974616c5f776172642f33223b6d6573736167657c733a32373a225761726420496e666f205361766564205375636365737366756c79223b5f5f63695f766172737c613a313a7b733a373a226d657373616765223b733a333a226f6c64223b7d),
('omvks3u81kj5pcfs4qdr8dllalopdtnc', '::1', 1541001877, 0x5f5f63695f6c6173745f726567656e65726174657c693a313534313030313837373b736974655f6c616e677c733a373a22656e676c697368223b6d656e757c613a34383a7b733a31343a226d61696e5f64617368626f617264223b733a393a2244617368626f617264223b733a31343a226d61696e5f686f73706974616c73223b733a393a22486f73706974616c73223b733a31323a226d61696e5f646563746f7273223b733a373a22446f63746f7273223b733a31363a226d61696e5f6465706172746d656e7473223b733a31313a224465706172746d656e7473223b733a31333a226d61696e5f6272616e63686573223b733a383a224272616e63686573223b733a31303a226d61696e5f7761726473223b733a353a225761726473223b733a393a226d61696e5f62656473223b733a343a2242656473223b733a31313a226d61696e5f6e7572736573223b733a363a224e7572736573223b733a31383a226d61696e5f726563657074696f6e69737473223b733a31333a22526563657074696f6e69737473223b733a31333a226d61696e5f70617469656e7473223b733a383a2250617469656e7473223b733a31393a226d61696e5f6d65646963616c5f73746f726573223b733a31343a224d65646963616c2053746f726573223b733a31373a226d61696e5f6d65646963616c5f6c616273223b733a31323a224d65646963616c204c616273223b733a31373a226d61696e5f6170706f696e746d656e7473223b733a31323a224170706f696e746d656e7473223b733a31333a226d61696e5f7061796d656e7473223b733a383a225061796d656e7473223b733a31323a226d61696e5f7265706f727473223b733a373a225265706f727473223b733a31333a226d61696e5f7365727669636573223b733a383a225365727669636573223b733a31343a226d61696e5f616d62756c616e6365223b733a393a22416d62756c616e6365223b733a31343a226d61696e5f626f6f645f62616e6b223b733a31303a22426c6f6f642042616e6b223b733a31343a226d61696e5f696e737572616e6365223b733a393a22496e737572616e6365223b733a31313a226e6f74696365626f617264223b733a31313a224e6f74696365626f617264223b733a31333a226d61696e5f73657474696e6773223b733a383a2253657474696e6773223b733a32313a226d61696e5f67656e6572616c5f73657474696e6773223b733a31363a2247656e6572616c2053657474696e6773223b733a31373a226c616e67756167655f73657474696e6773223b733a31373a224c616e67756167652053657474696e6773223b733a31323a22736d735f73657474696e6773223b733a31323a22534d532053657474696e6773223b733a31353a2273797374656d5f73657474696e6773223b733a31353a2253797374656d2053657474696e6773223b733a32313a226d61696e5f6c6963656e73655f63617465676f7279223b733a31373a224c6963656e73652043617465676f727973223b733a31323a226d61696e5f63686172676573223b733a373a2243686172676573223b733a373a2270726f66696c65223b733a373a2250726f66696c65223b733a363a226c6f676f7574223b733a373a224c6f67206f7574223b733a31343a226368616e676550617373776f7264223b733a31353a224368616e67652050617373776f7264223b733a31313a226170706f69746d656e7473223b733a31313a224170706f69746d656e7473223b733a32383a226d61696e5f6865616c7468696e737572616e636570726f7669646572223b733a32363a224865616c746820496e737572616e63652050726f766964657273223b733a32323a226d61696e5f696e70617469656e745f686973746f7279223b733a31383a22496e2d50617469656e7420486973746f7279223b733a31343a226d61696e5f696e70617469656e74223b733a31313a22496e2d50617469656e7473223b733a31393a226d61696e5f686f73706974616c5f61646d696e223b733a31353a22486f73706974616c2041646d696e73223b733a31373a226d61696e5f617661696c6162696c697479223b733a31323a22417661696c6162696c697479223b733a31303a226d61696e5f6f74686572223b733a363a224f7468657273223b733a31303a226d61696e5f61626f7574223b733a353a2241626f7574223b733a373a227265706f727473223b733a373a225265706f727473223b733a363a226f7264657273223b733a363a224f7264657273223b733a31393a226d61696e5f70617469656e745f7265706f7274223b733a31343a2250617469656e74205265706f7274223b733a32323a226d61696e5f6170706f69746d656e745f7265706f7274223b733a31373a224170706f69746d656e74205265706f7274223b733a31323a226d7970756c73657573657273223b733a31333a224d7950756c7365205573657273223b733a31323a226d61696e5f6163636f756e74223b733a373a224163636f756e74223b733a31323a226d61696e5f636f756e747279223b733a383a22436f756e74727973223b733a31303a226d61696e5f7374617465223b733a363a22537461746573223b733a31333a226d61696e5f6469737472696374223b733a393a22446973747269637473223b733a393a226d61696e5f63697479223b733a353a224369747973223b7d6c6f67696e7c733a313a2231223b6c6f67696e5f757365725f69647c733a313a2231223b6e616d657c733a31313a2253757065722041646d696e223b6c6f67696e5f747970657c733a31303a22737570657261646d696e223b747970655f69647c733a31303a22737570657261646d696e223b),
('opbtpg3ahl4nibt1ahj48t6um7hdtml0', '::1', 1541008354, 0x5f5f63695f6c6173745f726567656e65726174657c693a313534313030383335343b736974655f6c616e677c733a373a22656e676c697368223b6d656e757c613a34383a7b733a31343a226d61696e5f64617368626f617264223b733a393a2244617368626f617264223b733a31343a226d61696e5f686f73706974616c73223b733a393a22486f73706974616c73223b733a31323a226d61696e5f646563746f7273223b733a373a22446f63746f7273223b733a31363a226d61696e5f6465706172746d656e7473223b733a31313a224465706172746d656e7473223b733a31333a226d61696e5f6272616e63686573223b733a383a224272616e63686573223b733a31303a226d61696e5f7761726473223b733a353a225761726473223b733a393a226d61696e5f62656473223b733a343a2242656473223b733a31313a226d61696e5f6e7572736573223b733a363a224e7572736573223b733a31383a226d61696e5f726563657074696f6e69737473223b733a31333a22526563657074696f6e69737473223b733a31333a226d61696e5f70617469656e7473223b733a383a2250617469656e7473223b733a31393a226d61696e5f6d65646963616c5f73746f726573223b733a31343a224d65646963616c2053746f726573223b733a31373a226d61696e5f6d65646963616c5f6c616273223b733a31323a224d65646963616c204c616273223b733a31373a226d61696e5f6170706f696e746d656e7473223b733a31323a224170706f696e746d656e7473223b733a31333a226d61696e5f7061796d656e7473223b733a383a225061796d656e7473223b733a31323a226d61696e5f7265706f727473223b733a373a225265706f727473223b733a31333a226d61696e5f7365727669636573223b733a383a225365727669636573223b733a31343a226d61696e5f616d62756c616e6365223b733a393a22416d62756c616e6365223b733a31343a226d61696e5f626f6f645f62616e6b223b733a31303a22426c6f6f642042616e6b223b733a31343a226d61696e5f696e737572616e6365223b733a393a22496e737572616e6365223b733a31313a226e6f74696365626f617264223b733a31313a224e6f74696365626f617264223b733a31333a226d61696e5f73657474696e6773223b733a383a2253657474696e6773223b733a32313a226d61696e5f67656e6572616c5f73657474696e6773223b733a31363a2247656e6572616c2053657474696e6773223b733a31373a226c616e67756167655f73657474696e6773223b733a31373a224c616e67756167652053657474696e6773223b733a31323a22736d735f73657474696e6773223b733a31323a22534d532053657474696e6773223b733a31353a2273797374656d5f73657474696e6773223b733a31353a2253797374656d2053657474696e6773223b733a32313a226d61696e5f6c6963656e73655f63617465676f7279223b733a31373a224c6963656e73652043617465676f727973223b733a31323a226d61696e5f63686172676573223b733a373a2243686172676573223b733a373a2270726f66696c65223b733a373a2250726f66696c65223b733a363a226c6f676f7574223b733a373a224c6f67206f7574223b733a31343a226368616e676550617373776f7264223b733a31353a224368616e67652050617373776f7264223b733a31313a226170706f69746d656e7473223b733a31313a224170706f69746d656e7473223b733a32383a226d61696e5f6865616c7468696e737572616e636570726f7669646572223b733a32363a224865616c746820496e737572616e63652050726f766964657273223b733a32323a226d61696e5f696e70617469656e745f686973746f7279223b733a31383a22496e2d50617469656e7420486973746f7279223b733a31343a226d61696e5f696e70617469656e74223b733a31313a22496e2d50617469656e7473223b733a31393a226d61696e5f686f73706974616c5f61646d696e223b733a31353a22486f73706974616c2041646d696e73223b733a31373a226d61696e5f617661696c6162696c697479223b733a31323a22417661696c6162696c697479223b733a31303a226d61696e5f6f74686572223b733a363a224f7468657273223b733a31303a226d61696e5f61626f7574223b733a353a2241626f7574223b733a373a227265706f727473223b733a373a225265706f727473223b733a363a226f7264657273223b733a363a224f7264657273223b733a31393a226d61696e5f70617469656e745f7265706f7274223b733a31343a2250617469656e74205265706f7274223b733a32323a226d61696e5f6170706f69746d656e745f7265706f7274223b733a31373a224170706f69746d656e74205265706f7274223b733a31323a226d7970756c73657573657273223b733a31333a224d7950756c7365205573657273223b733a31323a226d61696e5f6163636f756e74223b733a373a224163636f756e74223b733a31323a226d61696e5f636f756e747279223b733a383a22436f756e74727973223b733a31303a226d61696e5f7374617465223b733a363a22537461746573223b733a31333a226d61696e5f6469737472696374223b733a393a22446973747269637473223b733a393a226d61696e5f63697479223b733a353a224369747973223b7d6c6f67696e7c733a313a2231223b6c6f67696e5f757365725f69647c733a313a2231223b6e616d657c733a31313a2253757065722041646d696e223b6c6f67696e5f747970657c733a31303a22737570657261646d696e223b747970655f69647c733a31303a22737570657261646d696e223b6c6173745f706167657c733a33353a22687474703a2f2f6c6f63616c686f73742f6d7970756c73652f6d61696e2f7573657273223b6c6173745f70616765317c733a35313a22687474703a2f2f6c6f63616c686f73742f6d7970756c73652f6d61696e2f646f63746f725f617661696c6162696c6974792f34223b),
('pbnnnom5o4bsrugg7ehhhoafsjnvod3d', '::1', 1541007537, 0x5f5f63695f6c6173745f726567656e65726174657c693a313534313030373532373b736974655f6c616e677c733a373a22656e676c697368223b6d656e757c613a34383a7b733a31343a226d61696e5f64617368626f617264223b733a393a2244617368626f617264223b733a31343a226d61696e5f686f73706974616c73223b733a393a22486f73706974616c73223b733a31323a226d61696e5f646563746f7273223b733a373a22446f63746f7273223b733a31363a226d61696e5f6465706172746d656e7473223b733a31313a224465706172746d656e7473223b733a31333a226d61696e5f6272616e63686573223b733a383a224272616e63686573223b733a31303a226d61696e5f7761726473223b733a353a225761726473223b733a393a226d61696e5f62656473223b733a343a2242656473223b733a31313a226d61696e5f6e7572736573223b733a363a224e7572736573223b733a31383a226d61696e5f726563657074696f6e69737473223b733a31333a22526563657074696f6e69737473223b733a31333a226d61696e5f70617469656e7473223b733a383a2250617469656e7473223b733a31393a226d61696e5f6d65646963616c5f73746f726573223b733a31343a224d65646963616c2053746f726573223b733a31373a226d61696e5f6d65646963616c5f6c616273223b733a31323a224d65646963616c204c616273223b733a31373a226d61696e5f6170706f696e746d656e7473223b733a31323a224170706f696e746d656e7473223b733a31333a226d61696e5f7061796d656e7473223b733a383a225061796d656e7473223b733a31323a226d61696e5f7265706f727473223b733a373a225265706f727473223b733a31333a226d61696e5f7365727669636573223b733a383a225365727669636573223b733a31343a226d61696e5f616d62756c616e6365223b733a393a22416d62756c616e6365223b733a31343a226d61696e5f626f6f645f62616e6b223b733a31303a22426c6f6f642042616e6b223b733a31343a226d61696e5f696e737572616e6365223b733a393a22496e737572616e6365223b733a31313a226e6f74696365626f617264223b733a31313a224e6f74696365626f617264223b733a31333a226d61696e5f73657474696e6773223b733a383a2253657474696e6773223b733a32313a226d61696e5f67656e6572616c5f73657474696e6773223b733a31363a2247656e6572616c2053657474696e6773223b733a31373a226c616e67756167655f73657474696e6773223b733a31373a224c616e67756167652053657474696e6773223b733a31323a22736d735f73657474696e6773223b733a31323a22534d532053657474696e6773223b733a31353a2273797374656d5f73657474696e6773223b733a31353a2253797374656d2053657474696e6773223b733a32313a226d61696e5f6c6963656e73655f63617465676f7279223b733a31373a224c6963656e73652043617465676f727973223b733a31323a226d61696e5f63686172676573223b733a373a2243686172676573223b733a373a2270726f66696c65223b733a373a2250726f66696c65223b733a363a226c6f676f7574223b733a373a224c6f67206f7574223b733a31343a226368616e676550617373776f7264223b733a31353a224368616e67652050617373776f7264223b733a31313a226170706f69746d656e7473223b733a31313a224170706f69746d656e7473223b733a32383a226d61696e5f6865616c7468696e737572616e636570726f7669646572223b733a32363a224865616c746820496e737572616e63652050726f766964657273223b733a32323a226d61696e5f696e70617469656e745f686973746f7279223b733a31383a22496e2d50617469656e7420486973746f7279223b733a31343a226d61696e5f696e70617469656e74223b733a31313a22496e2d50617469656e7473223b733a31393a226d61696e5f686f73706974616c5f61646d696e223b733a31353a22486f73706974616c2041646d696e73223b733a31373a226d61696e5f617661696c6162696c697479223b733a31323a22417661696c6162696c697479223b733a31303a226d61696e5f6f74686572223b733a363a224f7468657273223b733a31303a226d61696e5f61626f7574223b733a353a2241626f7574223b733a373a227265706f727473223b733a373a225265706f727473223b733a363a226f7264657273223b733a363a224f7264657273223b733a31393a226d61696e5f70617469656e745f7265706f7274223b733a31343a2250617469656e74205265706f7274223b733a32323a226d61696e5f6170706f69746d656e745f7265706f7274223b733a31373a224170706f69746d656e74205265706f7274223b733a31323a226d7970756c73657573657273223b733a31333a224d7950756c7365205573657273223b733a31323a226d61696e5f6163636f756e74223b733a373a224163636f756e74223b733a31323a226d61696e5f636f756e747279223b733a383a22436f756e74727973223b733a31303a226d61696e5f7374617465223b733a363a22537461746573223b733a31333a226d61696e5f6469737472696374223b733a393a22446973747269637473223b733a393a226d61696e5f63697479223b733a353a224369747973223b7d6c6f67696e7c733a313a2231223b6c6f67696e5f757365725f69647c733a313a2231223b6e616d657c733a31313a2253757065722041646d696e223b6c6f67696e5f747970657c733a31303a22737570657261646d696e223b747970655f69647c733a31303a22737570657261646d696e223b6c6173745f706167657c733a34343a22687474703a2f2f6c6f63616c686f73742f6d7970756c73652f6d61696e2f6d65646963616c5f73746f726573223b6c6173745f70616765317c733a35313a22687474703a2f2f6c6f63616c686f73742f6d7970756c73652f6d61696e2f646f63746f725f617661696c6162696c6974792f34223b6d6573736167657c733a33373a224d65646963616c2053746f72657320496e666f205361766564205375636365737366756c79223b5f5f63695f766172737c613a313a7b733a373a226d657373616765223b733a333a226e6577223b7d),
('q0h1b1jcodqdg277d4gn7ci95jmfmtgg', '::1', 1541008012, 0x5f5f63695f6c6173745f726567656e65726174657c693a313534313030383031323b736974655f6c616e677c733a373a22656e676c697368223b6d656e757c613a34383a7b733a31343a226d61696e5f64617368626f617264223b733a393a2244617368626f617264223b733a31343a226d61696e5f686f73706974616c73223b733a393a22486f73706974616c73223b733a31323a226d61696e5f646563746f7273223b733a373a22446f63746f7273223b733a31363a226d61696e5f6465706172746d656e7473223b733a31313a224465706172746d656e7473223b733a31333a226d61696e5f6272616e63686573223b733a383a224272616e63686573223b733a31303a226d61696e5f7761726473223b733a353a225761726473223b733a393a226d61696e5f62656473223b733a343a2242656473223b733a31313a226d61696e5f6e7572736573223b733a363a224e7572736573223b733a31383a226d61696e5f726563657074696f6e69737473223b733a31333a22526563657074696f6e69737473223b733a31333a226d61696e5f70617469656e7473223b733a383a2250617469656e7473223b733a31393a226d61696e5f6d65646963616c5f73746f726573223b733a31343a224d65646963616c2053746f726573223b733a31373a226d61696e5f6d65646963616c5f6c616273223b733a31323a224d65646963616c204c616273223b733a31373a226d61696e5f6170706f696e746d656e7473223b733a31323a224170706f696e746d656e7473223b733a31333a226d61696e5f7061796d656e7473223b733a383a225061796d656e7473223b733a31323a226d61696e5f7265706f727473223b733a373a225265706f727473223b733a31333a226d61696e5f7365727669636573223b733a383a225365727669636573223b733a31343a226d61696e5f616d62756c616e6365223b733a393a22416d62756c616e6365223b733a31343a226d61696e5f626f6f645f62616e6b223b733a31303a22426c6f6f642042616e6b223b733a31343a226d61696e5f696e737572616e6365223b733a393a22496e737572616e6365223b733a31313a226e6f74696365626f617264223b733a31313a224e6f74696365626f617264223b733a31333a226d61696e5f73657474696e6773223b733a383a2253657474696e6773223b733a32313a226d61696e5f67656e6572616c5f73657474696e6773223b733a31363a2247656e6572616c2053657474696e6773223b733a31373a226c616e67756167655f73657474696e6773223b733a31373a224c616e67756167652053657474696e6773223b733a31323a22736d735f73657474696e6773223b733a31323a22534d532053657474696e6773223b733a31353a2273797374656d5f73657474696e6773223b733a31353a2253797374656d2053657474696e6773223b733a32313a226d61696e5f6c6963656e73655f63617465676f7279223b733a31373a224c6963656e73652043617465676f727973223b733a31323a226d61696e5f63686172676573223b733a373a2243686172676573223b733a373a2270726f66696c65223b733a373a2250726f66696c65223b733a363a226c6f676f7574223b733a373a224c6f67206f7574223b733a31343a226368616e676550617373776f7264223b733a31353a224368616e67652050617373776f7264223b733a31313a226170706f69746d656e7473223b733a31313a224170706f69746d656e7473223b733a32383a226d61696e5f6865616c7468696e737572616e636570726f7669646572223b733a32363a224865616c746820496e737572616e63652050726f766964657273223b733a32323a226d61696e5f696e70617469656e745f686973746f7279223b733a31383a22496e2d50617469656e7420486973746f7279223b733a31343a226d61696e5f696e70617469656e74223b733a31313a22496e2d50617469656e7473223b733a31393a226d61696e5f686f73706974616c5f61646d696e223b733a31353a22486f73706974616c2041646d696e73223b733a31373a226d61696e5f617661696c6162696c697479223b733a31323a22417661696c6162696c697479223b733a31303a226d61696e5f6f74686572223b733a363a224f7468657273223b733a31303a226d61696e5f61626f7574223b733a353a2241626f7574223b733a373a227265706f727473223b733a373a225265706f727473223b733a363a226f7264657273223b733a363a224f7264657273223b733a31393a226d61696e5f70617469656e745f7265706f7274223b733a31343a2250617469656e74205265706f7274223b733a32323a226d61696e5f6170706f69746d656e745f7265706f7274223b733a31373a224170706f69746d656e74205265706f7274223b733a31323a226d7970756c73657573657273223b733a31333a224d7950756c7365205573657273223b733a31323a226d61696e5f6163636f756e74223b733a373a224163636f756e74223b733a31323a226d61696e5f636f756e747279223b733a383a22436f756e74727973223b733a31303a226d61696e5f7374617465223b733a363a22537461746573223b733a31333a226d61696e5f6469737472696374223b733a393a22446973747269637473223b733a393a226d61696e5f63697479223b733a353a224369747973223b7d6c6f67696e7c733a313a2231223b6c6f67696e5f757365725f69647c733a313a2231223b6e616d657c733a31313a2253757065722041646d696e223b6c6f67696e5f747970657c733a31303a22737570657261646d696e223b747970655f69647c733a31303a22737570657261646d696e223b6c6173745f706167657c733a34323a22687474703a2f2f6c6f63616c686f73742f6d7970756c73652f6d61696e2f6d65646963616c5f6c616273223b6c6173745f70616765317c733a35313a22687474703a2f2f6c6f63616c686f73742f6d7970756c73652f6d61696e2f646f63746f725f617661696c6162696c6974792f34223b),
('shdn25t9adgtta9eh5k4jupnuphtudaa', '::1', 1541007181, 0x5f5f63695f6c6173745f726567656e65726174657c693a313534313030373138313b736974655f6c616e677c733a373a22656e676c697368223b6d656e757c613a34383a7b733a31343a226d61696e5f64617368626f617264223b733a393a2244617368626f617264223b733a31343a226d61696e5f686f73706974616c73223b733a393a22486f73706974616c73223b733a31323a226d61696e5f646563746f7273223b733a373a22446f63746f7273223b733a31363a226d61696e5f6465706172746d656e7473223b733a31313a224465706172746d656e7473223b733a31333a226d61696e5f6272616e63686573223b733a383a224272616e63686573223b733a31303a226d61696e5f7761726473223b733a353a225761726473223b733a393a226d61696e5f62656473223b733a343a2242656473223b733a31313a226d61696e5f6e7572736573223b733a363a224e7572736573223b733a31383a226d61696e5f726563657074696f6e69737473223b733a31333a22526563657074696f6e69737473223b733a31333a226d61696e5f70617469656e7473223b733a383a2250617469656e7473223b733a31393a226d61696e5f6d65646963616c5f73746f726573223b733a31343a224d65646963616c2053746f726573223b733a31373a226d61696e5f6d65646963616c5f6c616273223b733a31323a224d65646963616c204c616273223b733a31373a226d61696e5f6170706f696e746d656e7473223b733a31323a224170706f696e746d656e7473223b733a31333a226d61696e5f7061796d656e7473223b733a383a225061796d656e7473223b733a31323a226d61696e5f7265706f727473223b733a373a225265706f727473223b733a31333a226d61696e5f7365727669636573223b733a383a225365727669636573223b733a31343a226d61696e5f616d62756c616e6365223b733a393a22416d62756c616e6365223b733a31343a226d61696e5f626f6f645f62616e6b223b733a31303a22426c6f6f642042616e6b223b733a31343a226d61696e5f696e737572616e6365223b733a393a22496e737572616e6365223b733a31313a226e6f74696365626f617264223b733a31313a224e6f74696365626f617264223b733a31333a226d61696e5f73657474696e6773223b733a383a2253657474696e6773223b733a32313a226d61696e5f67656e6572616c5f73657474696e6773223b733a31363a2247656e6572616c2053657474696e6773223b733a31373a226c616e67756167655f73657474696e6773223b733a31373a224c616e67756167652053657474696e6773223b733a31323a22736d735f73657474696e6773223b733a31323a22534d532053657474696e6773223b733a31353a2273797374656d5f73657474696e6773223b733a31353a2253797374656d2053657474696e6773223b733a32313a226d61696e5f6c6963656e73655f63617465676f7279223b733a31373a224c6963656e73652043617465676f727973223b733a31323a226d61696e5f63686172676573223b733a373a2243686172676573223b733a373a2270726f66696c65223b733a373a2250726f66696c65223b733a363a226c6f676f7574223b733a373a224c6f67206f7574223b733a31343a226368616e676550617373776f7264223b733a31353a224368616e67652050617373776f7264223b733a31313a226170706f69746d656e7473223b733a31313a224170706f69746d656e7473223b733a32383a226d61696e5f6865616c7468696e737572616e636570726f7669646572223b733a32363a224865616c746820496e737572616e63652050726f766964657273223b733a32323a226d61696e5f696e70617469656e745f686973746f7279223b733a31383a22496e2d50617469656e7420486973746f7279223b733a31343a226d61696e5f696e70617469656e74223b733a31313a22496e2d50617469656e7473223b733a31393a226d61696e5f686f73706974616c5f61646d696e223b733a31353a22486f73706974616c2041646d696e73223b733a31373a226d61696e5f617661696c6162696c697479223b733a31323a22417661696c6162696c697479223b733a31303a226d61696e5f6f74686572223b733a363a224f7468657273223b733a31303a226d61696e5f61626f7574223b733a353a2241626f7574223b733a373a227265706f727473223b733a373a225265706f727473223b733a363a226f7264657273223b733a363a224f7264657273223b733a31393a226d61696e5f70617469656e745f7265706f7274223b733a31343a2250617469656e74205265706f7274223b733a32323a226d61696e5f6170706f69746d656e745f7265706f7274223b733a31373a224170706f69746d656e74205265706f7274223b733a31323a226d7970756c73657573657273223b733a31333a224d7950756c7365205573657273223b733a31323a226d61696e5f6163636f756e74223b733a373a224163636f756e74223b733a31323a226d61696e5f636f756e747279223b733a383a22436f756e74727973223b733a31303a226d61696e5f7374617465223b733a363a22537461746573223b733a31333a226d61696e5f6469737472696374223b733a393a22446973747269637473223b733a393a226d61696e5f63697479223b733a353a224369747973223b7d6c6f67696e7c733a313a2231223b6c6f67696e5f757365725f69647c733a313a2231223b6e616d657c733a31313a2253757065722041646d696e223b6c6f67696e5f747970657c733a31303a22737570657261646d696e223b747970655f69647c733a31303a22737570657261646d696e223b6c6173745f706167657c733a34323a22687474703a2f2f6c6f63616c686f73742f6d7970756c73652f6d61696e2f726563657074696f6e697374223b6c6173745f70616765317c733a35313a22687474703a2f2f6c6f63616c686f73742f6d7970756c73652f6d61696e2f646f63746f725f617661696c6162696c6974792f34223b),
('u16e11tvaocb7f61pb9erb21vk4kat42', '::1', 1541003101, 0x5f5f63695f6c6173745f726567656e65726174657c693a313534313030333130313b736974655f6c616e677c733a373a22656e676c697368223b6d656e757c613a34383a7b733a31343a226d61696e5f64617368626f617264223b733a393a2244617368626f617264223b733a31343a226d61696e5f686f73706974616c73223b733a393a22486f73706974616c73223b733a31323a226d61696e5f646563746f7273223b733a373a22446f63746f7273223b733a31363a226d61696e5f6465706172746d656e7473223b733a31313a224465706172746d656e7473223b733a31333a226d61696e5f6272616e63686573223b733a383a224272616e63686573223b733a31303a226d61696e5f7761726473223b733a353a225761726473223b733a393a226d61696e5f62656473223b733a343a2242656473223b733a31313a226d61696e5f6e7572736573223b733a363a224e7572736573223b733a31383a226d61696e5f726563657074696f6e69737473223b733a31333a22526563657074696f6e69737473223b733a31333a226d61696e5f70617469656e7473223b733a383a2250617469656e7473223b733a31393a226d61696e5f6d65646963616c5f73746f726573223b733a31343a224d65646963616c2053746f726573223b733a31373a226d61696e5f6d65646963616c5f6c616273223b733a31323a224d65646963616c204c616273223b733a31373a226d61696e5f6170706f696e746d656e7473223b733a31323a224170706f696e746d656e7473223b733a31333a226d61696e5f7061796d656e7473223b733a383a225061796d656e7473223b733a31323a226d61696e5f7265706f727473223b733a373a225265706f727473223b733a31333a226d61696e5f7365727669636573223b733a383a225365727669636573223b733a31343a226d61696e5f616d62756c616e6365223b733a393a22416d62756c616e6365223b733a31343a226d61696e5f626f6f645f62616e6b223b733a31303a22426c6f6f642042616e6b223b733a31343a226d61696e5f696e737572616e6365223b733a393a22496e737572616e6365223b733a31313a226e6f74696365626f617264223b733a31313a224e6f74696365626f617264223b733a31333a226d61696e5f73657474696e6773223b733a383a2253657474696e6773223b733a32313a226d61696e5f67656e6572616c5f73657474696e6773223b733a31363a2247656e6572616c2053657474696e6773223b733a31373a226c616e67756167655f73657474696e6773223b733a31373a224c616e67756167652053657474696e6773223b733a31323a22736d735f73657474696e6773223b733a31323a22534d532053657474696e6773223b733a31353a2273797374656d5f73657474696e6773223b733a31353a2253797374656d2053657474696e6773223b733a32313a226d61696e5f6c6963656e73655f63617465676f7279223b733a31373a224c6963656e73652043617465676f727973223b733a31323a226d61696e5f63686172676573223b733a373a2243686172676573223b733a373a2270726f66696c65223b733a373a2250726f66696c65223b733a363a226c6f676f7574223b733a373a224c6f67206f7574223b733a31343a226368616e676550617373776f7264223b733a31353a224368616e67652050617373776f7264223b733a31313a226170706f69746d656e7473223b733a31313a224170706f69746d656e7473223b733a32383a226d61696e5f6865616c7468696e737572616e636570726f7669646572223b733a32363a224865616c746820496e737572616e63652050726f766964657273223b733a32323a226d61696e5f696e70617469656e745f686973746f7279223b733a31383a22496e2d50617469656e7420486973746f7279223b733a31343a226d61696e5f696e70617469656e74223b733a31313a22496e2d50617469656e7473223b733a31393a226d61696e5f686f73706974616c5f61646d696e223b733a31353a22486f73706974616c2041646d696e73223b733a31373a226d61696e5f617661696c6162696c697479223b733a31323a22417661696c6162696c697479223b733a31303a226d61696e5f6f74686572223b733a363a224f7468657273223b733a31303a226d61696e5f61626f7574223b733a353a2241626f7574223b733a373a227265706f727473223b733a373a225265706f727473223b733a363a226f7264657273223b733a363a224f7264657273223b733a31393a226d61696e5f70617469656e745f7265706f7274223b733a31343a2250617469656e74205265706f7274223b733a32323a226d61696e5f6170706f69746d656e745f7265706f7274223b733a31373a224170706f69746d656e74205265706f7274223b733a31323a226d7970756c73657573657273223b733a31333a224d7950756c7365205573657273223b733a31323a226d61696e5f6163636f756e74223b733a373a224163636f756e74223b733a31323a226d61696e5f636f756e747279223b733a383a22436f756e74727973223b733a31303a226d61696e5f7374617465223b733a363a22537461746573223b733a31333a226d61696e5f6469737472696374223b733a393a22446973747269637473223b733a393a226d61696e5f63697479223b733a353a224369747973223b7d6c6f67696e7c733a313a2231223b6c6f67696e5f757365725f69647c733a313a2231223b6e616d657c733a31313a2253757065722041646d696e223b6c6f67696e5f747970657c733a31303a22737570657261646d696e223b747970655f69647c733a31303a22737570657261646d696e223b),
('u62b3ucu5c1fhp0gp2cvld72t9r7gh66', '::1', 1541004184, 0x5f5f63695f6c6173745f726567656e65726174657c693a313534313030343138343b736974655f6c616e677c733a373a22656e676c697368223b6d656e757c613a34383a7b733a31343a226d61696e5f64617368626f617264223b733a393a2244617368626f617264223b733a31343a226d61696e5f686f73706974616c73223b733a393a22486f73706974616c73223b733a31323a226d61696e5f646563746f7273223b733a373a22446f63746f7273223b733a31363a226d61696e5f6465706172746d656e7473223b733a31313a224465706172746d656e7473223b733a31333a226d61696e5f6272616e63686573223b733a383a224272616e63686573223b733a31303a226d61696e5f7761726473223b733a353a225761726473223b733a393a226d61696e5f62656473223b733a343a2242656473223b733a31313a226d61696e5f6e7572736573223b733a363a224e7572736573223b733a31383a226d61696e5f726563657074696f6e69737473223b733a31333a22526563657074696f6e69737473223b733a31333a226d61696e5f70617469656e7473223b733a383a2250617469656e7473223b733a31393a226d61696e5f6d65646963616c5f73746f726573223b733a31343a224d65646963616c2053746f726573223b733a31373a226d61696e5f6d65646963616c5f6c616273223b733a31323a224d65646963616c204c616273223b733a31373a226d61696e5f6170706f696e746d656e7473223b733a31323a224170706f696e746d656e7473223b733a31333a226d61696e5f7061796d656e7473223b733a383a225061796d656e7473223b733a31323a226d61696e5f7265706f727473223b733a373a225265706f727473223b733a31333a226d61696e5f7365727669636573223b733a383a225365727669636573223b733a31343a226d61696e5f616d62756c616e6365223b733a393a22416d62756c616e6365223b733a31343a226d61696e5f626f6f645f62616e6b223b733a31303a22426c6f6f642042616e6b223b733a31343a226d61696e5f696e737572616e6365223b733a393a22496e737572616e6365223b733a31313a226e6f74696365626f617264223b733a31313a224e6f74696365626f617264223b733a31333a226d61696e5f73657474696e6773223b733a383a2253657474696e6773223b733a32313a226d61696e5f67656e6572616c5f73657474696e6773223b733a31363a2247656e6572616c2053657474696e6773223b733a31373a226c616e67756167655f73657474696e6773223b733a31373a224c616e67756167652053657474696e6773223b733a31323a22736d735f73657474696e6773223b733a31323a22534d532053657474696e6773223b733a31353a2273797374656d5f73657474696e6773223b733a31353a2253797374656d2053657474696e6773223b733a32313a226d61696e5f6c6963656e73655f63617465676f7279223b733a31373a224c6963656e73652043617465676f727973223b733a31323a226d61696e5f63686172676573223b733a373a2243686172676573223b733a373a2270726f66696c65223b733a373a2250726f66696c65223b733a363a226c6f676f7574223b733a373a224c6f67206f7574223b733a31343a226368616e676550617373776f7264223b733a31353a224368616e67652050617373776f7264223b733a31313a226170706f69746d656e7473223b733a31313a224170706f69746d656e7473223b733a32383a226d61696e5f6865616c7468696e737572616e636570726f7669646572223b733a32363a224865616c746820496e737572616e63652050726f766964657273223b733a32323a226d61696e5f696e70617469656e745f686973746f7279223b733a31383a22496e2d50617469656e7420486973746f7279223b733a31343a226d61696e5f696e70617469656e74223b733a31313a22496e2d50617469656e7473223b733a31393a226d61696e5f686f73706974616c5f61646d696e223b733a31353a22486f73706974616c2041646d696e73223b733a31373a226d61696e5f617661696c6162696c697479223b733a31323a22417661696c6162696c697479223b733a31303a226d61696e5f6f74686572223b733a363a224f7468657273223b733a31303a226d61696e5f61626f7574223b733a353a2241626f7574223b733a373a227265706f727473223b733a373a225265706f727473223b733a363a226f7264657273223b733a363a224f7264657273223b733a31393a226d61696e5f70617469656e745f7265706f7274223b733a31343a2250617469656e74205265706f7274223b733a32323a226d61696e5f6170706f69746d656e745f7265706f7274223b733a31373a224170706f69746d656e74205265706f7274223b733a31323a226d7970756c73657573657273223b733a31333a224d7950756c7365205573657273223b733a31323a226d61696e5f6163636f756e74223b733a373a224163636f756e74223b733a31323a226d61696e5f636f756e747279223b733a383a22436f756e74727973223b733a31303a226d61696e5f7374617465223b733a363a22537461746573223b733a31333a226d61696e5f6469737472696374223b733a393a22446973747269637473223b733a393a226d61696e5f63697479223b733a353a224369747973223b7d6c6f67696e7c733a313a2231223b6c6f67696e5f757365725f69647c733a313a2231223b6e616d657c733a31313a2253757065722041646d696e223b6c6f67696e5f747970657c733a31303a22737570657261646d696e223b747970655f69647c733a31303a22737570657261646d696e223b6c6173745f706167657c733a34383a22687474703a2f2f6c6f63616c686f73742f6d7970756c73652f6d61696e2f6765745f686f73706974616c5f6265642f31223b),
('voj40k2db8o1i9d9vcne4hcda83erp83', '::1', 1541008748, 0x5f5f63695f6c6173745f726567656e65726174657c693a313534313030383734383b736974655f6c616e677c733a373a22656e676c697368223b6d656e757c613a34383a7b733a31343a226d61696e5f64617368626f617264223b733a393a2244617368626f617264223b733a31343a226d61696e5f686f73706974616c73223b733a393a22486f73706974616c73223b733a31323a226d61696e5f646563746f7273223b733a373a22446f63746f7273223b733a31363a226d61696e5f6465706172746d656e7473223b733a31313a224465706172746d656e7473223b733a31333a226d61696e5f6272616e63686573223b733a383a224272616e63686573223b733a31303a226d61696e5f7761726473223b733a353a225761726473223b733a393a226d61696e5f62656473223b733a343a2242656473223b733a31313a226d61696e5f6e7572736573223b733a363a224e7572736573223b733a31383a226d61696e5f726563657074696f6e69737473223b733a31333a22526563657074696f6e69737473223b733a31333a226d61696e5f70617469656e7473223b733a383a2250617469656e7473223b733a31393a226d61696e5f6d65646963616c5f73746f726573223b733a31343a224d65646963616c2053746f726573223b733a31373a226d61696e5f6d65646963616c5f6c616273223b733a31323a224d65646963616c204c616273223b733a31373a226d61696e5f6170706f696e746d656e7473223b733a31323a224170706f696e746d656e7473223b733a31333a226d61696e5f7061796d656e7473223b733a383a225061796d656e7473223b733a31323a226d61696e5f7265706f727473223b733a373a225265706f727473223b733a31333a226d61696e5f7365727669636573223b733a383a225365727669636573223b733a31343a226d61696e5f616d62756c616e6365223b733a393a22416d62756c616e6365223b733a31343a226d61696e5f626f6f645f62616e6b223b733a31303a22426c6f6f642042616e6b223b733a31343a226d61696e5f696e737572616e6365223b733a393a22496e737572616e6365223b733a31313a226e6f74696365626f617264223b733a31313a224e6f74696365626f617264223b733a31333a226d61696e5f73657474696e6773223b733a383a2253657474696e6773223b733a32313a226d61696e5f67656e6572616c5f73657474696e6773223b733a31363a2247656e6572616c2053657474696e6773223b733a31373a226c616e67756167655f73657474696e6773223b733a31373a224c616e67756167652053657474696e6773223b733a31323a22736d735f73657474696e6773223b733a31323a22534d532053657474696e6773223b733a31353a2273797374656d5f73657474696e6773223b733a31353a2253797374656d2053657474696e6773223b733a32313a226d61696e5f6c6963656e73655f63617465676f7279223b733a31373a224c6963656e73652043617465676f727973223b733a31323a226d61696e5f63686172676573223b733a373a2243686172676573223b733a373a2270726f66696c65223b733a373a2250726f66696c65223b733a363a226c6f676f7574223b733a373a224c6f67206f7574223b733a31343a226368616e676550617373776f7264223b733a31353a224368616e67652050617373776f7264223b733a31313a226170706f69746d656e7473223b733a31313a224170706f69746d656e7473223b733a32383a226d61696e5f6865616c7468696e737572616e636570726f7669646572223b733a32363a224865616c746820496e737572616e63652050726f766964657273223b733a32323a226d61696e5f696e70617469656e745f686973746f7279223b733a31383a22496e2d50617469656e7420486973746f7279223b733a31343a226d61696e5f696e70617469656e74223b733a31313a22496e2d50617469656e7473223b733a31393a226d61696e5f686f73706974616c5f61646d696e223b733a31353a22486f73706974616c2041646d696e73223b733a31373a226d61696e5f617661696c6162696c697479223b733a31323a22417661696c6162696c697479223b733a31303a226d61696e5f6f74686572223b733a363a224f7468657273223b733a31303a226d61696e5f61626f7574223b733a353a2241626f7574223b733a373a227265706f727473223b733a373a225265706f727473223b733a363a226f7264657273223b733a363a224f7264657273223b733a31393a226d61696e5f70617469656e745f7265706f7274223b733a31343a2250617469656e74205265706f7274223b733a32323a226d61696e5f6170706f69746d656e745f7265706f7274223b733a31373a224170706f69746d656e74205265706f7274223b733a31323a226d7970756c73657573657273223b733a31333a224d7950756c7365205573657273223b733a31323a226d61696e5f6163636f756e74223b733a373a224163636f756e74223b733a31323a226d61696e5f636f756e747279223b733a383a22436f756e74727973223b733a31303a226d61696e5f7374617465223b733a363a22537461746573223b733a31333a226d61696e5f6469737472696374223b733a393a22446973747269637473223b733a393a226d61696e5f63697479223b733a353a224369747973223b7d6c6f67696e7c733a313a2231223b6c6f67696e5f757365725f69647c733a313a2231223b6e616d657c733a31313a2253757065722041646d696e223b6c6f67696e5f747970657c733a31303a22737570657261646d696e223b747970655f69647c733a31303a22737570657261646d696e223b6c6173745f706167657c733a33353a22687474703a2f2f6c6f63616c686f73742f6d7970756c73652f6d61696e2f7573657273223b6c6173745f70616765317c733a35313a22687474703a2f2f6c6f63616c686f73742f6d7970756c73652f6d61696e2f646f63746f725f617661696c6162696c6974792f34223b6d6573736167657c733a32373a225573657220496e666f205361766564205375636365737366756c79223b5f5f63695f766172737c613a313a7b733a373a226d657373616765223b733a333a226f6c64223b7d);

-- --------------------------------------------------------

--
-- Table structure for table `country`
--

CREATE TABLE `country` (
  `country_id` int(11) NOT NULL,
  `name` longtext NOT NULL
) ENGINE=MyISAM DEFAULT CHARSET=latin1;

--
-- Dumping data for table `country`
--

INSERT INTO `country` (`country_id`, `name`) VALUES
(1, 'INDIA'),
(2, 'JAPAN');

-- --------------------------------------------------------

--
-- Table structure for table `department`
--

CREATE TABLE `department` (
  `department_id` int(11) NOT NULL,
  `hospital_id` int(11) NOT NULL,
  `branch_id` int(11) NOT NULL,
  `name` longtext CHARACTER SET utf8 COLLATE utf8_unicode_ci NOT NULL,
  `description` longtext CHARACTER SET utf8 COLLATE utf8_unicode_ci NOT NULL,
  `status` tinyint(4) NOT NULL COMMENT '1=active,2=inactive'
) ENGINE=MyISAM DEFAULT CHARSET=latin1;

--
-- Dumping data for table `department`
--

INSERT INTO `department` (`department_id`, `hospital_id`, `branch_id`, `name`, `description`, `status`) VALUES
(1, 1, 1, 'D11', 'Dep11', 0),
(2, 1, 1, 'D12', 'Dep12', 0),
(3, 2, 3, 'D31', 'Dep31', 0),
(4, 2, 3, 'D34', 'Dep34', 0),
(5, 2, 4, 'D44', 'Dep44', 0);

-- --------------------------------------------------------

--
-- Table structure for table `diagnosis_report`
--

CREATE TABLE `diagnosis_report` (
  `diagnosis_report_id` int(11) NOT NULL,
  `report_type` longtext COLLATE utf8_unicode_ci NOT NULL COMMENT 'xray,blood test',
  `document_type` longtext COLLATE utf8_unicode_ci NOT NULL COMMENT 'text,photo',
  `file_name` longtext COLLATE utf8_unicode_ci NOT NULL,
  `prescription_id` int(11) NOT NULL,
  `description` longtext COLLATE utf8_unicode_ci NOT NULL,
  `timestamp` int(11) NOT NULL,
  `laboratorist_id` int(11) NOT NULL
) ENGINE=MyISAM DEFAULT CHARSET=utf8 COLLATE=utf8_unicode_ci;

-- --------------------------------------------------------

--
-- Table structure for table `district`
--

CREATE TABLE `district` (
  `district_id` int(11) NOT NULL,
  `country_id` int(11) NOT NULL,
  `state_id` int(11) NOT NULL,
  `name` longtext NOT NULL
) ENGINE=MyISAM DEFAULT CHARSET=latin1;

--
-- Dumping data for table `district`
--

INSERT INTO `district` (`district_id`, `country_id`, `state_id`, `name`) VALUES
(1, 1, 1, 'Kurnool'),
(2, 1, 1, 'Kadapa'),
(3, 1, 1, 'Nandayala'),
(4, 1, 2, 'Hyderabad'),
(5, 1, 2, 'Karimnagar'),
(6, 1, 2, 'Khammam');

-- --------------------------------------------------------

--
-- Table structure for table `doctors`
--

CREATE TABLE `doctors` (
  `doctor_id` int(11) NOT NULL,
  `unique_id` varchar(100) NOT NULL,
  `name` longtext CHARACTER SET utf8 COLLATE utf8_unicode_ci NOT NULL,
  `mname` longtext NOT NULL,
  `lname` longtext NOT NULL,
  `email` longtext CHARACTER SET utf8 COLLATE utf8_unicode_ci NOT NULL,
  `password` longtext CHARACTER SET utf8 COLLATE utf8_unicode_ci NOT NULL,
  `address` longtext CHARACTER SET utf8 COLLATE utf8_unicode_ci NOT NULL,
  `phone` longtext CHARACTER SET utf8 COLLATE utf8_unicode_ci NOT NULL,
  `description` longtext NOT NULL,
  `gender` varchar(30) NOT NULL,
  `dob` text NOT NULL,
  `aadhar` varchar(50) NOT NULL,
  `qualification` longtext NOT NULL,
  `specializations` longtext NOT NULL,
  `experience` varchar(10) NOT NULL,
  `registration` varchar(50) NOT NULL,
  `hospital_id` int(11) NOT NULL,
  `branch_id` int(11) NOT NULL,
  `department_id` int(11) NOT NULL,
  `country` int(11) NOT NULL,
  `state` int(11) NOT NULL,
  `district` int(11) NOT NULL,
  `city` int(11) NOT NULL,
  `is_email` tinyint(4) NOT NULL DEFAULT '2' COMMENT '1=yes,2=no',
  `is_mobile` tinyint(4) NOT NULL DEFAULT '2' COMMENT '1=yes,2=no',
  `status` tinyint(4) NOT NULL COMMENT '1=active,2=inactive',
  `created_at` datetime NOT NULL DEFAULT CURRENT_TIMESTAMP ON UPDATE CURRENT_TIMESTAMP,
  `modified_at` timestamp NOT NULL DEFAULT CURRENT_TIMESTAMP ON UPDATE CURRENT_TIMESTAMP
) ENGINE=MyISAM DEFAULT CHARSET=latin1;

--
-- Dumping data for table `doctors`
--

INSERT INTO `doctors` (`doctor_id`, `unique_id`, `name`, `mname`, `lname`, `email`, `password`, `address`, `phone`, `description`, `gender`, `dob`, `aadhar`, `qualification`, `specializations`, `experience`, `registration`, `hospital_id`, `branch_id`, `department_id`, `country`, `state`, `district`, `city`, `is_email`, `is_mobile`, `status`, `created_at`, `modified_at`) VALUES
(1, 'MPD18_100001', 'D1', '', 'D1', 'd1@g.com', '86f7e437faa5a7fce15d1ddcb9eaeaea377667b8', '', '4141414141', 'Doctor 1', '', '', '', '', '', '', '', 1, 1, 1, 0, 0, 0, 0, 1, 2, 1, '2018-10-31 23:30:15', '2018-10-31 18:00:15'),
(2, 'MPD18_100002', 'D2', '', 'D2', 'd2@g.com', '86f7e437faa5a7fce15d1ddcb9eaeaea377667b8', '', '1515151515', 'Doctor 2', '', '', '', '', '', '', '', 1, 1, 2, 0, 0, 0, 0, 1, 2, 1, '2018-10-31 23:30:19', '2018-10-31 18:00:19'),
(3, 'MPD18_100003', 'D3', '', 'D3', 'd3@g.com', '86f7e437faa5a7fce15d1ddcb9eaeaea377667b8', '', '1717171717', 'Doctor 3', '', '', '', '', '', '', '', 2, 3, 3, 0, 0, 0, 0, 1, 2, 1, '2018-10-31 23:30:22', '2018-10-31 18:00:22'),
(4, 'MPD18_100004', 'D4', '', 'D4', 'd4@g.com', '86f7e437faa5a7fce15d1ddcb9eaeaea377667b8', '', '1919191919', 'Doctor 4', '', '', '', '', '', '', '', 2, 4, 5, 0, 0, 0, 0, 1, 2, 1, '2018-10-31 23:30:25', '2018-10-31 18:00:25');

-- --------------------------------------------------------

--
-- Table structure for table `health_insurance_provider`
--

CREATE TABLE `health_insurance_provider` (
  `health_insurance_provider_id` int(11) NOT NULL,
  `name` longtext NOT NULL
) ENGINE=MyISAM DEFAULT CHARSET=latin1;

--
-- Dumping data for table `health_insurance_provider`
--

INSERT INTO `health_insurance_provider` (`health_insurance_provider_id`, `name`) VALUES
(1, 'Mahesh');

-- --------------------------------------------------------

--
-- Table structure for table `hospitaladmins`
--

CREATE TABLE `hospitaladmins` (
  `admin_id` int(11) NOT NULL,
  `unique_id` varchar(100) COLLATE utf8_unicode_ci NOT NULL,
  `hospital_id` int(11) NOT NULL,
  `name` longtext COLLATE utf8_unicode_ci NOT NULL,
  `mname` longtext COLLATE utf8_unicode_ci NOT NULL,
  `lname` longtext COLLATE utf8_unicode_ci NOT NULL,
  `email` longtext COLLATE utf8_unicode_ci NOT NULL,
  `password` longtext COLLATE utf8_unicode_ci NOT NULL,
  `phone` varchar(30) COLLATE utf8_unicode_ci NOT NULL,
  `address` longtext COLLATE utf8_unicode_ci NOT NULL,
  `country` int(11) NOT NULL,
  `state` int(11) NOT NULL,
  `district` int(11) NOT NULL,
  `city` int(11) NOT NULL,
  `aadhar` varchar(30) COLLATE utf8_unicode_ci NOT NULL,
  `gender` longtext COLLATE utf8_unicode_ci NOT NULL,
  `dob` longtext COLLATE utf8_unicode_ci NOT NULL,
  `qualification` longtext COLLATE utf8_unicode_ci NOT NULL,
  `profession` longtext COLLATE utf8_unicode_ci NOT NULL,
  `experience` longtext COLLATE utf8_unicode_ci NOT NULL,
  `description` longtext COLLATE utf8_unicode_ci NOT NULL,
  `last_login` longtext COLLATE utf8_unicode_ci NOT NULL,
  `last_logout` longtext COLLATE utf8_unicode_ci NOT NULL,
  `is_email` tinyint(4) NOT NULL DEFAULT '2' COMMENT '1=yes,2=no',
  `is_mobile` tinyint(4) NOT NULL DEFAULT '2' COMMENT '1=yes,2=no',
  `status` tinyint(4) NOT NULL COMMENT '1=active,2=inactive',
  `created_at` timestamp NOT NULL DEFAULT CURRENT_TIMESTAMP ON UPDATE CURRENT_TIMESTAMP,
  `modified_at` timestamp NOT NULL DEFAULT CURRENT_TIMESTAMP ON UPDATE CURRENT_TIMESTAMP
) ENGINE=MyISAM DEFAULT CHARSET=utf8 COLLATE=utf8_unicode_ci;

--
-- Dumping data for table `hospitaladmins`
--

INSERT INTO `hospitaladmins` (`admin_id`, `unique_id`, `hospital_id`, `name`, `mname`, `lname`, `email`, `password`, `phone`, `address`, `country`, `state`, `district`, `city`, `aadhar`, `gender`, `dob`, `qualification`, `profession`, `experience`, `description`, `last_login`, `last_logout`, `is_email`, `is_mobile`, `status`, `created_at`, `modified_at`) VALUES
(1, 'MPHA18_100001', 1, 'HA1', '', 'HA1', 'ha1@g.com', '86f7e437faa5a7fce15d1ddcb9eaeaea377667b8', '1231231233', '', 0, 0, 0, 0, '', '', '', '', '', '', 'Hospital Admin1', '', '', 1, 2, 1, '2018-10-31 18:00:01', '2018-10-31 18:00:01'),
(2, 'MPHA18_100002', 2, 'HA2', '', 'HA2', 'ha2@g.com', '86f7e437faa5a7fce15d1ddcb9eaeaea377667b8', '3213213211', '', 0, 0, 0, 0, '', '', '', '', '', '', 'Hospital Admin2', '', '', 1, 2, 1, '2018-10-31 18:00:04', '2018-10-31 18:00:04');

-- --------------------------------------------------------

--
-- Table structure for table `hospitals`
--

CREATE TABLE `hospitals` (
  `hospital_id` int(11) NOT NULL,
  `unique_id` varchar(100) NOT NULL,
  `name` varchar(250) NOT NULL,
  `address` text,
  `description` text NOT NULL,
  `logo` varchar(250) DEFAULT NULL,
  `background_image` varchar(250) NOT NULL,
  `phone_number` text,
  `email` varchar(300) DEFAULT NULL,
  `license_category` varchar(250) DEFAULT NULL,
  `slug` varchar(250) NOT NULL,
  `city` varchar(250) DEFAULT NULL,
  `district` varchar(250) DEFAULT NULL,
  `state` varchar(250) DEFAULT NULL,
  `country` varchar(250) DEFAULT NULL,
  `md_name` varchar(250) NOT NULL,
  `md_contact_number` varchar(250) NOT NULL,
  `isActive` tinyint(4) NOT NULL DEFAULT '0',
  `isDeleted` tinyint(4) NOT NULL DEFAULT '0',
  `created_at` timestamp NOT NULL DEFAULT CURRENT_TIMESTAMP ON UPDATE CURRENT_TIMESTAMP,
  `modified_at` timestamp NOT NULL DEFAULT CURRENT_TIMESTAMP,
  `status` tinyint(4) NOT NULL COMMENT '1=active,2=inactive',
  `license` varchar(100) NOT NULL,
  `license_status` tinyint(4) NOT NULL DEFAULT '2' COMMENT '1=active,2=inactive',
  `from_date` varchar(100) NOT NULL,
  `till_date` varchar(100) NOT NULL
) ENGINE=MyISAM DEFAULT CHARSET=latin1;

--
-- Dumping data for table `hospitals`
--

INSERT INTO `hospitals` (`hospital_id`, `unique_id`, `name`, `address`, `description`, `logo`, `background_image`, `phone_number`, `email`, `license_category`, `slug`, `city`, `district`, `state`, `country`, `md_name`, `md_contact_number`, `isActive`, `isDeleted`, `created_at`, `modified_at`, `status`, `license`, `license_status`, `from_date`, `till_date`) VALUES
(1, 'MPH18_100001', 'H1', 'Hyderabad', 'Hospital1', NULL, '', '1122112211', 'h@g.com', NULL, '', '1', '1', '1', '1', 'H1', '1122112211', 0, 0, '2018-10-31 16:32:41', '2018-10-31 16:32:41', 1, '', 0, '', ''),
(2, 'MPH18_100002', 'H2', 'Hyderabad', 'Hospital2', NULL, '', '2211221122', 'h2@g.com', NULL, '', '3', '4', '2', '1', 'H2', '2211221122', 0, 0, '2018-10-31 16:34:34', '2018-10-31 16:34:34', 1, '', 0, '', '');

-- --------------------------------------------------------

--
-- Table structure for table `inpatient`
--

CREATE TABLE `inpatient` (
  `id` int(11) NOT NULL,
  `user_id` int(11) NOT NULL,
  `bed_id` int(11) NOT NULL DEFAULT '0',
  `hospital_id` int(11) NOT NULL,
  `doctor_id` int(11) NOT NULL,
  `join_date` datetime NOT NULL,
  `discharged_date` datetime DEFAULT NULL,
  `reason` text NOT NULL,
  `status` int(11) NOT NULL DEFAULT '0' COMMENT '0- not admitted, 1- admitted, 2-discharged',
  `created_by` text NOT NULL,
  `created_date` longtext NOT NULL
) ENGINE=MyISAM DEFAULT CHARSET=latin1;

-- --------------------------------------------------------

--
-- Table structure for table `inpatient_history`
--

CREATE TABLE `inpatient_history` (
  `id` int(11) NOT NULL,
  `in_patient_id` int(11) NOT NULL,
  `created_date` longtext NOT NULL,
  `note` text NOT NULL,
  `cost` float NOT NULL,
  `isDeleted` tinyint(4) NOT NULL DEFAULT '0'
) ENGINE=MyISAM DEFAULT CHARSET=latin1;

-- --------------------------------------------------------

--
-- Table structure for table `invoice`
--

CREATE TABLE `invoice` (
  `invoice_id` int(11) NOT NULL,
  `invoice_number` longtext COLLATE utf8_unicode_ci NOT NULL,
  `patient_id` int(11) NOT NULL,
  `title` longtext COLLATE utf8_unicode_ci NOT NULL,
  `invoice_entries` longtext COLLATE utf8_unicode_ci NOT NULL,
  `creation_timestamp` longtext COLLATE utf8_unicode_ci NOT NULL,
  `due_timestamp` longtext COLLATE utf8_unicode_ci NOT NULL,
  `status` longtext COLLATE utf8_unicode_ci NOT NULL COMMENT 'paid or unpaid',
  `vat_percentage` longtext COLLATE utf8_unicode_ci NOT NULL,
  `discount_amount` longtext COLLATE utf8_unicode_ci NOT NULL,
  `grand_total` int(11) NOT NULL
) ENGINE=MyISAM DEFAULT CHARSET=utf8 COLLATE=utf8_unicode_ci;

-- --------------------------------------------------------

--
-- Table structure for table `language`
--

CREATE TABLE `language` (
  `language_id` int(11) NOT NULL,
  `name` varchar(100) COLLATE utf8_unicode_ci NOT NULL,
  `phrase_id` int(11) NOT NULL,
  `phrase` longtext COLLATE utf8_unicode_ci NOT NULL,
  `english` longtext COLLATE utf8_unicode_ci NOT NULL,
  `bengali` longtext COLLATE utf8_unicode_ci NOT NULL,
  `spanish` longtext COLLATE utf8_unicode_ci NOT NULL,
  `arabic` longtext COLLATE utf8_unicode_ci NOT NULL,
  `dutch` longtext COLLATE utf8_unicode_ci NOT NULL,
  `polish` longtext COLLATE utf8_unicode_ci NOT NULL,
  `german` longtext COLLATE utf8_unicode_ci NOT NULL,
  `french` longtext COLLATE utf8_unicode_ci NOT NULL,
  `italian` longtext COLLATE utf8_unicode_ci NOT NULL,
  `russian` longtext COLLATE utf8_unicode_ci NOT NULL,
  `portugese` longtext COLLATE utf8_unicode_ci NOT NULL
) ENGINE=MyISAM DEFAULT CHARSET=utf8 COLLATE=utf8_unicode_ci;

--
-- Dumping data for table `language`
--

INSERT INTO `language` (`language_id`, `name`, `phrase_id`, `phrase`, `english`, `bengali`, `spanish`, `arabic`, `dutch`, `polish`, `german`, `french`, `italian`, `russian`, `portugese`) VALUES
(1, 'English', 0, '', '', '', '', '', '', '', '', '', '', '', ''),
(2, 'Hindi', 0, '', '', '', '', '', '', '', '', '', '', '', ''),
(3, 'Telugu', 0, '', '', '', '', '', '', '', '', '', '', '', ''),
(4, 'Tamil', 0, '', '', '', '', '', '', '', '', '', '', '', ''),
(5, 'Urdu', 0, '', '', '', '', '', '', '', '', '', '', '', ''),
(6, 'Kannada', 0, '', '', '', '', '', '', '', '', '', '', '', ''),
(7, 'Marathi', 0, '', '', '', '', '', '', '', '', '', '', '', '');

-- --------------------------------------------------------

--
-- Table structure for table `license`
--

CREATE TABLE `license` (
  `license_id` int(11) NOT NULL,
  `license_code` longtext NOT NULL,
  `name` longtext NOT NULL,
  `description` text NOT NULL
) ENGINE=MyISAM DEFAULT CHARSET=latin1;

--
-- Dumping data for table `license`
--

INSERT INTO `license` (`license_id`, `license_code`, `name`, `description`) VALUES
(1, 'LAA', 'LAA', 'LAA');

-- --------------------------------------------------------

--
-- Table structure for table `medicallabs`
--

CREATE TABLE `medicallabs` (
  `lab_id` int(11) NOT NULL,
  `unique_id` varchar(100) NOT NULL,
  `name` varchar(200) NOT NULL,
  `description` varchar(200) NOT NULL,
  `address` varchar(200) NOT NULL,
  `phone` varchar(200) NOT NULL,
  `owner_name` varchar(200) NOT NULL,
  `owner_mobile` varchar(200) NOT NULL,
  `hospital` int(11) NOT NULL,
  `branch` int(11) NOT NULL,
  `fname` varchar(200) NOT NULL,
  `lname` varchar(200) NOT NULL,
  `email` varchar(200) NOT NULL,
  `password` longtext NOT NULL,
  `aadhar` varchar(200) NOT NULL,
  `gender` varchar(200) NOT NULL,
  `dob` varchar(200) NOT NULL,
  `in_address` varchar(200) NOT NULL,
  `profession` varchar(200) NOT NULL,
  `qualification` varchar(200) NOT NULL,
  `experience` varchar(200) NOT NULL,
  `in_mobile` varchar(100) NOT NULL,
  `is_email` tinyint(4) NOT NULL DEFAULT '2' COMMENT '1=yes,2=no',
  `is_mobile` tinyint(4) NOT NULL DEFAULT '2' COMMENT '1=yes,2=no',
  `status` tinyint(4) NOT NULL COMMENT '1=active,2=inactive',
  `created_at` timestamp NOT NULL DEFAULT CURRENT_TIMESTAMP ON UPDATE CURRENT_TIMESTAMP,
  `modified_at` timestamp NOT NULL DEFAULT CURRENT_TIMESTAMP ON UPDATE CURRENT_TIMESTAMP
) ENGINE=MyISAM DEFAULT CHARSET=latin1;

--
-- Dumping data for table `medicallabs`
--

INSERT INTO `medicallabs` (`lab_id`, `unique_id`, `name`, `description`, `address`, `phone`, `owner_name`, `owner_mobile`, `hospital`, `branch`, `fname`, `lname`, `email`, `password`, `aadhar`, `gender`, `dob`, `in_address`, `profession`, `qualification`, `experience`, `in_mobile`, `is_email`, `is_mobile`, `status`, `created_at`, `modified_at`) VALUES
(1, 'MPL18_100001', 'ML 1', 'Medical Lab 1', 'Hyderabad', '7557747777', 'ML1', '7557747777', 1, 1, '', '', 'l1@g.com', '86f7e437faa5a7fce15d1ddcb9eaeaea377667b8', '', '', '', '', '', '', '', '', 1, 2, 1, '2018-10-31 18:00:52', '2018-10-31 18:00:52'),
(2, 'MPL18_100002', 'ML 2', 'Medical Lab 2', 'Hyderabad', '9966996699', 'ML 2', '9966996699', 2, 3, '', '', 'l2@g.com', '86f7e437faa5a7fce15d1ddcb9eaeaea377667b8', '', '', '', '', '', '', '', '', 1, 2, 1, '2018-10-31 18:00:56', '2018-10-31 18:00:56');

-- --------------------------------------------------------

--
-- Table structure for table `medicalstores`
--

CREATE TABLE `medicalstores` (
  `store_id` int(11) NOT NULL,
  `unique_id` varchar(100) NOT NULL,
  `name` varchar(200) NOT NULL,
  `description` varchar(200) NOT NULL,
  `address` varchar(200) NOT NULL,
  `phone` varchar(200) NOT NULL,
  `owner_name` varchar(200) NOT NULL,
  `owner_mobile` varchar(200) NOT NULL,
  `hospital` int(11) NOT NULL,
  `branch` int(11) NOT NULL,
  `fname` varchar(200) NOT NULL,
  `lname` varchar(200) NOT NULL,
  `email` varchar(200) NOT NULL,
  `password` longtext NOT NULL,
  `aadhar` varchar(200) NOT NULL,
  `gender` varchar(200) NOT NULL,
  `dob` varchar(200) NOT NULL,
  `in_address` varchar(200) NOT NULL,
  `profession` varchar(200) NOT NULL,
  `qualification` varchar(200) NOT NULL,
  `experience` varchar(200) NOT NULL,
  `is_email` tinyint(4) NOT NULL DEFAULT '2' COMMENT '1=yes,2=no',
  `is_mobile` tinyint(4) NOT NULL DEFAULT '2' COMMENT '1=yes,2=no',
  `status` tinyint(4) NOT NULL COMMENT '1=active,2=inactive',
  `created_at` timestamp NOT NULL DEFAULT CURRENT_TIMESTAMP ON UPDATE CURRENT_TIMESTAMP,
  `modified_at` timestamp NOT NULL DEFAULT CURRENT_TIMESTAMP ON UPDATE CURRENT_TIMESTAMP
) ENGINE=MyISAM DEFAULT CHARSET=latin1;

--
-- Dumping data for table `medicalstores`
--

INSERT INTO `medicalstores` (`store_id`, `unique_id`, `name`, `description`, `address`, `phone`, `owner_name`, `owner_mobile`, `hospital`, `branch`, `fname`, `lname`, `email`, `password`, `aadhar`, `gender`, `dob`, `in_address`, `profession`, `qualification`, `experience`, `is_email`, `is_mobile`, `status`, `created_at`, `modified_at`) VALUES
(1, 'MPS18_100001', 'MS1', 'Medical Store 1', 'Hyderabad', '7778884444', 'MS1', '7778884444', 1, 1, '', '', 's1@g.com', '86f7e437faa5a7fce15d1ddcb9eaeaea377667b8', '', '', '', '', '', '', '', 1, 2, 1, '2018-10-31 18:01:02', '2018-10-31 18:01:02'),
(2, 'MPS18_100002', 'MS 2', 'Medical Store 2', 'Hyderabad', '8855588555', 'MS 2', '8855588555', 2, 3, '', '', 's2@g.com', '86f7e437faa5a7fce15d1ddcb9eaeaea377667b8', '', '', '', '', '', '', '', 1, 2, 1, '2018-10-31 18:01:05', '2018-10-31 18:01:05');

-- --------------------------------------------------------

--
-- Table structure for table `medicine`
--

CREATE TABLE `medicine` (
  `medicine_id` int(11) NOT NULL,
  `name` longtext COLLATE utf8_unicode_ci NOT NULL,
  `medicine_category_id` int(11) NOT NULL,
  `description` longtext COLLATE utf8_unicode_ci NOT NULL,
  `price` longtext COLLATE utf8_unicode_ci NOT NULL,
  `manufacturing_company` longtext COLLATE utf8_unicode_ci NOT NULL,
  `status` longtext COLLATE utf8_unicode_ci NOT NULL
) ENGINE=MyISAM DEFAULT CHARSET=utf8 COLLATE=utf8_unicode_ci;

-- --------------------------------------------------------

--
-- Table structure for table `medicine_category`
--

CREATE TABLE `medicine_category` (
  `medicine_category_id` int(11) NOT NULL,
  `name` longtext COLLATE utf8_unicode_ci NOT NULL,
  `description` longtext COLLATE utf8_unicode_ci NOT NULL
) ENGINE=MyISAM DEFAULT CHARSET=utf8 COLLATE=utf8_unicode_ci;

-- --------------------------------------------------------

--
-- Table structure for table `messages`
--

CREATE TABLE `messages` (
  `message_id` int(11) NOT NULL,
  `created_by` varchar(100) NOT NULL,
  `user_to` text,
  `user_too` text,
  `hospital_id` int(11) NOT NULL,
  `title` text NOT NULL,
  `message` text NOT NULL,
  `created_at` datetime NOT NULL DEFAULT CURRENT_TIMESTAMP ON UPDATE CURRENT_TIMESTAMP
) ENGINE=InnoDB DEFAULT CHARSET=latin1;

-- --------------------------------------------------------

--
-- Table structure for table `notification`
--

CREATE TABLE `notification` (
  `id` int(11) NOT NULL,
  `created_by` text NOT NULL,
  `user_id` text NOT NULL,
  `title` text NOT NULL,
  `text` text NOT NULL,
  `isRead` tinyint(4) NOT NULL DEFAULT '2' COMMENT '1=yes,2=no',
  `action` text,
  `created_at` datetime DEFAULT CURRENT_TIMESTAMP,
  `isDeleted` tinyint(4) NOT NULL DEFAULT '0'
) ENGINE=MyISAM DEFAULT CHARSET=latin1;

-- --------------------------------------------------------

--
-- Table structure for table `nurse`
--

CREATE TABLE `nurse` (
  `nurse_id` int(11) NOT NULL,
  `unique_id` varchar(100) NOT NULL,
  `name` longtext CHARACTER SET utf8 COLLATE utf8_unicode_ci NOT NULL,
  `mname` longtext NOT NULL,
  `lname` longtext NOT NULL,
  `email` longtext CHARACTER SET utf8 COLLATE utf8_unicode_ci NOT NULL,
  `password` longtext CHARACTER SET utf8 COLLATE utf8_unicode_ci NOT NULL,
  `address` longtext CHARACTER SET utf8 COLLATE utf8_unicode_ci NOT NULL,
  `hospital_id` int(11) NOT NULL,
  `branch_id` int(11) NOT NULL,
  `department_id` int(11) NOT NULL,
  `doctor_id` text NOT NULL,
  `country` int(11) NOT NULL,
  `state` int(11) NOT NULL,
  `district` int(11) NOT NULL,
  `city` int(11) NOT NULL,
  `description` longtext NOT NULL,
  `gender` varchar(30) NOT NULL,
  `dob` text NOT NULL,
  `aadhar` varchar(60) NOT NULL,
  `qualification` longtext NOT NULL,
  `experience` varchar(20) NOT NULL,
  `phone` longtext NOT NULL,
  `is_email` tinyint(4) NOT NULL DEFAULT '2' COMMENT '1=yes,2=no',
  `is_mobile` tinyint(4) NOT NULL DEFAULT '2' COMMENT '1=yes,2=no',
  `status` tinyint(4) NOT NULL COMMENT '1=active,2=inactive',
  `created_at` timestamp NULL DEFAULT CURRENT_TIMESTAMP ON UPDATE CURRENT_TIMESTAMP,
  `modified_at` timestamp NOT NULL DEFAULT CURRENT_TIMESTAMP ON UPDATE CURRENT_TIMESTAMP
) ENGINE=MyISAM DEFAULT CHARSET=latin1;

--
-- Dumping data for table `nurse`
--

INSERT INTO `nurse` (`nurse_id`, `unique_id`, `name`, `mname`, `lname`, `email`, `password`, `address`, `hospital_id`, `branch_id`, `department_id`, `doctor_id`, `country`, `state`, `district`, `city`, `description`, `gender`, `dob`, `aadhar`, `qualification`, `experience`, `phone`, `is_email`, `is_mobile`, `status`, `created_at`, `modified_at`) VALUES
(1, 'MPN18_100001', 'N1', '', 'N1', 'n1@g.com', '86f7e437faa5a7fce15d1ddcb9eaeaea377667b8', '', 1, 1, 1, '1', 0, 0, 0, 0, 'Nurse 1', '', '', '', '', '', '7744774476', 1, 2, 1, '2018-10-31 18:01:19', '2018-10-31 18:01:19'),
(2, 'MPN18_100002', 'N2', '', 'N2', 'n2@g.com', '86f7e437faa5a7fce15d1ddcb9eaeaea377667b8', '', 2, 3, 0, '3', 0, 0, 0, 0, 'Nurse 2', '', '', '', '', '', '7755588448', 1, 2, 1, '2018-10-31 18:01:23', '2018-10-31 18:01:23');

-- --------------------------------------------------------

--
-- Table structure for table `patient`
--

CREATE TABLE `patient` (
  `id` int(11) NOT NULL,
  `hospital_ids` text NOT NULL,
  `doctor_ids` text NOT NULL,
  `user_id` int(11) NOT NULL
) ENGINE=InnoDB DEFAULT CHARSET=latin1;

-- --------------------------------------------------------

--
-- Table structure for table `prescription`
--

CREATE TABLE `prescription` (
  `prescription_id` int(11) NOT NULL,
  `timestamp` longtext COLLATE utf8_unicode_ci NOT NULL,
  `doctor_id` int(11) NOT NULL,
  `patient_id` int(11) NOT NULL,
  `case_history` longtext COLLATE utf8_unicode_ci NOT NULL,
  `medication` longtext COLLATE utf8_unicode_ci NOT NULL,
  `note` longtext COLLATE utf8_unicode_ci NOT NULL
) ENGINE=MyISAM DEFAULT CHARSET=utf8 COLLATE=utf8_unicode_ci;

-- --------------------------------------------------------

--
-- Table structure for table `receptionist`
--

CREATE TABLE `receptionist` (
  `receptionist_id` int(11) NOT NULL,
  `unique_id` varchar(100) NOT NULL,
  `name` longtext CHARACTER SET utf8 COLLATE utf8_unicode_ci NOT NULL,
  `mname` longtext NOT NULL,
  `lname` longtext NOT NULL,
  `email` longtext CHARACTER SET utf8 COLLATE utf8_unicode_ci NOT NULL,
  `password` longtext CHARACTER SET utf8 COLLATE utf8_unicode_ci NOT NULL,
  `address` longtext CHARACTER SET utf8 COLLATE utf8_unicode_ci NOT NULL,
  `hospital_id` int(11) NOT NULL,
  `branch_id` int(11) NOT NULL,
  `department_id` int(11) NOT NULL,
  `doctor_id` text NOT NULL,
  `country` int(11) NOT NULL,
  `state` int(11) NOT NULL,
  `district` int(11) NOT NULL,
  `city` int(11) NOT NULL,
  `description` longtext NOT NULL,
  `gender` varchar(30) NOT NULL,
  `dob` text NOT NULL,
  `aadhar` varchar(60) NOT NULL,
  `qualification` longtext NOT NULL,
  `experience` varchar(20) NOT NULL,
  `phone` longtext NOT NULL,
  `is_email` tinyint(4) NOT NULL DEFAULT '2' COMMENT '1=yes,2=no',
  `is_mobile` int(11) NOT NULL DEFAULT '2' COMMENT '1=yes,2=no',
  `status` tinyint(4) NOT NULL COMMENT '1=active,2=inactive',
  `created_at` timestamp NOT NULL DEFAULT CURRENT_TIMESTAMP ON UPDATE CURRENT_TIMESTAMP,
  `modified_at` timestamp NOT NULL DEFAULT CURRENT_TIMESTAMP ON UPDATE CURRENT_TIMESTAMP
) ENGINE=MyISAM DEFAULT CHARSET=latin1;

--
-- Dumping data for table `receptionist`
--

INSERT INTO `receptionist` (`receptionist_id`, `unique_id`, `name`, `mname`, `lname`, `email`, `password`, `address`, `hospital_id`, `branch_id`, `department_id`, `doctor_id`, `country`, `state`, `district`, `city`, `description`, `gender`, `dob`, `aadhar`, `qualification`, `experience`, `phone`, `is_email`, `is_mobile`, `status`, `created_at`, `modified_at`) VALUES
(1, 'MPR18_100001', 'R1', '', 'R1', 'r1@g.com', '86f7e437faa5a7fce15d1ddcb9eaeaea377667b8', '', 1, 1, 0, '1,2', 0, 0, 0, 0, 'receptionist 1', '', '', '', '', '', '1514121214', 1, 2, 1, '2018-10-31 18:01:33', '2018-10-31 18:01:33'),
(2, 'MPR18_100002', 'R2', '', 'R2', 'r2@g.com', '86f7e437faa5a7fce15d1ddcb9eaeaea377667b8', '', 2, 3, 3, '3', 0, 0, 0, 0, 'Receptionist 2', '', '', '', '', '', '1996644455', 1, 2, 1, '2018-10-31 18:01:36', '2018-10-31 18:01:36');

-- --------------------------------------------------------

--
-- Table structure for table `settings`
--

CREATE TABLE `settings` (
  `settings_id` int(11) NOT NULL,
  `type` longtext CHARACTER SET utf8 COLLATE utf8_unicode_ci NOT NULL,
  `description` longtext CHARACTER SET utf8 COLLATE utf8_unicode_ci NOT NULL
) ENGINE=MyISAM DEFAULT CHARSET=latin1;

--
-- Dumping data for table `settings`
--

INSERT INTO `settings` (`settings_id`, `type`, `description`) VALUES
(1, 'system_name', 'MyPulse'),
(2, 'system_title', 'MyPulse'),
(3, 'address', 'India'),
(4, 'phone', '77556555656'),
(5, 'paypal_email', ''),
(6, 'currency', ''),
(7, 'system_email', 'mypules@gmail.com'),
(8, 'buyer', '[ your-codecanyon-username-here ]'),
(9, 'purchase_code', '[ your-purchase-code-here ]'),
(11, 'language', 'spanish'),
(12, 'text_align', ''),
(13, 'system_currency_id', '1'),
(14, 'clickatell_user', '[YOUR CLICKATELL USERNAME]'),
(15, 'clickatell_password', '[YOUR CLICKATELL PASSWORD]'),
(16, 'clickatell_api_id', '[YOUR CLICKATELL API ID]'),
(17, 'GST', ''),
(19, 'privacy', '<p style=\"text-align:center\"><span style=\"color:#008080\"><span style=\"font-size:16px\"><strong>Capgemini believes that the establishment of trust and privacy is instrumental to the continued growth of the Internet. &nbsp;We also believe that the efficient collection, use and transfer of information serve to enhance the development of the Internet and electronic commerce, provided that such information is handled in a fair and responsible manner.</strong></span></span></p>\r\n\r\n<p>&nbsp;</p>\r\n\r\n<h2><span style=\"color:#008080\"><strong>Introduction</strong></span></h2>\r\n\r\n<p>Data protection is a key concern for Capgemini which has been placing this matter as a priority for long. Hence, transparency regarding the way we process the personal data we collect is a commitment for us. The information provided below intends to provide you all relevant information in relation to the collection and processing of information which may be collected through this website&nbsp;<a href=\"http://www.capgemini.com/\">www.capgemini.com</a>, (hereinafter, &ldquo;the website&rdquo;)</p>\r\n\r\n<p>Capgemini Services SAS (hereinafter, &ldquo;we&rdquo;, &ldquo;us&rdquo;, &ldquo;our&rdquo; or &ldquo;Capgemini&rdquo;) may collect and process personal data relating to you when you visit this website.</p>\r\n\r\n<h2><span style=\"color:#008080\"><span style=\"font-size:16px\"><strong>Processing of Your Personal Data</strong></span></span></h2>\r\n\r\n<p>Generally, you can visit our website without providing any personal data about yourself. However, in order to access some parts of our websites and/or for you to request specific information or services, we may need to collect personal data from you which we will process for the purposes described hereunder.</p>\r\n\r\n<p>As part of pre-contractual and/or contractual obligations, we may process your personal data for:</p>\r\n\r\n<ul>\r\n	<li>answering any requests, queries or inquires you may submit on our website; but also</li>\r\n	<li>enabling you log on certain restricted parts of our website;</li>\r\n	<li>managing your participation to online context</li>\r\n</ul>\r\n\r\n<p>We may also use the personal data you share with us, for:</p>\r\n\r\n<ul>\r\n	<li>maintaining and improving the website as well as to ensuring its security;</li>\r\n	<li>conducting customer satisfaction surveys;</li>\r\n	<li>manage the forums to which you may take part;</li>\r\n	<li>recruitment purposes related when you submit a resume or a job application online; and</li>\r\n	<li>compiling aggregate statistics regarding the use of the website.</li>\r\n</ul>\r\n'),
(20, 'terms', '<p style=\"text-align: center;\"><span style=\"color:#008080\"><span style=\"font-size:22px\"><u><strong>Terms of Use</strong></u></span></span></p>\r\n\r\n<p>&nbsp;</p>\r\n\r\n<h3>1) <span style=\"color:#008080\"><strong>Acceptance</strong></span></h3>\r\n\r\n<p>By accessing and browsing the Capgemini (the &ldquo;Company&rdquo;) website or by using and/or downloading any content from same, you agree and accept the Terms of Use as set forth below.</p>\r\n\r\n<h3>2) <span style=\"color:#008080\"><strong>Purpose of the website</strong></span></h3>\r\n\r\n<p>All the materials contained in the Company&rsquo;s website are provided for informational purposes only and shall not be construed as a commercial offer, a license, an advisory, fiduciary or professional relationship between you and the Company. No information provided on this site shall be considered a substitute for your independent investigation.</p>\r\n\r\n<p>The information provided on this website may be related to products or services that are not available in your country.</p>\r\n\r\n<h3>3) <span style=\"color:#008080\"><strong>Links to Third-Party Websites</strong></span></h3>\r\n\r\n<p>Links to third-party websites are provided for convenience only and do not imply any approval or endorsement by the Company of the linked sites, even if they may contain the Company&rsquo;s logo, as such sites are beyond the Company&rsquo;s control. Thus, the Company cannot be held responsible for the content of any linked site or any link contained therein.</p>\r\n\r\n<p>You acknowledge that framing the Company&rsquo;s website or any similar process is prohibited.</p>\r\n\r\n<h3>4) <span style=\"color:#008080\"><strong>Intellectual Property</strong></span></h3>\r\n\r\n<p>This website is protected by intellectual property rights and is the exclusive property of the Company. Any material that it contains, including, but not limited to, texts, data, graphics, pictures, sounds, videos, logos, icons or html code is protected under intellectual property law and remains the Company or third party&rsquo;s property.</p>\r\n\r\n<p>You may use this material for personal and non-commercial purposes in accordance with the principles governing intellectual property law. Any other use or modification of the content of the Company&rsquo;s website without the Company&rsquo;s prior written authorization is prohibited.</p>\r\n\r\n<p>Registered Trademarks:</p>\r\n\r\n<ul>\r\n	<li>Rightshore&reg; is a trademark belonging to Capgemini</li>\r\n	<li>Collaborative Business Experience&trade; is a trademark belonging to Capgemini</li>\r\n</ul>\r\n\r\n<h3>5) <span style=\"color:#008080\"><strong>Warranty and Liability</strong></span></h3>\r\n\r\n<p>All materials, including downloadable software, contained in the Company&rsquo;s website is provided &laquo;as is&raquo; and without warranty of any kind to the extent allowed by the applicable law; While the Company will use reasonable efforts to provide reliable information through its website, the Company does not warrant that this website is free of inaccuracies, errors and/or omissions, viruses, worms, Trojan horses and the like, or that its content is appropriate for your particular use or up to date, and the Company reserves the right to change the information at any time without notice. The Company does not warrant any results derived from the use of any software available on this site. You are solely responsible for any use of the materials contained in this site.</p>\r\n\r\n<p>The information contained in this site does not extend or modify the warranty that may apply to you as a result of a contractual relationship with the Company.</p>\r\n\r\n<p>The Company will not be liable for any indirect, consequential or incidental damages, including but not limited to lost profits or revenues, business interruption, loss of data arising out of or in connection with the use, inability to use or reliance on any material contained in this site or any linked site.</p>\r\n\r\n<p>In any event, the liability of the Company for direct damages arising out of or in connection with the use, inability to use or reliance on any material contained in this site or any linked site shall not exceed the amount of Euros 1,000</p>\r\n\r\n<h3>6) <span style=\"color:#008080\"><strong>Online Privacy Policy &ndash; Use of Cookies</strong></span></h3>\r\n\r\n<p>Please check our&nbsp;<a href=\"https://www.capgemini.com/privacy-policy\">Online Privacy Policy</a></p>\r\n\r\n<h3>7) <span style=\"color:#008080\"><strong>Users&rsquo; Comments</strong></span></h3>\r\n\r\n<p>The Company does not assume any obligation to monitor the information that you may post on its website.</p>\r\n\r\n<p>You warrant that any information, Materials (the term &ldquo;Material&rdquo; is intended to cover all projects, files or other attachments sent to us) or comments other than personal data, that you may transmit to the Company through the website does not infringe intellectual property rights or any other applicable law. Such information, Materials or comments, will be treated as non-confidential and non proprietary. By submitting any information or material, you give the Company an unlimited and irrevocable license to use, execute, show, modify and transmit such information, Material or comments, including any underlying idea, concept or know-how (the term &ldquo;Material&rdquo; is intended to cover all projects, files or other attachments sent to us). The Company reserves the right to use such information in any way it chooses.</p>\r\n\r\n<h3>8) <span style=\"color:#008080\"><strong>Applicable law &ndash; Severability</strong></span></h3>\r\n\r\n<p>Any controversy or claim arising out of or related to the Terms of Use shall be governed by French law. The Commercial Court of Paris will have exclusive jurisdiction.</p>\r\n\r\n<p>If any provision of these Terms of Use is held by a court to be illegal, invalid or unenforceable, the remaining provisions shall remain in full force and effect.</p>\r\n\r\n<h3>9) <span style=\"color:#008080\"><strong>Modifications of the Terms of Use</strong></span></h3>\r\n\r\n<p>The Company reserves the right to change the Terms of Use under which this website is offered at any time and without notice. You will be automatically bound by these modifications when you use this site, and should periodically read the Terms of Use.</p>\r\n');

-- --------------------------------------------------------

--
-- Table structure for table `specializations`
--

CREATE TABLE `specializations` (
  `specializations_id` int(11) NOT NULL,
  `name` varchar(100) NOT NULL
) ENGINE=InnoDB DEFAULT CHARSET=latin1;

-- --------------------------------------------------------

--
-- Table structure for table `state`
--

CREATE TABLE `state` (
  `state_id` int(11) NOT NULL,
  `country_id` int(11) NOT NULL,
  `name` text NOT NULL
) ENGINE=MyISAM DEFAULT CHARSET=latin1;

--
-- Dumping data for table `state`
--

INSERT INTO `state` (`state_id`, `country_id`, `name`) VALUES
(1, 1, 'Andhra Pradesh'),
(2, 1, 'Telangana');

-- --------------------------------------------------------

--
-- Table structure for table `superadmin`
--

CREATE TABLE `superadmin` (
  `superadmin_id` int(11) NOT NULL,
  `name` longtext COLLATE utf8_unicode_ci NOT NULL,
  `mname` text COLLATE utf8_unicode_ci NOT NULL,
  `lname` text COLLATE utf8_unicode_ci NOT NULL,
  `email` longtext COLLATE utf8_unicode_ci NOT NULL,
  `password` longtext COLLATE utf8_unicode_ci NOT NULL,
  `phone` varchar(100) COLLATE utf8_unicode_ci NOT NULL,
  `description` text COLLATE utf8_unicode_ci NOT NULL,
  `address` text COLLATE utf8_unicode_ci NOT NULL,
  `gender` varchar(50) COLLATE utf8_unicode_ci NOT NULL,
  `dob` text COLLATE utf8_unicode_ci NOT NULL,
  `country` int(11) NOT NULL,
  `state` int(11) NOT NULL,
  `district` int(11) NOT NULL,
  `city` int(11) NOT NULL,
  `is_email` tinyint(4) NOT NULL DEFAULT '2' COMMENT '1=yes,2=no',
  `is_mobile` tinyint(4) NOT NULL DEFAULT '2' COMMENT '1=yes,2=no',
  `status` tinyint(4) NOT NULL COMMENT '1=active,2=inactive',
  `created_at` timestamp NOT NULL DEFAULT CURRENT_TIMESTAMP ON UPDATE CURRENT_TIMESTAMP,
  `modified_at` timestamp NOT NULL DEFAULT CURRENT_TIMESTAMP ON UPDATE CURRENT_TIMESTAMP
) ENGINE=MyISAM DEFAULT CHARSET=utf8 COLLATE=utf8_unicode_ci;

--
-- Dumping data for table `superadmin`
--

INSERT INTO `superadmin` (`superadmin_id`, `name`, `mname`, `lname`, `email`, `password`, `phone`, `description`, `address`, `gender`, `dob`, `country`, `state`, `district`, `city`, `is_email`, `is_mobile`, `status`, `created_at`, `modified_at`) VALUES
(1, 'Super Admin', '', 'Admin', 'sa@g.com', '86f7e437faa5a7fce15d1ddcb9eaeaea377667b8', '8121815501', 'Super admin', 'HYD', 'male', '11/04/1996', 1, 1, 1, 1, 1, 1, 1, '2018-10-31 14:21:33', '2018-10-31 14:21:33');

-- --------------------------------------------------------

--
-- Table structure for table `users`
--

CREATE TABLE `users` (
  `user_id` int(11) NOT NULL,
  `unique_id` varchar(100) COLLATE utf8_unicode_ci NOT NULL,
  `name` longtext COLLATE utf8_unicode_ci NOT NULL,
  `mname` longtext COLLATE utf8_unicode_ci NOT NULL,
  `lname` longtext COLLATE utf8_unicode_ci NOT NULL,
  `email` longtext COLLATE utf8_unicode_ci NOT NULL,
  `password` longtext COLLATE utf8_unicode_ci NOT NULL,
  `description` text COLLATE utf8_unicode_ci NOT NULL,
  `country` int(11) NOT NULL,
  `state` int(11) NOT NULL,
  `district` int(11) NOT NULL,
  `city` int(11) NOT NULL,
  `address` longtext COLLATE utf8_unicode_ci NOT NULL,
  `phone` longtext COLLATE utf8_unicode_ci NOT NULL,
  `sex` longtext COLLATE utf8_unicode_ci NOT NULL,
  `dob` text COLLATE utf8_unicode_ci NOT NULL,
  `age` int(11) NOT NULL,
  `patient_type` varchar(100) COLLATE utf8_unicode_ci NOT NULL,
  `blood_group` longtext COLLATE utf8_unicode_ci NOT NULL,
  `in_time` longtext COLLATE utf8_unicode_ci NOT NULL,
  `account_opening_timestamp` int(11) NOT NULL,
  `aadhar` varchar(30) COLLATE utf8_unicode_ci NOT NULL,
  `height` text COLLATE utf8_unicode_ci NOT NULL,
  `weight` text COLLATE utf8_unicode_ci NOT NULL,
  `blood_pressure` text COLLATE utf8_unicode_ci NOT NULL,
  `sugar_level` text COLLATE utf8_unicode_ci NOT NULL,
  `health_insurance_provider` longtext COLLATE utf8_unicode_ci NOT NULL,
  `health_insurance_id` longtext COLLATE utf8_unicode_ci NOT NULL,
  `family_history` longtext COLLATE utf8_unicode_ci NOT NULL,
  `past_medical_history` longtext COLLATE utf8_unicode_ci NOT NULL,
  `reg_status` tinyint(4) NOT NULL DEFAULT '1' COMMENT '1=registered,2=unregistered',
  `is_email` tinyint(4) NOT NULL DEFAULT '2' COMMENT '1=yes,2=no',
  `is_mobile` tinyint(4) NOT NULL DEFAULT '2' COMMENT '1=yes,2=no',
  `status` tinyint(4) NOT NULL DEFAULT '1' COMMENT '1=active,2=inactive',
  `created_at` timestamp NOT NULL DEFAULT CURRENT_TIMESTAMP ON UPDATE CURRENT_TIMESTAMP,
  `modified_at` timestamp NOT NULL DEFAULT CURRENT_TIMESTAMP ON UPDATE CURRENT_TIMESTAMP
) ENGINE=MyISAM DEFAULT CHARSET=utf8 COLLATE=utf8_unicode_ci;

--
-- Dumping data for table `users`
--

INSERT INTO `users` (`user_id`, `unique_id`, `name`, `mname`, `lname`, `email`, `password`, `description`, `country`, `state`, `district`, `city`, `address`, `phone`, `sex`, `dob`, `age`, `patient_type`, `blood_group`, `in_time`, `account_opening_timestamp`, `aadhar`, `height`, `weight`, `blood_pressure`, `sugar_level`, `health_insurance_provider`, `health_insurance_id`, `family_history`, `past_medical_history`, `reg_status`, `is_email`, `is_mobile`, `status`, `created_at`, `modified_at`) VALUES
(1, 'MPU18_100001', 'U1', '', 'U1', 'u1@g.com', 'e5a1b2af03e9efe769bd8398475bb091f3356c3e', 'User 1', 0, 0, 0, 0, '', '8121815502', '', '', 0, '', '', '', 0, '', '', '', '', '', '', '', '', '', 1, 1, 2, 1, '2018-10-31 18:02:12', '2018-10-31 18:02:12'),
(2, 'MPU18_100002', 'U2', '', 'U2', 'u2@g.com', 'e5a1b2af03e9efe769bd8398475bb091f3356c3e', 'User 2', 0, 0, 0, 0, '', '8121815555', '', '', 0, '', '', '', 0, '', '', '', '', '', '', '', '', '', 1, 1, 2, 1, '2018-10-31 18:02:15', '2018-10-31 18:02:15'),
(3, 'MPU18_100003', 'U3', '', 'U3', 'u3@g.com', 'e5a1b2af03e9efe769bd8398475bb091f3356c3e', 'User 3', 0, 0, 0, 0, '', '8121810202', '', '', 0, '', '', '', 0, '', '', '', '', '', '', '', '', '', 1, 1, 2, 1, '2018-10-31 18:02:19', '2018-10-31 18:02:19'),
(4, 'MPU18_100004', 'U4', '', 'U4', 'u4@g.com', 'e5a1b2af03e9efe769bd8398475bb091f3356c3e', 'User 4', 0, 0, 0, 0, '', '8121818181', '', '', 0, '', '', '', 0, '', '', '', '', '', '', '', '', '', 1, 1, 2, 1, '2018-10-31 18:02:22', '2018-10-31 18:02:22');

-- --------------------------------------------------------

--
-- Table structure for table `ward`
--

CREATE TABLE `ward` (
  `ward_id` int(11) NOT NULL,
  `hospital_id` int(11) NOT NULL,
  `branch_id` int(11) NOT NULL,
  `department_id` int(11) NOT NULL,
  `name` longtext CHARACTER SET utf8 COLLATE utf8_unicode_ci NOT NULL,
  `description` longtext CHARACTER SET utf8 COLLATE utf8_unicode_ci NOT NULL,
  `status` tinyint(4) NOT NULL COMMENT '1=active,2=inactive'
) ENGINE=MyISAM DEFAULT CHARSET=latin1;

--
-- Dumping data for table `ward`
--

INSERT INTO `ward` (`ward_id`, `hospital_id`, `branch_id`, `department_id`, `name`, `description`, `status`) VALUES
(1, 1, 1, 1, 'W111', 'Ward111', 0),
(2, 1, 1, 1, 'W112', 'Ward112', 0),
(3, 2, 3, 3, 'W311', 'Ward311', 0),
(4, 2, 3, 3, 'W312', 'Ward312', 0),
(5, 2, 4, 5, 'W445', 'Ward445', 0);

--
-- Indexes for dumped tables
--

--
-- Indexes for table `appointments`
--
ALTER TABLE `appointments`
  ADD PRIMARY KEY (`appointment_id`);

--
-- Indexes for table `appointment_history`
--
ALTER TABLE `appointment_history`
  ADD PRIMARY KEY (`appointment_history_id`);

--
-- Indexes for table `availability`
--
ALTER TABLE `availability`
  ADD PRIMARY KEY (`availability_id`);

--
-- Indexes for table `availability_slat`
--
ALTER TABLE `availability_slat`
  ADD PRIMARY KEY (`id`);

--
-- Indexes for table `bed`
--
ALTER TABLE `bed`
  ADD PRIMARY KEY (`bed_id`);

--
-- Indexes for table `branch`
--
ALTER TABLE `branch`
  ADD PRIMARY KEY (`branch_id`);

--
-- Indexes for table `checkups`
--
ALTER TABLE `checkups`
  ADD PRIMARY KEY (`id`);

--
-- Indexes for table `city`
--
ALTER TABLE `city`
  ADD PRIMARY KEY (`city_id`);

--
-- Indexes for table `ci_sessions`
--
ALTER TABLE `ci_sessions`
  ADD PRIMARY KEY (`id`),
  ADD KEY `ci_sessions_timestamp` (`timestamp`);

--
-- Indexes for table `country`
--
ALTER TABLE `country`
  ADD PRIMARY KEY (`country_id`);

--
-- Indexes for table `department`
--
ALTER TABLE `department`
  ADD PRIMARY KEY (`department_id`);

--
-- Indexes for table `diagnosis_report`
--
ALTER TABLE `diagnosis_report`
  ADD PRIMARY KEY (`diagnosis_report_id`);

--
-- Indexes for table `district`
--
ALTER TABLE `district`
  ADD PRIMARY KEY (`district_id`);

--
-- Indexes for table `doctors`
--
ALTER TABLE `doctors`
  ADD PRIMARY KEY (`doctor_id`);

--
-- Indexes for table `health_insurance_provider`
--
ALTER TABLE `health_insurance_provider`
  ADD PRIMARY KEY (`health_insurance_provider_id`);

--
-- Indexes for table `hospitaladmins`
--
ALTER TABLE `hospitaladmins`
  ADD PRIMARY KEY (`admin_id`);

--
-- Indexes for table `hospitals`
--
ALTER TABLE `hospitals`
  ADD PRIMARY KEY (`hospital_id`);

--
-- Indexes for table `inpatient`
--
ALTER TABLE `inpatient`
  ADD PRIMARY KEY (`id`);

--
-- Indexes for table `inpatient_history`
--
ALTER TABLE `inpatient_history`
  ADD PRIMARY KEY (`id`);

--
-- Indexes for table `invoice`
--
ALTER TABLE `invoice`
  ADD PRIMARY KEY (`invoice_id`);

--
-- Indexes for table `language`
--
ALTER TABLE `language`
  ADD PRIMARY KEY (`language_id`);

--
-- Indexes for table `license`
--
ALTER TABLE `license`
  ADD PRIMARY KEY (`license_id`);

--
-- Indexes for table `medicallabs`
--
ALTER TABLE `medicallabs`
  ADD PRIMARY KEY (`lab_id`);

--
-- Indexes for table `medicalstores`
--
ALTER TABLE `medicalstores`
  ADD PRIMARY KEY (`store_id`);

--
-- Indexes for table `medicine`
--
ALTER TABLE `medicine`
  ADD PRIMARY KEY (`medicine_id`);

--
-- Indexes for table `medicine_category`
--
ALTER TABLE `medicine_category`
  ADD PRIMARY KEY (`medicine_category_id`);

--
-- Indexes for table `messages`
--
ALTER TABLE `messages`
  ADD PRIMARY KEY (`message_id`);

--
-- Indexes for table `notification`
--
ALTER TABLE `notification`
  ADD PRIMARY KEY (`id`);

--
-- Indexes for table `nurse`
--
ALTER TABLE `nurse`
  ADD PRIMARY KEY (`nurse_id`);

--
-- Indexes for table `patient`
--
ALTER TABLE `patient`
  ADD PRIMARY KEY (`id`);

--
-- Indexes for table `prescription`
--
ALTER TABLE `prescription`
  ADD PRIMARY KEY (`prescription_id`);

--
-- Indexes for table `receptionist`
--
ALTER TABLE `receptionist`
  ADD PRIMARY KEY (`receptionist_id`);

--
-- Indexes for table `settings`
--
ALTER TABLE `settings`
  ADD PRIMARY KEY (`settings_id`);

--
-- Indexes for table `specializations`
--
ALTER TABLE `specializations`
  ADD PRIMARY KEY (`specializations_id`);

--
-- Indexes for table `state`
--
ALTER TABLE `state`
  ADD PRIMARY KEY (`state_id`);

--
-- Indexes for table `superadmin`
--
ALTER TABLE `superadmin`
  ADD PRIMARY KEY (`superadmin_id`);

--
-- Indexes for table `users`
--
ALTER TABLE `users`
  ADD PRIMARY KEY (`user_id`);

--
-- Indexes for table `ward`
--
ALTER TABLE `ward`
  ADD PRIMARY KEY (`ward_id`);

--
-- AUTO_INCREMENT for dumped tables
--

--
-- AUTO_INCREMENT for table `appointments`
--
ALTER TABLE `appointments`
  MODIFY `appointment_id` int(11) NOT NULL AUTO_INCREMENT;

--
-- AUTO_INCREMENT for table `appointment_history`
--
ALTER TABLE `appointment_history`
  MODIFY `appointment_history_id` int(11) NOT NULL AUTO_INCREMENT;

--
-- AUTO_INCREMENT for table `availability`
--
ALTER TABLE `availability`
  MODIFY `availability_id` int(11) NOT NULL AUTO_INCREMENT;

--
-- AUTO_INCREMENT for table `availability_slat`
--
ALTER TABLE `availability_slat`
  MODIFY `id` int(11) NOT NULL AUTO_INCREMENT, AUTO_INCREMENT=119;

--
-- AUTO_INCREMENT for table `bed`
--
ALTER TABLE `bed`
  MODIFY `bed_id` int(11) NOT NULL AUTO_INCREMENT, AUTO_INCREMENT=6;

--
-- AUTO_INCREMENT for table `branch`
--
ALTER TABLE `branch`
  MODIFY `branch_id` int(11) NOT NULL AUTO_INCREMENT, AUTO_INCREMENT=5;

--
-- AUTO_INCREMENT for table `checkups`
--
ALTER TABLE `checkups`
  MODIFY `id` int(11) NOT NULL AUTO_INCREMENT;

--
-- AUTO_INCREMENT for table `city`
--
ALTER TABLE `city`
  MODIFY `city_id` int(11) NOT NULL AUTO_INCREMENT, AUTO_INCREMENT=4;

--
-- AUTO_INCREMENT for table `country`
--
ALTER TABLE `country`
  MODIFY `country_id` int(11) NOT NULL AUTO_INCREMENT, AUTO_INCREMENT=3;

--
-- AUTO_INCREMENT for table `department`
--
ALTER TABLE `department`
  MODIFY `department_id` int(11) NOT NULL AUTO_INCREMENT, AUTO_INCREMENT=6;

--
-- AUTO_INCREMENT for table `diagnosis_report`
--
ALTER TABLE `diagnosis_report`
  MODIFY `diagnosis_report_id` int(11) NOT NULL AUTO_INCREMENT;

--
-- AUTO_INCREMENT for table `district`
--
ALTER TABLE `district`
  MODIFY `district_id` int(11) NOT NULL AUTO_INCREMENT, AUTO_INCREMENT=7;

--
-- AUTO_INCREMENT for table `doctors`
--
ALTER TABLE `doctors`
  MODIFY `doctor_id` int(11) NOT NULL AUTO_INCREMENT, AUTO_INCREMENT=5;

--
-- AUTO_INCREMENT for table `health_insurance_provider`
--
ALTER TABLE `health_insurance_provider`
  MODIFY `health_insurance_provider_id` int(11) NOT NULL AUTO_INCREMENT, AUTO_INCREMENT=2;

--
-- AUTO_INCREMENT for table `hospitaladmins`
--
ALTER TABLE `hospitaladmins`
  MODIFY `admin_id` int(11) NOT NULL AUTO_INCREMENT, AUTO_INCREMENT=3;

--
-- AUTO_INCREMENT for table `hospitals`
--
ALTER TABLE `hospitals`
  MODIFY `hospital_id` int(11) NOT NULL AUTO_INCREMENT, AUTO_INCREMENT=3;

--
-- AUTO_INCREMENT for table `inpatient`
--
ALTER TABLE `inpatient`
  MODIFY `id` int(11) NOT NULL AUTO_INCREMENT;

--
-- AUTO_INCREMENT for table `inpatient_history`
--
ALTER TABLE `inpatient_history`
  MODIFY `id` int(11) NOT NULL AUTO_INCREMENT;

--
-- AUTO_INCREMENT for table `invoice`
--
ALTER TABLE `invoice`
  MODIFY `invoice_id` int(11) NOT NULL AUTO_INCREMENT;

--
-- AUTO_INCREMENT for table `language`
--
ALTER TABLE `language`
  MODIFY `language_id` int(11) NOT NULL AUTO_INCREMENT, AUTO_INCREMENT=8;

--
-- AUTO_INCREMENT for table `license`
--
ALTER TABLE `license`
  MODIFY `license_id` int(11) NOT NULL AUTO_INCREMENT, AUTO_INCREMENT=2;

--
-- AUTO_INCREMENT for table `medicallabs`
--
ALTER TABLE `medicallabs`
  MODIFY `lab_id` int(11) NOT NULL AUTO_INCREMENT, AUTO_INCREMENT=3;

--
-- AUTO_INCREMENT for table `medicalstores`
--
ALTER TABLE `medicalstores`
  MODIFY `store_id` int(11) NOT NULL AUTO_INCREMENT, AUTO_INCREMENT=3;

--
-- AUTO_INCREMENT for table `medicine`
--
ALTER TABLE `medicine`
  MODIFY `medicine_id` int(11) NOT NULL AUTO_INCREMENT;

--
-- AUTO_INCREMENT for table `medicine_category`
--
ALTER TABLE `medicine_category`
  MODIFY `medicine_category_id` int(11) NOT NULL AUTO_INCREMENT;

--
-- AUTO_INCREMENT for table `messages`
--
ALTER TABLE `messages`
  MODIFY `message_id` int(11) NOT NULL AUTO_INCREMENT;

--
-- AUTO_INCREMENT for table `notification`
--
ALTER TABLE `notification`
  MODIFY `id` int(11) NOT NULL AUTO_INCREMENT;

--
-- AUTO_INCREMENT for table `nurse`
--
ALTER TABLE `nurse`
  MODIFY `nurse_id` int(11) NOT NULL AUTO_INCREMENT, AUTO_INCREMENT=3;

--
-- AUTO_INCREMENT for table `patient`
--
ALTER TABLE `patient`
  MODIFY `id` int(11) NOT NULL AUTO_INCREMENT;

--
-- AUTO_INCREMENT for table `prescription`
--
ALTER TABLE `prescription`
  MODIFY `prescription_id` int(11) NOT NULL AUTO_INCREMENT;

--
-- AUTO_INCREMENT for table `receptionist`
--
ALTER TABLE `receptionist`
  MODIFY `receptionist_id` int(11) NOT NULL AUTO_INCREMENT, AUTO_INCREMENT=3;

--
-- AUTO_INCREMENT for table `settings`
--
ALTER TABLE `settings`
  MODIFY `settings_id` int(11) NOT NULL AUTO_INCREMENT, AUTO_INCREMENT=21;

--
-- AUTO_INCREMENT for table `specializations`
--
ALTER TABLE `specializations`
  MODIFY `specializations_id` int(11) NOT NULL AUTO_INCREMENT;

--
-- AUTO_INCREMENT for table `state`
--
ALTER TABLE `state`
  MODIFY `state_id` int(11) NOT NULL AUTO_INCREMENT, AUTO_INCREMENT=3;

--
-- AUTO_INCREMENT for table `superadmin`
--
ALTER TABLE `superadmin`
  MODIFY `superadmin_id` int(11) NOT NULL AUTO_INCREMENT, AUTO_INCREMENT=2;

--
-- AUTO_INCREMENT for table `users`
--
ALTER TABLE `users`
  MODIFY `user_id` int(11) NOT NULL AUTO_INCREMENT, AUTO_INCREMENT=5;

--
-- AUTO_INCREMENT for table `ward`
--
ALTER TABLE `ward`
  MODIFY `ward_id` int(11) NOT NULL AUTO_INCREMENT, AUTO_INCREMENT=6;
COMMIT;

/*!40101 SET CHARACTER_SET_CLIENT=@OLD_CHARACTER_SET_CLIENT */;
/*!40101 SET CHARACTER_SET_RESULTS=@OLD_CHARACTER_SET_RESULTS */;
/*!40101 SET COLLATION_CONNECTION=@OLD_COLLATION_CONNECTION */;
