-- phpMyAdmin SQL Dump
-- version 4.7.9
-- https://www.phpmyadmin.net/
--
-- Host: 127.0.0.1
-- Generation Time: Aug 22, 2023 at 07:41 AM
-- Server version: 10.1.31-MariaDB
-- PHP Version: 7.1.15

SET SQL_MODE = "NO_AUTO_VALUE_ON_ZERO";
SET AUTOCOMMIT = 0;
START TRANSACTION;
SET time_zone = "+00:00";


/*!40101 SET @OLD_CHARACTER_SET_CLIENT=@@CHARACTER_SET_CLIENT */;
/*!40101 SET @OLD_CHARACTER_SET_RESULTS=@@CHARACTER_SET_RESULTS */;
/*!40101 SET @OLD_COLLATION_CONNECTION=@@COLLATION_CONNECTION */;
/*!40101 SET NAMES utf8mb4 */;

--
-- Database: `mypulse_fk`
--

-- --------------------------------------------------------

--
-- Table structure for table `appointments`
--

CREATE TABLE `appointments` (
  `appointment_id` int(11) NOT NULL,
  `appointment_number` varchar(15) CHARACTER SET utf8 COLLATE utf8_unicode_ci NOT NULL,
  `user_id` int(11) NOT NULL,
  `hospital_id` int(11) NOT NULL,
  `department_id` int(11) NOT NULL,
  `doctor_id` int(11) NOT NULL,
  `appointment_date` date DEFAULT NULL,
  `appointment_time_start` time DEFAULT NULL,
  `appointment_time_end` time DEFAULT NULL,
  `appointment_status` tinyint(1) NOT NULL DEFAULT '1' COMMENT '1=pending,2=confirmed,3=cancelled,4=closed',
  `reason` varchar(250) CHARACTER SET utf8 COLLATE utf8_unicode_ci NOT NULL,
  `remarks` text CHARACTER SET utf8 COLLATE utf8_unicode_ci NOT NULL,
  `next_appointment` date DEFAULT NULL,
  `attended_status` tinyint(4) NOT NULL DEFAULT '0' COMMENT '0=not-attended,1=attended',
  `created_by` varchar(15) CHARACTER SET utf8 COLLATE utf8_unicode_ci NOT NULL,
  `created_at` timestamp NOT NULL DEFAULT CURRENT_TIMESTAMP,
  `modified_by` varchar(15) CHARACTER SET utf8 COLLATE utf8_unicode_ci DEFAULT NULL,
  `modified_at` timestamp NOT NULL DEFAULT '0000-00-00 00:00:00',
  `row_status_cd` tinyint(4) NOT NULL DEFAULT '1' COMMENT '0-Deleted 1-Active 2-Inactive'
) ENGINE=InnoDB DEFAULT CHARSET=utf8;

--
-- Dumping data for table `appointments`
--

INSERT INTO `appointments` (`appointment_id`, `appointment_number`, `user_id`, `hospital_id`, `department_id`, `doctor_id`, `appointment_date`, `appointment_time_start`, `appointment_time_end`, `appointment_status`, `reason`, `remarks`, `next_appointment`, `attended_status`, `created_by`, `created_at`, `modified_by`, `modified_at`, `row_status_cd`) VALUES
(1, 'MPA19_100001', 3, 1, 1, 1, '2019-05-02', '21:00:00', '21:30:00', 4, 'New Appointment 1', '', NULL, 0, 'MPU19_100001', '2019-05-01 07:39:44', NULL, '0000-00-00 00:00:00', 1),
(2, 'MPA19_100002', 3, 1, 1, 1, '2019-05-03', '10:00:00', '10:30:00', 4, 'Normal', '', NULL, 0, 'MPSA18_100001', '2019-05-02 17:27:26', NULL, '0000-00-00 00:00:00', 1),
(3, 'MPA19_100003', 3, 1, 1, 1, '2019-05-06', '06:30:00', '07:00:00', 4, 'Normal', '', NULL, 0, 'MPSA18_100001', '2019-05-05 14:17:05', 'MPSA18_100001', '2019-05-05 14:17:23', 1),
(4, 'MPA19_100004', 3, 1, 1, 1, '2019-05-17', '06:00:00', '06:30:00', 3, 'Normal', 'Appointment was cancelled by: \"MyPulse Users - User1\" for the reason: \" just for time pass\".', NULL, 0, 'MPD19_100001', '2019-05-16 02:58:19', 'MPU19_100001', '2019-05-16 18:16:47', 1),
(6, 'MPA19_100005', 3, 1, 1, 1, '2019-04-24', '17:00:00', '17:30:00', 2, 'this is for date testing', '', NULL, 0, 'MPU19_100001', '2019-05-16 03:52:15', NULL, '0000-00-00 00:00:00', 1),
(10, 'MPA19_100006', 3, 1, 1, 1, '2019-05-21', '18:30:00', '19:00:00', 2, 'nothing', '', NULL, 0, 'MPU19_100001', '2019-05-22 02:07:05', NULL, '0000-00-00 00:00:00', 1),
(11, 'MPA19_100007', 3, 1, 1, 1, '2019-05-21', '18:30:00', '19:00:00', 2, 'nothing to do', '', NULL, 0, 'MPU19_100001', '2019-05-22 02:08:12', NULL, '0000-00-00 00:00:00', 1),
(12, 'MPA19_100008', 3, 1, 1, 1, '2019-05-26', '08:30:00', '09:00:00', 2, 'Normal', '', NULL, 0, 'MPSA18_100001', '2019-05-25 01:30:19', NULL, '0000-00-00 00:00:00', 1),
(13, 'MPA19_100009', 3, 1, 1, 1, '2019-05-30', '08:00:00', '08:30:00', 2, 'FEVER', '', NULL, 0, 'MPSA18_100001', '2019-05-29 03:46:32', NULL, '0000-00-00 00:00:00', 1),
(14, 'MPA19_100010', 3, 1, 1, 1, '2019-05-30', '07:30:00', '08:00:00', 2, 'FEVER', '', NULL, 0, 'MPSA18_100001', '2019-05-29 03:46:59', NULL, '0000-00-00 00:00:00', 1),
(15, 'MPA19_100011', 3, 1, 1, 1, '2019-10-28', '09:00:00', '09:30:00', 2, 'FEVER', '', NULL, 0, 'MPU19_100001', '2019-10-26 03:46:34', NULL, '0000-00-00 00:00:00', 1),
(16, 'MPA21_100001', 3, 1, 1, 1, '2021-05-03', '08:00:00', '08:30:00', 2, 'djnsjdkjsd  sjdsj sjdsjad', '', NULL, 0, 'MPSA18_100001', '2021-05-03 01:44:59', NULL, '0000-00-00 00:00:00', 1);

-- --------------------------------------------------------

--
-- Table structure for table `appointment_history`
--

CREATE TABLE `appointment_history` (
  `appointment_history_id` int(11) NOT NULL,
  `appointment_id` int(11) NOT NULL,
  `appointment_date` date DEFAULT NULL,
  `appointment_time_start` time DEFAULT NULL,
  `appointment_time_end` time DEFAULT NULL,
  `action` tinyint(4) NOT NULL DEFAULT '2' COMMENT '1=created,2=pending,3=confirmed,4=updated,5=rescheduled,6=cancelled,7=closed',
  `reason` varchar(250) CHARACTER SET utf8 COLLATE utf8_unicode_ci NOT NULL,
  `created_by` varchar(15) CHARACTER SET utf8 COLLATE utf8_unicode_ci NOT NULL,
  `created_at` timestamp NOT NULL DEFAULT CURRENT_TIMESTAMP,
  `modified_by` varchar(15) CHARACTER SET utf8 COLLATE utf8_unicode_ci DEFAULT NULL,
  `modified_at` timestamp NOT NULL DEFAULT '0000-00-00 00:00:00',
  `row_status_cd` tinyint(4) NOT NULL DEFAULT '1' COMMENT '0-Deleted 1-Active 2-Inactive'
) ENGINE=InnoDB DEFAULT CHARSET=utf8;

--
-- Dumping data for table `appointment_history`
--

INSERT INTO `appointment_history` (`appointment_history_id`, `appointment_id`, `appointment_date`, `appointment_time_start`, `appointment_time_end`, `action`, `reason`, `created_by`, `created_at`, `modified_by`, `modified_at`, `row_status_cd`) VALUES
(1, 1, '2019-05-02', '21:00:00', '21:30:00', 1, '', 'MPU19_100001', '2019-05-01 07:39:44', NULL, '0000-00-00 00:00:00', 1),
(2, 2, '2019-05-03', '10:00:00', '10:30:00', 1, '', 'MPSA18_100001', '2019-05-02 17:27:27', NULL, '0000-00-00 00:00:00', 1),
(3, 3, '2019-05-05', '20:30:00', '21:00:00', 1, '', 'MPSA18_100001', '2019-05-05 14:17:06', NULL, '0000-00-00 00:00:00', 1),
(4, 3, '2019-05-06', '06:30:00', '07:00:00', 5, '', 'MPSA18_100001', '2019-05-05 14:17:23', NULL, '0000-00-00 00:00:00', 1),
(5, 2, NULL, NULL, NULL, 7, '', 'MyPulse', '2019-05-08 02:24:48', NULL, '0000-00-00 00:00:00', 1),
(6, 3, NULL, NULL, NULL, 7, '', 'MyPulse', '2019-05-08 02:24:48', NULL, '0000-00-00 00:00:00', 1),
(7, 4, '2019-05-17', '06:00:00', '06:30:00', 1, '', 'MPD19_100001', '2019-05-16 02:58:19', NULL, '0000-00-00 00:00:00', 1),
(8, 6, '2019-04-24', '17:00:00', '17:30:00', 1, '', 'MPU19_100001', '2019-05-16 03:52:16', NULL, '0000-00-00 00:00:00', 1),
(9, 4, NULL, NULL, NULL, 6, 'just for time pass', 'MPU19_100001', '2019-05-16 18:16:47', NULL, '0000-00-00 00:00:00', 1),
(10, 10, '2019-05-21', '18:30:00', '19:00:00', 1, '', 'MPU19_100001', '2019-05-22 02:07:06', NULL, '0000-00-00 00:00:00', 1),
(11, 11, '2019-05-21', '18:30:00', '19:00:00', 1, '', 'MPU19_100001', '2019-05-22 02:08:13', NULL, '0000-00-00 00:00:00', 1),
(12, 12, '2019-05-26', '08:30:00', '09:00:00', 1, '', 'MPSA18_100001', '2019-05-25 01:30:20', NULL, '0000-00-00 00:00:00', 1),
(13, 13, '2019-05-30', '08:00:00', '08:30:00', 1, '', 'MPSA18_100001', '2019-05-29 03:46:32', NULL, '0000-00-00 00:00:00', 1),
(14, 14, '2019-05-30', '07:30:00', '08:00:00', 1, '', 'MPSA18_100001', '2019-05-29 03:47:00', NULL, '0000-00-00 00:00:00', 1),
(15, 15, '2019-10-28', '09:00:00', '09:30:00', 1, '', 'MPU19_100001', '2019-10-26 03:46:34', NULL, '0000-00-00 00:00:00', 1),
(16, 16, '2021-05-03', '08:00:00', '08:30:00', 1, '', 'MPSA18_100001', '2021-05-03 01:45:00', NULL, '0000-00-00 00:00:00', 1);

-- --------------------------------------------------------

--
-- Table structure for table `availability`
--

CREATE TABLE `availability` (
  `availability_id` int(11) NOT NULL,
  `doctor_id` int(11) NOT NULL,
  `no_appt_handle` tinyint(3) NOT NULL,
  `message` varchar(250) CHARACTER SET utf8 COLLATE utf8_unicode_ci NOT NULL,
  `availablity_status` tinyint(4) NOT NULL COMMENT '1=available,2=not-available',
  `created_by` varchar(15) CHARACTER SET utf8 COLLATE utf8_unicode_ci NOT NULL,
  `created_at` timestamp NOT NULL DEFAULT CURRENT_TIMESTAMP,
  `modified_by` varchar(15) CHARACTER SET utf8 COLLATE utf8_unicode_ci DEFAULT NULL,
  `modified_at` timestamp NOT NULL DEFAULT '0000-00-00 00:00:00',
  `row_status_cd` tinyint(4) NOT NULL DEFAULT '1' COMMENT '0-Deleted 1-Active 2-Inactive'
) ENGINE=InnoDB DEFAULT CHARSET=utf8;

--
-- Dumping data for table `availability`
--

INSERT INTO `availability` (`availability_id`, `doctor_id`, `no_appt_handle`, `message`, `availablity_status`, `created_by`, `created_at`, `modified_by`, `modified_at`, `row_status_cd`) VALUES
(1, 1, 30, 'Available 24/7', 0, 'MPD19_100001', '2019-05-01 03:24:43', NULL, '0000-00-00 00:00:00', 1);

-- --------------------------------------------------------

--
-- Table structure for table `availability_slot`
--

CREATE TABLE `availability_slot` (
  `id` int(11) NOT NULL,
  `doctor_id` int(11) NOT NULL,
  `start_date` date NOT NULL,
  `end_date` date NOT NULL,
  `start_time` time NOT NULL,
  `end_time` time NOT NULL,
  `repeat_interval` tinyint(4) NOT NULL COMMENT '0=weekly,1=custom',
  `repeat_on` tinyint(4) NOT NULL COMMENT '0=S,1=M,2=T,3=W,4=T,5=F,6=S',
  `unik` varchar(10) CHARACTER SET utf8 COLLATE utf8_unicode_ci NOT NULL,
  `date` date NOT NULL,
  `created_by` varchar(15) CHARACTER SET utf8 COLLATE utf8_unicode_ci NOT NULL,
  `created_at` timestamp NOT NULL DEFAULT CURRENT_TIMESTAMP,
  `modified_by` varchar(15) CHARACTER SET utf8 COLLATE utf8_unicode_ci DEFAULT NULL,
  `modified_at` timestamp NOT NULL DEFAULT '0000-00-00 00:00:00',
  `row_status_cd` tinyint(4) NOT NULL DEFAULT '1' COMMENT '0-Deleted 1-Active 2-Inactive'
) ENGINE=InnoDB DEFAULT CHARSET=utf8;

--
-- Dumping data for table `availability_slot`
--

INSERT INTO `availability_slot` (`id`, `doctor_id`, `start_date`, `end_date`, `start_time`, `end_time`, `repeat_interval`, `repeat_on`, `unik`, `date`, `created_by`, `created_at`, `modified_by`, `modified_at`, `row_status_cd`) VALUES
(1, 1, '2019-05-01', '2020-03-01', '06:00:00', '23:00:00', 0, 0, '119', '2019-05-01', 'MPD19_100001', '2019-05-01 03:25:27', NULL, '0000-00-00 00:00:00', 1),
(2, 1, '2019-05-01', '2020-03-01', '06:00:00', '23:00:00', 0, 0, '119', '2019-05-02', 'MPD19_100001', '2019-05-01 03:25:27', NULL, '0000-00-00 00:00:00', 1),
(3, 1, '2019-05-01', '2020-03-01', '06:00:00', '23:00:00', 0, 0, '119', '2019-05-03', 'MPD19_100001', '2019-05-01 03:25:27', NULL, '0000-00-00 00:00:00', 1),
(4, 1, '2019-05-01', '2020-03-01', '06:00:00', '23:00:00', 0, 0, '119', '2019-05-04', 'MPD19_100001', '2019-05-01 03:25:27', NULL, '0000-00-00 00:00:00', 1),
(5, 1, '2019-05-01', '2020-03-01', '06:00:00', '23:00:00', 0, 0, '119', '2019-05-05', 'MPD19_100001', '2019-05-01 03:25:27', NULL, '0000-00-00 00:00:00', 1),
(6, 1, '2019-05-01', '2020-03-01', '06:00:00', '23:00:00', 0, 0, '119', '2019-05-06', 'MPD19_100001', '2019-05-01 03:25:27', NULL, '0000-00-00 00:00:00', 1),
(7, 1, '2019-05-01', '2020-03-01', '06:00:00', '23:00:00', 0, 0, '119', '2019-05-07', 'MPD19_100001', '2019-05-01 03:25:27', NULL, '0000-00-00 00:00:00', 1),
(8, 1, '2019-05-01', '2020-03-01', '06:00:00', '23:00:00', 0, 0, '119', '2019-05-08', 'MPD19_100001', '2019-05-01 03:25:27', NULL, '0000-00-00 00:00:00', 1),
(9, 1, '2019-05-01', '2020-03-01', '06:00:00', '23:00:00', 0, 0, '119', '2019-05-09', 'MPD19_100001', '2019-05-01 03:25:27', NULL, '0000-00-00 00:00:00', 1),
(10, 1, '2019-05-01', '2020-03-01', '06:00:00', '23:00:00', 0, 0, '119', '2019-05-10', 'MPD19_100001', '2019-05-01 03:25:27', NULL, '0000-00-00 00:00:00', 1),
(11, 1, '2019-05-01', '2020-03-01', '06:00:00', '23:00:00', 0, 0, '119', '2019-05-11', 'MPD19_100001', '2019-05-01 03:25:27', NULL, '0000-00-00 00:00:00', 1),
(12, 1, '2019-05-01', '2020-03-01', '06:00:00', '23:00:00', 0, 0, '119', '2019-05-12', 'MPD19_100001', '2019-05-01 03:25:27', NULL, '0000-00-00 00:00:00', 1),
(13, 1, '2019-05-01', '2020-03-01', '06:00:00', '23:00:00', 0, 0, '119', '2019-05-13', 'MPD19_100001', '2019-05-01 03:25:27', NULL, '0000-00-00 00:00:00', 1),
(14, 1, '2019-05-01', '2020-03-01', '06:00:00', '23:00:00', 0, 0, '119', '2019-05-14', 'MPD19_100001', '2019-05-01 03:25:27', NULL, '0000-00-00 00:00:00', 1),
(15, 1, '2019-05-01', '2020-03-01', '06:00:00', '23:00:00', 0, 0, '119', '2019-05-15', 'MPD19_100001', '2019-05-01 03:25:27', NULL, '0000-00-00 00:00:00', 1),
(16, 1, '2019-05-01', '2020-03-01', '06:00:00', '23:00:00', 0, 0, '119', '2019-05-16', 'MPD19_100001', '2019-05-01 03:25:27', NULL, '0000-00-00 00:00:00', 1),
(17, 1, '2019-05-01', '2020-03-01', '06:00:00', '23:00:00', 0, 0, '119', '2019-05-17', 'MPD19_100001', '2019-05-01 03:25:27', NULL, '0000-00-00 00:00:00', 1),
(18, 1, '2019-05-01', '2020-03-01', '06:00:00', '23:00:00', 0, 0, '119', '2019-05-18', 'MPD19_100001', '2019-05-01 03:25:27', NULL, '0000-00-00 00:00:00', 1),
(19, 1, '2019-05-01', '2020-03-01', '06:00:00', '23:00:00', 0, 0, '119', '2019-05-19', 'MPD19_100001', '2019-05-01 03:25:27', NULL, '0000-00-00 00:00:00', 1),
(20, 1, '2019-05-01', '2020-03-01', '06:00:00', '23:00:00', 0, 0, '119', '2019-05-20', 'MPD19_100001', '2019-05-01 03:25:27', NULL, '0000-00-00 00:00:00', 1),
(21, 1, '2019-05-01', '2020-03-01', '06:00:00', '23:00:00', 0, 0, '119', '2019-05-21', 'MPD19_100001', '2019-05-01 03:25:27', NULL, '0000-00-00 00:00:00', 1),
(22, 1, '2019-05-01', '2020-03-01', '06:00:00', '23:00:00', 0, 0, '119', '2019-05-22', 'MPD19_100001', '2019-05-01 03:25:27', NULL, '0000-00-00 00:00:00', 1),
(23, 1, '2019-05-01', '2020-03-01', '06:00:00', '23:00:00', 0, 0, '119', '2019-05-23', 'MPD19_100001', '2019-05-01 03:25:27', NULL, '0000-00-00 00:00:00', 1),
(24, 1, '2019-05-01', '2020-03-01', '06:00:00', '23:00:00', 0, 0, '119', '2019-05-24', 'MPD19_100001', '2019-05-01 03:25:27', NULL, '0000-00-00 00:00:00', 1),
(25, 1, '2019-05-01', '2020-03-01', '06:00:00', '23:00:00', 0, 0, '119', '2019-05-25', 'MPD19_100001', '2019-05-01 03:25:27', NULL, '0000-00-00 00:00:00', 1),
(26, 1, '2019-05-01', '2020-03-01', '06:00:00', '23:00:00', 0, 0, '119', '2019-05-26', 'MPD19_100001', '2019-05-01 03:25:27', NULL, '0000-00-00 00:00:00', 1),
(27, 1, '2019-05-01', '2020-03-01', '06:00:00', '23:00:00', 0, 0, '119', '2019-05-27', 'MPD19_100001', '2019-05-01 03:25:27', NULL, '0000-00-00 00:00:00', 1),
(28, 1, '2019-05-01', '2020-03-01', '06:00:00', '23:00:00', 0, 0, '119', '2019-05-28', 'MPD19_100001', '2019-05-01 03:25:27', NULL, '0000-00-00 00:00:00', 1),
(29, 1, '2019-05-01', '2020-03-01', '06:00:00', '23:00:00', 0, 0, '119', '2019-05-29', 'MPD19_100001', '2019-05-01 03:25:27', NULL, '0000-00-00 00:00:00', 1),
(30, 1, '2019-05-01', '2020-03-01', '06:00:00', '23:00:00', 0, 0, '119', '2019-05-30', 'MPD19_100001', '2019-05-01 03:25:27', NULL, '0000-00-00 00:00:00', 1),
(31, 1, '2019-05-01', '2020-03-01', '06:00:00', '23:00:00', 0, 0, '119', '2019-05-31', 'MPD19_100001', '2019-05-01 03:25:27', NULL, '0000-00-00 00:00:00', 1),
(32, 1, '2019-05-01', '2020-03-01', '06:00:00', '23:00:00', 0, 0, '119', '2019-06-01', 'MPD19_100001', '2019-05-01 03:25:27', NULL, '0000-00-00 00:00:00', 1),
(33, 1, '2019-05-01', '2020-03-01', '06:00:00', '23:00:00', 0, 0, '119', '2019-06-02', 'MPD19_100001', '2019-05-01 03:25:27', NULL, '0000-00-00 00:00:00', 1),
(34, 1, '2019-05-01', '2020-03-01', '06:00:00', '23:00:00', 0, 0, '119', '2019-06-03', 'MPD19_100001', '2019-05-01 03:25:27', NULL, '0000-00-00 00:00:00', 1),
(35, 1, '2019-05-01', '2020-03-01', '06:00:00', '23:00:00', 0, 0, '119', '2019-06-04', 'MPD19_100001', '2019-05-01 03:25:27', NULL, '0000-00-00 00:00:00', 1),
(36, 1, '2019-05-01', '2020-03-01', '06:00:00', '23:00:00', 0, 0, '119', '2019-06-05', 'MPD19_100001', '2019-05-01 03:25:27', NULL, '0000-00-00 00:00:00', 1),
(37, 1, '2019-05-01', '2020-03-01', '06:00:00', '23:00:00', 0, 0, '119', '2019-06-06', 'MPD19_100001', '2019-05-01 03:25:27', NULL, '0000-00-00 00:00:00', 1),
(38, 1, '2019-05-01', '2020-03-01', '06:00:00', '23:00:00', 0, 0, '119', '2019-06-07', 'MPD19_100001', '2019-05-01 03:25:27', NULL, '0000-00-00 00:00:00', 1),
(39, 1, '2019-05-01', '2020-03-01', '06:00:00', '23:00:00', 0, 0, '119', '2019-06-08', 'MPD19_100001', '2019-05-01 03:25:27', NULL, '0000-00-00 00:00:00', 1),
(40, 1, '2019-05-01', '2020-03-01', '06:00:00', '23:00:00', 0, 0, '119', '2019-06-09', 'MPD19_100001', '2019-05-01 03:25:27', NULL, '0000-00-00 00:00:00', 1),
(41, 1, '2019-05-01', '2020-03-01', '06:00:00', '23:00:00', 0, 0, '119', '2019-06-10', 'MPD19_100001', '2019-05-01 03:25:27', NULL, '0000-00-00 00:00:00', 1),
(42, 1, '2019-05-01', '2020-03-01', '06:00:00', '23:00:00', 0, 0, '119', '2019-06-11', 'MPD19_100001', '2019-05-01 03:25:27', NULL, '0000-00-00 00:00:00', 1),
(43, 1, '2019-05-01', '2020-03-01', '06:00:00', '23:00:00', 0, 0, '119', '2019-06-12', 'MPD19_100001', '2019-05-01 03:25:27', NULL, '0000-00-00 00:00:00', 1),
(44, 1, '2019-05-01', '2020-03-01', '06:00:00', '23:00:00', 0, 0, '119', '2019-06-13', 'MPD19_100001', '2019-05-01 03:25:27', NULL, '0000-00-00 00:00:00', 1),
(45, 1, '2019-05-01', '2020-03-01', '06:00:00', '23:00:00', 0, 0, '119', '2019-06-14', 'MPD19_100001', '2019-05-01 03:25:27', NULL, '0000-00-00 00:00:00', 1),
(46, 1, '2019-05-01', '2020-03-01', '06:00:00', '23:00:00', 0, 0, '119', '2019-06-15', 'MPD19_100001', '2019-05-01 03:25:27', NULL, '0000-00-00 00:00:00', 1),
(47, 1, '2019-05-01', '2020-03-01', '06:00:00', '23:00:00', 0, 0, '119', '2019-06-16', 'MPD19_100001', '2019-05-01 03:25:27', NULL, '0000-00-00 00:00:00', 1),
(48, 1, '2019-05-01', '2020-03-01', '06:00:00', '23:00:00', 0, 0, '119', '2019-06-17', 'MPD19_100001', '2019-05-01 03:25:27', NULL, '0000-00-00 00:00:00', 1),
(49, 1, '2019-05-01', '2020-03-01', '06:00:00', '23:00:00', 0, 0, '119', '2019-06-18', 'MPD19_100001', '2019-05-01 03:25:27', NULL, '0000-00-00 00:00:00', 1),
(50, 1, '2019-05-01', '2020-03-01', '06:00:00', '23:00:00', 0, 0, '119', '2019-06-19', 'MPD19_100001', '2019-05-01 03:25:27', NULL, '0000-00-00 00:00:00', 1),
(51, 1, '2019-05-01', '2020-03-01', '06:00:00', '23:00:00', 0, 0, '119', '2019-06-20', 'MPD19_100001', '2019-05-01 03:25:27', NULL, '0000-00-00 00:00:00', 1),
(52, 1, '2019-05-01', '2020-03-01', '06:00:00', '23:00:00', 0, 0, '119', '2019-06-21', 'MPD19_100001', '2019-05-01 03:25:27', NULL, '0000-00-00 00:00:00', 1),
(53, 1, '2019-05-01', '2020-03-01', '06:00:00', '23:00:00', 0, 0, '119', '2019-06-22', 'MPD19_100001', '2019-05-01 03:25:27', NULL, '0000-00-00 00:00:00', 1),
(54, 1, '2019-05-01', '2020-03-01', '06:00:00', '23:00:00', 0, 0, '119', '2019-06-23', 'MPD19_100001', '2019-05-01 03:25:27', NULL, '0000-00-00 00:00:00', 1),
(55, 1, '2019-05-01', '2020-03-01', '06:00:00', '23:00:00', 0, 0, '119', '2019-06-24', 'MPD19_100001', '2019-05-01 03:25:27', NULL, '0000-00-00 00:00:00', 1),
(56, 1, '2019-05-01', '2020-03-01', '06:00:00', '23:00:00', 0, 0, '119', '2019-06-25', 'MPD19_100001', '2019-05-01 03:25:27', NULL, '0000-00-00 00:00:00', 1),
(57, 1, '2019-05-01', '2020-03-01', '06:00:00', '23:00:00', 0, 0, '119', '2019-06-26', 'MPD19_100001', '2019-05-01 03:25:27', NULL, '0000-00-00 00:00:00', 1),
(58, 1, '2019-05-01', '2020-03-01', '06:00:00', '23:00:00', 0, 0, '119', '2019-06-27', 'MPD19_100001', '2019-05-01 03:25:27', NULL, '0000-00-00 00:00:00', 1),
(59, 1, '2019-05-01', '2020-03-01', '06:00:00', '23:00:00', 0, 0, '119', '2019-06-28', 'MPD19_100001', '2019-05-01 03:25:27', NULL, '0000-00-00 00:00:00', 1),
(60, 1, '2019-05-01', '2020-03-01', '06:00:00', '23:00:00', 0, 0, '119', '2019-06-29', 'MPD19_100001', '2019-05-01 03:25:27', NULL, '0000-00-00 00:00:00', 1),
(61, 1, '2019-05-01', '2020-03-01', '06:00:00', '23:00:00', 0, 0, '119', '2019-06-30', 'MPD19_100001', '2019-05-01 03:25:27', NULL, '0000-00-00 00:00:00', 1),
(62, 1, '2019-05-01', '2020-03-01', '06:00:00', '23:00:00', 0, 0, '119', '2019-07-01', 'MPD19_100001', '2019-05-01 03:25:27', NULL, '0000-00-00 00:00:00', 1),
(63, 1, '2019-05-01', '2020-03-01', '06:00:00', '23:00:00', 0, 0, '119', '2019-07-02', 'MPD19_100001', '2019-05-01 03:25:27', NULL, '0000-00-00 00:00:00', 1),
(64, 1, '2019-05-01', '2020-03-01', '06:00:00', '23:00:00', 0, 0, '119', '2019-07-03', 'MPD19_100001', '2019-05-01 03:25:27', NULL, '0000-00-00 00:00:00', 1),
(65, 1, '2019-05-01', '2020-03-01', '06:00:00', '23:00:00', 0, 0, '119', '2019-07-04', 'MPD19_100001', '2019-05-01 03:25:27', NULL, '0000-00-00 00:00:00', 1),
(66, 1, '2019-05-01', '2020-03-01', '06:00:00', '23:00:00', 0, 0, '119', '2019-07-05', 'MPD19_100001', '2019-05-01 03:25:27', NULL, '0000-00-00 00:00:00', 1),
(67, 1, '2019-05-01', '2020-03-01', '06:00:00', '23:00:00', 0, 0, '119', '2019-07-06', 'MPD19_100001', '2019-05-01 03:25:27', NULL, '0000-00-00 00:00:00', 1),
(68, 1, '2019-05-01', '2020-03-01', '06:00:00', '23:00:00', 0, 0, '119', '2019-07-07', 'MPD19_100001', '2019-05-01 03:25:27', NULL, '0000-00-00 00:00:00', 1),
(69, 1, '2019-05-01', '2020-03-01', '06:00:00', '23:00:00', 0, 0, '119', '2019-07-08', 'MPD19_100001', '2019-05-01 03:25:27', NULL, '0000-00-00 00:00:00', 1),
(70, 1, '2019-05-01', '2020-03-01', '06:00:00', '23:00:00', 0, 0, '119', '2019-07-09', 'MPD19_100001', '2019-05-01 03:25:27', NULL, '0000-00-00 00:00:00', 1),
(71, 1, '2019-05-01', '2020-03-01', '06:00:00', '23:00:00', 0, 0, '119', '2019-07-10', 'MPD19_100001', '2019-05-01 03:25:27', NULL, '0000-00-00 00:00:00', 1),
(72, 1, '2019-05-01', '2020-03-01', '06:00:00', '23:00:00', 0, 0, '119', '2019-07-11', 'MPD19_100001', '2019-05-01 03:25:27', NULL, '0000-00-00 00:00:00', 1),
(73, 1, '2019-05-01', '2020-03-01', '06:00:00', '23:00:00', 0, 0, '119', '2019-07-12', 'MPD19_100001', '2019-05-01 03:25:27', NULL, '0000-00-00 00:00:00', 1),
(74, 1, '2019-05-01', '2020-03-01', '06:00:00', '23:00:00', 0, 0, '119', '2019-07-13', 'MPD19_100001', '2019-05-01 03:25:27', NULL, '0000-00-00 00:00:00', 1),
(75, 1, '2019-05-01', '2020-03-01', '06:00:00', '23:00:00', 0, 0, '119', '2019-07-14', 'MPD19_100001', '2019-05-01 03:25:27', NULL, '0000-00-00 00:00:00', 1),
(76, 1, '2019-05-01', '2020-03-01', '06:00:00', '23:00:00', 0, 0, '119', '2019-07-15', 'MPD19_100001', '2019-05-01 03:25:27', NULL, '0000-00-00 00:00:00', 1),
(77, 1, '2019-05-01', '2020-03-01', '06:00:00', '23:00:00', 0, 0, '119', '2019-07-16', 'MPD19_100001', '2019-05-01 03:25:27', NULL, '0000-00-00 00:00:00', 1),
(78, 1, '2019-05-01', '2020-03-01', '06:00:00', '23:00:00', 0, 0, '119', '2019-07-17', 'MPD19_100001', '2019-05-01 03:25:27', NULL, '0000-00-00 00:00:00', 1),
(79, 1, '2019-05-01', '2020-03-01', '06:00:00', '23:00:00', 0, 0, '119', '2019-07-18', 'MPD19_100001', '2019-05-01 03:25:27', NULL, '0000-00-00 00:00:00', 1),
(80, 1, '2019-05-01', '2020-03-01', '06:00:00', '23:00:00', 0, 0, '119', '2019-07-19', 'MPD19_100001', '2019-05-01 03:25:27', NULL, '0000-00-00 00:00:00', 1),
(81, 1, '2019-05-01', '2020-03-01', '06:00:00', '23:00:00', 0, 0, '119', '2019-07-20', 'MPD19_100001', '2019-05-01 03:25:27', NULL, '0000-00-00 00:00:00', 1),
(82, 1, '2019-05-01', '2020-03-01', '06:00:00', '23:00:00', 0, 0, '119', '2019-07-21', 'MPD19_100001', '2019-05-01 03:25:27', NULL, '0000-00-00 00:00:00', 1),
(83, 1, '2019-05-01', '2020-03-01', '06:00:00', '23:00:00', 0, 0, '119', '2019-07-22', 'MPD19_100001', '2019-05-01 03:25:27', NULL, '0000-00-00 00:00:00', 1),
(84, 1, '2019-05-01', '2020-03-01', '06:00:00', '23:00:00', 0, 0, '119', '2019-07-23', 'MPD19_100001', '2019-05-01 03:25:27', NULL, '0000-00-00 00:00:00', 1),
(85, 1, '2019-05-01', '2020-03-01', '06:00:00', '23:00:00', 0, 0, '119', '2019-07-24', 'MPD19_100001', '2019-05-01 03:25:27', NULL, '0000-00-00 00:00:00', 1),
(86, 1, '2019-05-01', '2020-03-01', '06:00:00', '23:00:00', 0, 0, '119', '2019-07-25', 'MPD19_100001', '2019-05-01 03:25:27', NULL, '0000-00-00 00:00:00', 1),
(87, 1, '2019-05-01', '2020-03-01', '06:00:00', '23:00:00', 0, 0, '119', '2019-07-26', 'MPD19_100001', '2019-05-01 03:25:27', NULL, '0000-00-00 00:00:00', 1),
(88, 1, '2019-05-01', '2020-03-01', '06:00:00', '23:00:00', 0, 0, '119', '2019-07-27', 'MPD19_100001', '2019-05-01 03:25:27', NULL, '0000-00-00 00:00:00', 1),
(89, 1, '2019-05-01', '2020-03-01', '06:00:00', '23:00:00', 0, 0, '119', '2019-07-28', 'MPD19_100001', '2019-05-01 03:25:27', NULL, '0000-00-00 00:00:00', 1),
(90, 1, '2019-05-01', '2020-03-01', '06:00:00', '23:00:00', 0, 0, '119', '2019-07-29', 'MPD19_100001', '2019-05-01 03:25:27', NULL, '0000-00-00 00:00:00', 1),
(91, 1, '2019-05-01', '2020-03-01', '06:00:00', '23:00:00', 0, 0, '119', '2019-07-30', 'MPD19_100001', '2019-05-01 03:25:27', NULL, '0000-00-00 00:00:00', 1),
(92, 1, '2019-05-01', '2020-03-01', '06:00:00', '23:00:00', 0, 0, '119', '2019-07-31', 'MPD19_100001', '2019-05-01 03:25:27', NULL, '0000-00-00 00:00:00', 1),
(93, 1, '2019-05-01', '2020-03-01', '06:00:00', '23:00:00', 0, 0, '119', '2019-08-01', 'MPD19_100001', '2019-05-01 03:25:27', NULL, '0000-00-00 00:00:00', 1),
(94, 1, '2019-05-01', '2020-03-01', '06:00:00', '23:00:00', 0, 0, '119', '2019-08-02', 'MPD19_100001', '2019-05-01 03:25:27', NULL, '0000-00-00 00:00:00', 1),
(95, 1, '2019-05-01', '2020-03-01', '06:00:00', '23:00:00', 0, 0, '119', '2019-08-03', 'MPD19_100001', '2019-05-01 03:25:27', NULL, '0000-00-00 00:00:00', 1),
(96, 1, '2019-05-01', '2020-03-01', '06:00:00', '23:00:00', 0, 0, '119', '2019-08-04', 'MPD19_100001', '2019-05-01 03:25:27', NULL, '0000-00-00 00:00:00', 1),
(97, 1, '2019-05-01', '2020-03-01', '06:00:00', '23:00:00', 0, 0, '119', '2019-08-05', 'MPD19_100001', '2019-05-01 03:25:27', NULL, '0000-00-00 00:00:00', 1),
(98, 1, '2019-05-01', '2020-03-01', '06:00:00', '23:00:00', 0, 0, '119', '2019-08-06', 'MPD19_100001', '2019-05-01 03:25:27', NULL, '0000-00-00 00:00:00', 1),
(99, 1, '2019-05-01', '2020-03-01', '06:00:00', '23:00:00', 0, 0, '119', '2019-08-07', 'MPD19_100001', '2019-05-01 03:25:27', NULL, '0000-00-00 00:00:00', 1),
(100, 1, '2019-05-01', '2020-03-01', '06:00:00', '23:00:00', 0, 0, '119', '2019-08-08', 'MPD19_100001', '2019-05-01 03:25:27', NULL, '0000-00-00 00:00:00', 1),
(101, 1, '2019-05-01', '2020-03-01', '06:00:00', '23:00:00', 0, 0, '119', '2019-08-09', 'MPD19_100001', '2019-05-01 03:25:27', NULL, '0000-00-00 00:00:00', 1),
(102, 1, '2019-05-01', '2020-03-01', '06:00:00', '23:00:00', 0, 0, '119', '2019-08-10', 'MPD19_100001', '2019-05-01 03:25:27', NULL, '0000-00-00 00:00:00', 1),
(103, 1, '2019-05-01', '2020-03-01', '06:00:00', '23:00:00', 0, 0, '119', '2019-08-11', 'MPD19_100001', '2019-05-01 03:25:27', NULL, '0000-00-00 00:00:00', 1),
(104, 1, '2019-05-01', '2020-03-01', '06:00:00', '23:00:00', 0, 0, '119', '2019-08-12', 'MPD19_100001', '2019-05-01 03:25:27', NULL, '0000-00-00 00:00:00', 1),
(105, 1, '2019-05-01', '2020-03-01', '06:00:00', '23:00:00', 0, 0, '119', '2019-08-13', 'MPD19_100001', '2019-05-01 03:25:27', NULL, '0000-00-00 00:00:00', 1),
(106, 1, '2019-05-01', '2020-03-01', '06:00:00', '23:00:00', 0, 0, '119', '2019-08-14', 'MPD19_100001', '2019-05-01 03:25:27', NULL, '0000-00-00 00:00:00', 1),
(107, 1, '2019-05-01', '2020-03-01', '06:00:00', '23:00:00', 0, 0, '119', '2019-08-15', 'MPD19_100001', '2019-05-01 03:25:27', NULL, '0000-00-00 00:00:00', 1),
(108, 1, '2019-05-01', '2020-03-01', '06:00:00', '23:00:00', 0, 0, '119', '2019-08-16', 'MPD19_100001', '2019-05-01 03:25:27', NULL, '0000-00-00 00:00:00', 1),
(109, 1, '2019-05-01', '2020-03-01', '06:00:00', '23:00:00', 0, 0, '119', '2019-08-17', 'MPD19_100001', '2019-05-01 03:25:27', NULL, '0000-00-00 00:00:00', 1),
(110, 1, '2019-05-01', '2020-03-01', '06:00:00', '23:00:00', 0, 0, '119', '2019-08-18', 'MPD19_100001', '2019-05-01 03:25:27', NULL, '0000-00-00 00:00:00', 1),
(111, 1, '2019-05-01', '2020-03-01', '06:00:00', '23:00:00', 0, 0, '119', '2019-08-19', 'MPD19_100001', '2019-05-01 03:25:27', NULL, '0000-00-00 00:00:00', 1),
(112, 1, '2019-05-01', '2020-03-01', '06:00:00', '23:00:00', 0, 0, '119', '2019-08-20', 'MPD19_100001', '2019-05-01 03:25:27', NULL, '0000-00-00 00:00:00', 1),
(113, 1, '2019-05-01', '2020-03-01', '06:00:00', '23:00:00', 0, 0, '119', '2019-08-21', 'MPD19_100001', '2019-05-01 03:25:27', NULL, '0000-00-00 00:00:00', 1),
(114, 1, '2019-05-01', '2020-03-01', '06:00:00', '23:00:00', 0, 0, '119', '2019-08-22', 'MPD19_100001', '2019-05-01 03:25:27', NULL, '0000-00-00 00:00:00', 1),
(115, 1, '2019-05-01', '2020-03-01', '06:00:00', '23:00:00', 0, 0, '119', '2019-08-23', 'MPD19_100001', '2019-05-01 03:25:27', NULL, '0000-00-00 00:00:00', 1),
(116, 1, '2019-05-01', '2020-03-01', '06:00:00', '23:00:00', 0, 0, '119', '2019-08-24', 'MPD19_100001', '2019-05-01 03:25:27', NULL, '0000-00-00 00:00:00', 1),
(117, 1, '2019-05-01', '2020-03-01', '06:00:00', '23:00:00', 0, 0, '119', '2019-08-25', 'MPD19_100001', '2019-05-01 03:25:27', NULL, '0000-00-00 00:00:00', 1),
(118, 1, '2019-05-01', '2020-03-01', '06:00:00', '23:00:00', 0, 0, '119', '2019-08-26', 'MPD19_100001', '2019-05-01 03:25:27', NULL, '0000-00-00 00:00:00', 1),
(119, 1, '2019-05-01', '2020-03-01', '06:00:00', '23:00:00', 0, 0, '119', '2019-08-27', 'MPD19_100001', '2019-05-01 03:25:27', NULL, '0000-00-00 00:00:00', 1),
(120, 1, '2019-05-01', '2020-03-01', '06:00:00', '23:00:00', 0, 0, '119', '2019-08-28', 'MPD19_100001', '2019-05-01 03:25:27', NULL, '0000-00-00 00:00:00', 1),
(121, 1, '2019-05-01', '2020-03-01', '06:00:00', '23:00:00', 0, 0, '119', '2019-08-29', 'MPD19_100001', '2019-05-01 03:25:27', NULL, '0000-00-00 00:00:00', 1),
(122, 1, '2019-05-01', '2020-03-01', '06:00:00', '23:00:00', 0, 0, '119', '2019-08-30', 'MPD19_100001', '2019-05-01 03:25:27', NULL, '0000-00-00 00:00:00', 1),
(123, 1, '2019-05-01', '2020-03-01', '06:00:00', '23:00:00', 0, 0, '119', '2019-08-31', 'MPD19_100001', '2019-05-01 03:25:27', NULL, '0000-00-00 00:00:00', 1),
(124, 1, '2019-05-01', '2020-03-01', '06:00:00', '23:00:00', 0, 0, '119', '2019-09-01', 'MPD19_100001', '2019-05-01 03:25:27', NULL, '0000-00-00 00:00:00', 1),
(125, 1, '2019-05-01', '2020-03-01', '06:00:00', '23:00:00', 0, 0, '119', '2019-09-02', 'MPD19_100001', '2019-05-01 03:25:27', NULL, '0000-00-00 00:00:00', 1),
(126, 1, '2019-05-01', '2020-03-01', '06:00:00', '23:00:00', 0, 0, '119', '2019-09-03', 'MPD19_100001', '2019-05-01 03:25:27', NULL, '0000-00-00 00:00:00', 1),
(127, 1, '2019-05-01', '2020-03-01', '06:00:00', '23:00:00', 0, 0, '119', '2019-09-04', 'MPD19_100001', '2019-05-01 03:25:27', NULL, '0000-00-00 00:00:00', 1),
(128, 1, '2019-05-01', '2020-03-01', '06:00:00', '23:00:00', 0, 0, '119', '2019-09-05', 'MPD19_100001', '2019-05-01 03:25:27', NULL, '0000-00-00 00:00:00', 1),
(129, 1, '2019-05-01', '2020-03-01', '06:00:00', '23:00:00', 0, 0, '119', '2019-09-06', 'MPD19_100001', '2019-05-01 03:25:27', NULL, '0000-00-00 00:00:00', 1),
(130, 1, '2019-05-01', '2020-03-01', '06:00:00', '23:00:00', 0, 0, '119', '2019-09-07', 'MPD19_100001', '2019-05-01 03:25:27', NULL, '0000-00-00 00:00:00', 1),
(131, 1, '2019-05-01', '2020-03-01', '06:00:00', '23:00:00', 0, 0, '119', '2019-09-08', 'MPD19_100001', '2019-05-01 03:25:27', NULL, '0000-00-00 00:00:00', 1),
(132, 1, '2019-05-01', '2020-03-01', '06:00:00', '23:00:00', 0, 0, '119', '2019-09-09', 'MPD19_100001', '2019-05-01 03:25:27', NULL, '0000-00-00 00:00:00', 1),
(133, 1, '2019-05-01', '2020-03-01', '06:00:00', '23:00:00', 0, 0, '119', '2019-09-10', 'MPD19_100001', '2019-05-01 03:25:27', NULL, '0000-00-00 00:00:00', 1),
(134, 1, '2019-05-01', '2020-03-01', '06:00:00', '23:00:00', 0, 0, '119', '2019-09-11', 'MPD19_100001', '2019-05-01 03:25:27', NULL, '0000-00-00 00:00:00', 1),
(135, 1, '2019-05-01', '2020-03-01', '06:00:00', '23:00:00', 0, 0, '119', '2019-09-12', 'MPD19_100001', '2019-05-01 03:25:27', NULL, '0000-00-00 00:00:00', 1),
(136, 1, '2019-05-01', '2020-03-01', '06:00:00', '23:00:00', 0, 0, '119', '2019-09-13', 'MPD19_100001', '2019-05-01 03:25:27', NULL, '0000-00-00 00:00:00', 1),
(137, 1, '2019-05-01', '2020-03-01', '06:00:00', '23:00:00', 0, 0, '119', '2019-09-14', 'MPD19_100001', '2019-05-01 03:25:27', NULL, '0000-00-00 00:00:00', 1),
(138, 1, '2019-05-01', '2020-03-01', '06:00:00', '23:00:00', 0, 0, '119', '2019-09-15', 'MPD19_100001', '2019-05-01 03:25:27', NULL, '0000-00-00 00:00:00', 1),
(139, 1, '2019-05-01', '2020-03-01', '06:00:00', '23:00:00', 0, 0, '119', '2019-09-16', 'MPD19_100001', '2019-05-01 03:25:27', NULL, '0000-00-00 00:00:00', 1),
(140, 1, '2019-05-01', '2020-03-01', '06:00:00', '23:00:00', 0, 0, '119', '2019-09-17', 'MPD19_100001', '2019-05-01 03:25:27', NULL, '0000-00-00 00:00:00', 1),
(141, 1, '2019-05-01', '2020-03-01', '06:00:00', '23:00:00', 0, 0, '119', '2019-09-18', 'MPD19_100001', '2019-05-01 03:25:27', NULL, '0000-00-00 00:00:00', 1),
(142, 1, '2019-05-01', '2020-03-01', '06:00:00', '23:00:00', 0, 0, '119', '2019-09-19', 'MPD19_100001', '2019-05-01 03:25:27', NULL, '0000-00-00 00:00:00', 1),
(143, 1, '2019-05-01', '2020-03-01', '06:00:00', '23:00:00', 0, 0, '119', '2019-09-20', 'MPD19_100001', '2019-05-01 03:25:27', NULL, '0000-00-00 00:00:00', 1),
(144, 1, '2019-05-01', '2020-03-01', '06:00:00', '23:00:00', 0, 0, '119', '2019-09-21', 'MPD19_100001', '2019-05-01 03:25:27', NULL, '0000-00-00 00:00:00', 1),
(145, 1, '2019-05-01', '2020-03-01', '06:00:00', '23:00:00', 0, 0, '119', '2019-09-22', 'MPD19_100001', '2019-05-01 03:25:27', NULL, '0000-00-00 00:00:00', 1),
(146, 1, '2019-05-01', '2020-03-01', '06:00:00', '23:00:00', 0, 0, '119', '2019-09-23', 'MPD19_100001', '2019-05-01 03:25:27', NULL, '0000-00-00 00:00:00', 1),
(147, 1, '2019-05-01', '2020-03-01', '06:00:00', '23:00:00', 0, 0, '119', '2019-09-24', 'MPD19_100001', '2019-05-01 03:25:27', NULL, '0000-00-00 00:00:00', 1),
(148, 1, '2019-05-01', '2020-03-01', '06:00:00', '23:00:00', 0, 0, '119', '2019-09-25', 'MPD19_100001', '2019-05-01 03:25:27', NULL, '0000-00-00 00:00:00', 1),
(149, 1, '2019-05-01', '2020-03-01', '06:00:00', '23:00:00', 0, 0, '119', '2019-09-26', 'MPD19_100001', '2019-05-01 03:25:27', NULL, '0000-00-00 00:00:00', 1),
(150, 1, '2019-05-01', '2020-03-01', '06:00:00', '23:00:00', 0, 0, '119', '2019-09-27', 'MPD19_100001', '2019-05-01 03:25:27', NULL, '0000-00-00 00:00:00', 1),
(151, 1, '2019-05-01', '2020-03-01', '06:00:00', '23:00:00', 0, 0, '119', '2019-09-28', 'MPD19_100001', '2019-05-01 03:25:27', NULL, '0000-00-00 00:00:00', 1),
(152, 1, '2019-05-01', '2020-03-01', '06:00:00', '23:00:00', 0, 0, '119', '2019-09-29', 'MPD19_100001', '2019-05-01 03:25:27', NULL, '0000-00-00 00:00:00', 1),
(153, 1, '2019-05-01', '2020-03-01', '06:00:00', '23:00:00', 0, 0, '119', '2019-09-30', 'MPD19_100001', '2019-05-01 03:25:27', NULL, '0000-00-00 00:00:00', 1),
(154, 1, '2019-05-01', '2020-03-01', '06:00:00', '23:00:00', 0, 0, '119', '2019-10-01', 'MPD19_100001', '2019-05-01 03:25:27', NULL, '0000-00-00 00:00:00', 1),
(155, 1, '2019-05-01', '2020-03-01', '06:00:00', '23:00:00', 0, 0, '119', '2019-10-02', 'MPD19_100001', '2019-05-01 03:25:27', NULL, '0000-00-00 00:00:00', 1),
(156, 1, '2019-05-01', '2020-03-01', '06:00:00', '23:00:00', 0, 0, '119', '2019-10-03', 'MPD19_100001', '2019-05-01 03:25:27', NULL, '0000-00-00 00:00:00', 1),
(157, 1, '2019-05-01', '2020-03-01', '06:00:00', '23:00:00', 0, 0, '119', '2019-10-04', 'MPD19_100001', '2019-05-01 03:25:27', NULL, '0000-00-00 00:00:00', 1),
(158, 1, '2019-05-01', '2020-03-01', '06:00:00', '23:00:00', 0, 0, '119', '2019-10-05', 'MPD19_100001', '2019-05-01 03:25:27', NULL, '0000-00-00 00:00:00', 1),
(159, 1, '2019-05-01', '2020-03-01', '06:00:00', '23:00:00', 0, 0, '119', '2019-10-06', 'MPD19_100001', '2019-05-01 03:25:27', NULL, '0000-00-00 00:00:00', 1),
(160, 1, '2019-05-01', '2020-03-01', '06:00:00', '23:00:00', 0, 0, '119', '2019-10-07', 'MPD19_100001', '2019-05-01 03:25:27', NULL, '0000-00-00 00:00:00', 1),
(161, 1, '2019-05-01', '2020-03-01', '06:00:00', '23:00:00', 0, 0, '119', '2019-10-08', 'MPD19_100001', '2019-05-01 03:25:27', NULL, '0000-00-00 00:00:00', 1),
(162, 1, '2019-05-01', '2020-03-01', '06:00:00', '23:00:00', 0, 0, '119', '2019-10-09', 'MPD19_100001', '2019-05-01 03:25:27', NULL, '0000-00-00 00:00:00', 1),
(163, 1, '2019-05-01', '2020-03-01', '06:00:00', '23:00:00', 0, 0, '119', '2019-10-10', 'MPD19_100001', '2019-05-01 03:25:27', NULL, '0000-00-00 00:00:00', 1),
(164, 1, '2019-05-01', '2020-03-01', '06:00:00', '23:00:00', 0, 0, '119', '2019-10-11', 'MPD19_100001', '2019-05-01 03:25:27', NULL, '0000-00-00 00:00:00', 1),
(165, 1, '2019-05-01', '2020-03-01', '06:00:00', '23:00:00', 0, 0, '119', '2019-10-12', 'MPD19_100001', '2019-05-01 03:25:27', NULL, '0000-00-00 00:00:00', 1),
(166, 1, '2019-05-01', '2020-03-01', '06:00:00', '23:00:00', 0, 0, '119', '2019-10-13', 'MPD19_100001', '2019-05-01 03:25:27', NULL, '0000-00-00 00:00:00', 1),
(167, 1, '2019-05-01', '2020-03-01', '06:00:00', '23:00:00', 0, 0, '119', '2019-10-14', 'MPD19_100001', '2019-05-01 03:25:27', NULL, '0000-00-00 00:00:00', 1),
(168, 1, '2019-05-01', '2020-03-01', '06:00:00', '23:00:00', 0, 0, '119', '2019-10-15', 'MPD19_100001', '2019-05-01 03:25:27', NULL, '0000-00-00 00:00:00', 1),
(169, 1, '2019-05-01', '2020-03-01', '06:00:00', '23:00:00', 0, 0, '119', '2019-10-16', 'MPD19_100001', '2019-05-01 03:25:27', NULL, '0000-00-00 00:00:00', 1),
(170, 1, '2019-05-01', '2020-03-01', '06:00:00', '23:00:00', 0, 0, '119', '2019-10-17', 'MPD19_100001', '2019-05-01 03:25:27', NULL, '0000-00-00 00:00:00', 1),
(171, 1, '2019-05-01', '2020-03-01', '06:00:00', '23:00:00', 0, 0, '119', '2019-10-18', 'MPD19_100001', '2019-05-01 03:25:27', NULL, '0000-00-00 00:00:00', 1),
(172, 1, '2019-05-01', '2020-03-01', '06:00:00', '23:00:00', 0, 0, '119', '2019-10-19', 'MPD19_100001', '2019-05-01 03:25:27', NULL, '0000-00-00 00:00:00', 1),
(173, 1, '2019-05-01', '2020-03-01', '06:00:00', '23:00:00', 0, 0, '119', '2019-10-20', 'MPD19_100001', '2019-05-01 03:25:27', NULL, '0000-00-00 00:00:00', 1),
(174, 1, '2019-05-01', '2020-03-01', '06:00:00', '23:00:00', 0, 0, '119', '2019-10-21', 'MPD19_100001', '2019-05-01 03:25:27', NULL, '0000-00-00 00:00:00', 1),
(175, 1, '2019-05-01', '2020-03-01', '06:00:00', '23:00:00', 0, 0, '119', '2019-10-22', 'MPD19_100001', '2019-05-01 03:25:27', NULL, '0000-00-00 00:00:00', 1),
(176, 1, '2019-05-01', '2020-03-01', '06:00:00', '23:00:00', 0, 0, '119', '2019-10-23', 'MPD19_100001', '2019-05-01 03:25:27', NULL, '0000-00-00 00:00:00', 1),
(177, 1, '2019-05-01', '2020-03-01', '06:00:00', '23:00:00', 0, 0, '119', '2019-10-24', 'MPD19_100001', '2019-05-01 03:25:27', NULL, '0000-00-00 00:00:00', 1),
(178, 1, '2019-05-01', '2020-03-01', '06:00:00', '23:00:00', 0, 0, '119', '2019-10-25', 'MPD19_100001', '2019-05-01 03:25:27', NULL, '0000-00-00 00:00:00', 1),
(179, 1, '2019-05-01', '2020-03-01', '06:00:00', '23:00:00', 0, 0, '119', '2019-10-26', 'MPD19_100001', '2019-05-01 03:25:27', NULL, '0000-00-00 00:00:00', 1),
(180, 1, '2019-05-01', '2020-03-01', '06:00:00', '23:00:00', 0, 0, '119', '2019-10-27', 'MPD19_100001', '2019-05-01 03:25:27', NULL, '0000-00-00 00:00:00', 1),
(181, 1, '2019-05-01', '2020-03-01', '06:00:00', '23:00:00', 0, 0, '119', '2019-10-28', 'MPD19_100001', '2019-05-01 03:25:27', NULL, '0000-00-00 00:00:00', 1),
(182, 1, '2019-05-01', '2020-03-01', '06:00:00', '23:00:00', 0, 0, '119', '2019-10-29', 'MPD19_100001', '2019-05-01 03:25:27', NULL, '0000-00-00 00:00:00', 1),
(183, 1, '2019-05-01', '2020-03-01', '06:00:00', '23:00:00', 0, 0, '119', '2019-10-30', 'MPD19_100001', '2019-05-01 03:25:27', NULL, '0000-00-00 00:00:00', 1),
(184, 1, '2019-05-01', '2020-03-01', '06:00:00', '23:00:00', 0, 0, '119', '2019-10-31', 'MPD19_100001', '2019-05-01 03:25:27', NULL, '0000-00-00 00:00:00', 1),
(185, 1, '2019-05-01', '2020-03-01', '06:00:00', '23:00:00', 0, 0, '119', '2019-11-01', 'MPD19_100001', '2019-05-01 03:25:27', NULL, '0000-00-00 00:00:00', 1),
(186, 1, '2019-05-01', '2020-03-01', '06:00:00', '23:00:00', 0, 0, '119', '2019-11-02', 'MPD19_100001', '2019-05-01 03:25:27', NULL, '0000-00-00 00:00:00', 1),
(187, 1, '2019-05-01', '2020-03-01', '06:00:00', '23:00:00', 0, 0, '119', '2019-11-03', 'MPD19_100001', '2019-05-01 03:25:27', NULL, '0000-00-00 00:00:00', 1),
(188, 1, '2019-05-01', '2020-03-01', '06:00:00', '23:00:00', 0, 0, '119', '2019-11-04', 'MPD19_100001', '2019-05-01 03:25:27', NULL, '0000-00-00 00:00:00', 1),
(189, 1, '2019-05-01', '2020-03-01', '06:00:00', '23:00:00', 0, 0, '119', '2019-11-05', 'MPD19_100001', '2019-05-01 03:25:27', NULL, '0000-00-00 00:00:00', 1),
(190, 1, '2019-05-01', '2020-03-01', '06:00:00', '23:00:00', 0, 0, '119', '2019-11-06', 'MPD19_100001', '2019-05-01 03:25:27', NULL, '0000-00-00 00:00:00', 1),
(191, 1, '2019-05-01', '2020-03-01', '06:00:00', '23:00:00', 0, 0, '119', '2019-11-07', 'MPD19_100001', '2019-05-01 03:25:27', NULL, '0000-00-00 00:00:00', 1),
(192, 1, '2019-05-01', '2020-03-01', '06:00:00', '23:00:00', 0, 0, '119', '2019-11-08', 'MPD19_100001', '2019-05-01 03:25:27', NULL, '0000-00-00 00:00:00', 1),
(193, 1, '2019-05-01', '2020-03-01', '06:00:00', '23:00:00', 0, 0, '119', '2019-11-09', 'MPD19_100001', '2019-05-01 03:25:27', NULL, '0000-00-00 00:00:00', 1),
(194, 1, '2019-05-01', '2020-03-01', '06:00:00', '23:00:00', 0, 0, '119', '2019-11-10', 'MPD19_100001', '2019-05-01 03:25:27', NULL, '0000-00-00 00:00:00', 1),
(195, 1, '2019-05-01', '2020-03-01', '06:00:00', '23:00:00', 0, 0, '119', '2019-11-11', 'MPD19_100001', '2019-05-01 03:25:27', NULL, '0000-00-00 00:00:00', 1),
(196, 1, '2019-05-01', '2020-03-01', '06:00:00', '23:00:00', 0, 0, '119', '2019-11-12', 'MPD19_100001', '2019-05-01 03:25:27', NULL, '0000-00-00 00:00:00', 1),
(197, 1, '2019-05-01', '2020-03-01', '06:00:00', '23:00:00', 0, 0, '119', '2019-11-13', 'MPD19_100001', '2019-05-01 03:25:27', NULL, '0000-00-00 00:00:00', 1),
(198, 1, '2019-05-01', '2020-03-01', '06:00:00', '23:00:00', 0, 0, '119', '2019-11-14', 'MPD19_100001', '2019-05-01 03:25:27', NULL, '0000-00-00 00:00:00', 1),
(199, 1, '2019-05-01', '2020-03-01', '06:00:00', '23:00:00', 0, 0, '119', '2019-11-15', 'MPD19_100001', '2019-05-01 03:25:27', NULL, '0000-00-00 00:00:00', 1),
(200, 1, '2019-05-01', '2020-03-01', '06:00:00', '23:00:00', 0, 0, '119', '2019-11-16', 'MPD19_100001', '2019-05-01 03:25:27', NULL, '0000-00-00 00:00:00', 1),
(201, 1, '2019-05-01', '2020-03-01', '06:00:00', '23:00:00', 0, 0, '119', '2019-11-17', 'MPD19_100001', '2019-05-01 03:25:27', NULL, '0000-00-00 00:00:00', 1),
(202, 1, '2019-05-01', '2020-03-01', '06:00:00', '23:00:00', 0, 0, '119', '2019-11-18', 'MPD19_100001', '2019-05-01 03:25:27', NULL, '0000-00-00 00:00:00', 1),
(203, 1, '2019-05-01', '2020-03-01', '06:00:00', '23:00:00', 0, 0, '119', '2019-11-19', 'MPD19_100001', '2019-05-01 03:25:27', NULL, '0000-00-00 00:00:00', 1),
(204, 1, '2019-05-01', '2020-03-01', '06:00:00', '23:00:00', 0, 0, '119', '2019-11-20', 'MPD19_100001', '2019-05-01 03:25:27', NULL, '0000-00-00 00:00:00', 1),
(205, 1, '2019-05-01', '2020-03-01', '06:00:00', '23:00:00', 0, 0, '119', '2019-11-21', 'MPD19_100001', '2019-05-01 03:25:27', NULL, '0000-00-00 00:00:00', 1),
(206, 1, '2019-05-01', '2020-03-01', '06:00:00', '23:00:00', 0, 0, '119', '2019-11-22', 'MPD19_100001', '2019-05-01 03:25:27', NULL, '0000-00-00 00:00:00', 1),
(207, 1, '2019-05-01', '2020-03-01', '06:00:00', '23:00:00', 0, 0, '119', '2019-11-23', 'MPD19_100001', '2019-05-01 03:25:27', NULL, '0000-00-00 00:00:00', 1),
(208, 1, '2019-05-01', '2020-03-01', '06:00:00', '23:00:00', 0, 0, '119', '2019-11-24', 'MPD19_100001', '2019-05-01 03:25:27', NULL, '0000-00-00 00:00:00', 1),
(209, 1, '2019-05-01', '2020-03-01', '06:00:00', '23:00:00', 0, 0, '119', '2019-11-25', 'MPD19_100001', '2019-05-01 03:25:27', NULL, '0000-00-00 00:00:00', 1),
(210, 1, '2019-05-01', '2020-03-01', '06:00:00', '23:00:00', 0, 0, '119', '2019-11-26', 'MPD19_100001', '2019-05-01 03:25:27', NULL, '0000-00-00 00:00:00', 1),
(211, 1, '2019-05-01', '2020-03-01', '06:00:00', '23:00:00', 0, 0, '119', '2019-11-27', 'MPD19_100001', '2019-05-01 03:25:27', NULL, '0000-00-00 00:00:00', 1),
(212, 1, '2019-05-01', '2020-03-01', '06:00:00', '23:00:00', 0, 0, '119', '2019-11-28', 'MPD19_100001', '2019-05-01 03:25:27', NULL, '0000-00-00 00:00:00', 1),
(213, 1, '2019-05-01', '2020-03-01', '06:00:00', '23:00:00', 0, 0, '119', '2019-11-29', 'MPD19_100001', '2019-05-01 03:25:27', NULL, '0000-00-00 00:00:00', 1),
(214, 1, '2019-05-01', '2020-03-01', '06:00:00', '23:00:00', 0, 0, '119', '2019-11-30', 'MPD19_100001', '2019-05-01 03:25:27', NULL, '0000-00-00 00:00:00', 1),
(215, 1, '2019-05-01', '2020-03-01', '06:00:00', '23:00:00', 0, 0, '119', '2019-12-01', 'MPD19_100001', '2019-05-01 03:25:28', NULL, '0000-00-00 00:00:00', 1),
(216, 1, '2019-05-01', '2020-03-01', '06:00:00', '23:00:00', 0, 0, '119', '2019-12-02', 'MPD19_100001', '2019-05-01 03:25:28', NULL, '0000-00-00 00:00:00', 1),
(217, 1, '2019-05-01', '2020-03-01', '06:00:00', '23:00:00', 0, 0, '119', '2019-12-03', 'MPD19_100001', '2019-05-01 03:25:28', NULL, '0000-00-00 00:00:00', 1),
(218, 1, '2019-05-01', '2020-03-01', '06:00:00', '23:00:00', 0, 0, '119', '2019-12-04', 'MPD19_100001', '2019-05-01 03:25:28', NULL, '0000-00-00 00:00:00', 1),
(219, 1, '2019-05-01', '2020-03-01', '06:00:00', '23:00:00', 0, 0, '119', '2019-12-05', 'MPD19_100001', '2019-05-01 03:25:28', NULL, '0000-00-00 00:00:00', 1),
(220, 1, '2019-05-01', '2020-03-01', '06:00:00', '23:00:00', 0, 0, '119', '2019-12-06', 'MPD19_100001', '2019-05-01 03:25:28', NULL, '0000-00-00 00:00:00', 1),
(221, 1, '2019-05-01', '2020-03-01', '06:00:00', '23:00:00', 0, 0, '119', '2019-12-07', 'MPD19_100001', '2019-05-01 03:25:28', NULL, '0000-00-00 00:00:00', 1),
(222, 1, '2019-05-01', '2020-03-01', '06:00:00', '23:00:00', 0, 0, '119', '2019-12-08', 'MPD19_100001', '2019-05-01 03:25:28', NULL, '0000-00-00 00:00:00', 1),
(223, 1, '2019-05-01', '2020-03-01', '06:00:00', '23:00:00', 0, 0, '119', '2019-12-09', 'MPD19_100001', '2019-05-01 03:25:28', NULL, '0000-00-00 00:00:00', 1),
(224, 1, '2019-05-01', '2020-03-01', '06:00:00', '23:00:00', 0, 0, '119', '2019-12-10', 'MPD19_100001', '2019-05-01 03:25:28', NULL, '0000-00-00 00:00:00', 1),
(225, 1, '2019-05-01', '2020-03-01', '06:00:00', '23:00:00', 0, 0, '119', '2019-12-11', 'MPD19_100001', '2019-05-01 03:25:28', NULL, '0000-00-00 00:00:00', 1),
(226, 1, '2019-05-01', '2020-03-01', '06:00:00', '23:00:00', 0, 0, '119', '2019-12-12', 'MPD19_100001', '2019-05-01 03:25:28', NULL, '0000-00-00 00:00:00', 1),
(227, 1, '2019-05-01', '2020-03-01', '06:00:00', '23:00:00', 0, 0, '119', '2019-12-13', 'MPD19_100001', '2019-05-01 03:25:28', NULL, '0000-00-00 00:00:00', 1),
(228, 1, '2019-05-01', '2020-03-01', '06:00:00', '23:00:00', 0, 0, '119', '2019-12-14', 'MPD19_100001', '2019-05-01 03:25:28', NULL, '0000-00-00 00:00:00', 1),
(229, 1, '2019-05-01', '2020-03-01', '06:00:00', '23:00:00', 0, 0, '119', '2019-12-15', 'MPD19_100001', '2019-05-01 03:25:28', NULL, '0000-00-00 00:00:00', 1),
(230, 1, '2019-05-01', '2020-03-01', '06:00:00', '23:00:00', 0, 0, '119', '2019-12-16', 'MPD19_100001', '2019-05-01 03:25:28', NULL, '0000-00-00 00:00:00', 1),
(231, 1, '2019-05-01', '2020-03-01', '06:00:00', '23:00:00', 0, 0, '119', '2019-12-17', 'MPD19_100001', '2019-05-01 03:25:28', NULL, '0000-00-00 00:00:00', 1),
(232, 1, '2019-05-01', '2020-03-01', '06:00:00', '23:00:00', 0, 0, '119', '2019-12-18', 'MPD19_100001', '2019-05-01 03:25:28', NULL, '0000-00-00 00:00:00', 1),
(233, 1, '2019-05-01', '2020-03-01', '06:00:00', '23:00:00', 0, 0, '119', '2019-12-19', 'MPD19_100001', '2019-05-01 03:25:28', NULL, '0000-00-00 00:00:00', 1),
(234, 1, '2019-05-01', '2020-03-01', '06:00:00', '23:00:00', 0, 0, '119', '2019-12-20', 'MPD19_100001', '2019-05-01 03:25:28', NULL, '0000-00-00 00:00:00', 1),
(235, 1, '2019-05-01', '2020-03-01', '06:00:00', '23:00:00', 0, 0, '119', '2019-12-21', 'MPD19_100001', '2019-05-01 03:25:28', NULL, '0000-00-00 00:00:00', 1),
(236, 1, '2019-05-01', '2020-03-01', '06:00:00', '23:00:00', 0, 0, '119', '2019-12-22', 'MPD19_100001', '2019-05-01 03:25:28', NULL, '0000-00-00 00:00:00', 1),
(237, 1, '2019-05-01', '2020-03-01', '06:00:00', '23:00:00', 0, 0, '119', '2019-12-23', 'MPD19_100001', '2019-05-01 03:25:28', NULL, '0000-00-00 00:00:00', 1),
(238, 1, '2019-05-01', '2020-03-01', '06:00:00', '23:00:00', 0, 0, '119', '2019-12-24', 'MPD19_100001', '2019-05-01 03:25:28', NULL, '0000-00-00 00:00:00', 1),
(239, 1, '2019-05-01', '2020-03-01', '06:00:00', '23:00:00', 0, 0, '119', '2019-12-25', 'MPD19_100001', '2019-05-01 03:25:28', NULL, '0000-00-00 00:00:00', 1),
(240, 1, '2019-05-01', '2020-03-01', '06:00:00', '23:00:00', 0, 0, '119', '2019-12-26', 'MPD19_100001', '2019-05-01 03:25:28', NULL, '0000-00-00 00:00:00', 1),
(241, 1, '2019-05-01', '2020-03-01', '06:00:00', '23:00:00', 0, 0, '119', '2019-12-27', 'MPD19_100001', '2019-05-01 03:25:28', NULL, '0000-00-00 00:00:00', 1),
(242, 1, '2019-05-01', '2020-03-01', '06:00:00', '23:00:00', 0, 0, '119', '2019-12-28', 'MPD19_100001', '2019-05-01 03:25:28', NULL, '0000-00-00 00:00:00', 1),
(243, 1, '2019-05-01', '2020-03-01', '06:00:00', '23:00:00', 0, 0, '119', '2019-12-29', 'MPD19_100001', '2019-05-01 03:25:28', NULL, '0000-00-00 00:00:00', 1),
(244, 1, '2019-05-01', '2020-03-01', '06:00:00', '23:00:00', 0, 0, '119', '2019-12-30', 'MPD19_100001', '2019-05-01 03:25:28', NULL, '0000-00-00 00:00:00', 1),
(245, 1, '2019-05-01', '2020-03-01', '06:00:00', '23:00:00', 0, 0, '119', '2019-12-31', 'MPD19_100001', '2019-05-01 03:25:28', NULL, '0000-00-00 00:00:00', 1),
(246, 1, '2019-05-01', '2020-03-01', '06:00:00', '23:00:00', 0, 0, '119', '2020-01-01', 'MPD19_100001', '2019-05-01 03:25:28', NULL, '0000-00-00 00:00:00', 1),
(247, 1, '2019-05-01', '2020-03-01', '06:00:00', '23:00:00', 0, 0, '119', '2020-01-02', 'MPD19_100001', '2019-05-01 03:25:28', NULL, '0000-00-00 00:00:00', 1),
(248, 1, '2019-05-01', '2020-03-01', '06:00:00', '23:00:00', 0, 0, '119', '2020-01-03', 'MPD19_100001', '2019-05-01 03:25:28', NULL, '0000-00-00 00:00:00', 1),
(249, 1, '2019-05-01', '2020-03-01', '06:00:00', '23:00:00', 0, 0, '119', '2020-01-04', 'MPD19_100001', '2019-05-01 03:25:28', NULL, '0000-00-00 00:00:00', 1),
(250, 1, '2019-05-01', '2020-03-01', '06:00:00', '23:00:00', 0, 0, '119', '2020-01-05', 'MPD19_100001', '2019-05-01 03:25:28', NULL, '0000-00-00 00:00:00', 1),
(251, 1, '2019-05-01', '2020-03-01', '06:00:00', '23:00:00', 0, 0, '119', '2020-01-06', 'MPD19_100001', '2019-05-01 03:25:28', NULL, '0000-00-00 00:00:00', 1),
(252, 1, '2019-05-01', '2020-03-01', '06:00:00', '23:00:00', 0, 0, '119', '2020-01-07', 'MPD19_100001', '2019-05-01 03:25:28', NULL, '0000-00-00 00:00:00', 1),
(253, 1, '2019-05-01', '2020-03-01', '06:00:00', '23:00:00', 0, 0, '119', '2020-01-08', 'MPD19_100001', '2019-05-01 03:25:28', NULL, '0000-00-00 00:00:00', 1),
(254, 1, '2019-05-01', '2020-03-01', '06:00:00', '23:00:00', 0, 0, '119', '2020-01-09', 'MPD19_100001', '2019-05-01 03:25:28', NULL, '0000-00-00 00:00:00', 1),
(255, 1, '2019-05-01', '2020-03-01', '06:00:00', '23:00:00', 0, 0, '119', '2020-01-10', 'MPD19_100001', '2019-05-01 03:25:28', NULL, '0000-00-00 00:00:00', 1),
(256, 1, '2019-05-01', '2020-03-01', '06:00:00', '23:00:00', 0, 0, '119', '2020-01-11', 'MPD19_100001', '2019-05-01 03:25:28', NULL, '0000-00-00 00:00:00', 1),
(257, 1, '2019-05-01', '2020-03-01', '06:00:00', '23:00:00', 0, 0, '119', '2020-01-12', 'MPD19_100001', '2019-05-01 03:25:28', NULL, '0000-00-00 00:00:00', 1),
(258, 1, '2019-05-01', '2020-03-01', '06:00:00', '23:00:00', 0, 0, '119', '2020-01-13', 'MPD19_100001', '2019-05-01 03:25:28', NULL, '0000-00-00 00:00:00', 1),
(259, 1, '2019-05-01', '2020-03-01', '06:00:00', '23:00:00', 0, 0, '119', '2020-01-14', 'MPD19_100001', '2019-05-01 03:25:28', NULL, '0000-00-00 00:00:00', 1),
(260, 1, '2019-05-01', '2020-03-01', '06:00:00', '23:00:00', 0, 0, '119', '2020-01-15', 'MPD19_100001', '2019-05-01 03:25:28', NULL, '0000-00-00 00:00:00', 1),
(261, 1, '2019-05-01', '2020-03-01', '06:00:00', '23:00:00', 0, 0, '119', '2020-01-16', 'MPD19_100001', '2019-05-01 03:25:28', NULL, '0000-00-00 00:00:00', 1),
(262, 1, '2019-05-01', '2020-03-01', '06:00:00', '23:00:00', 0, 0, '119', '2020-01-17', 'MPD19_100001', '2019-05-01 03:25:28', NULL, '0000-00-00 00:00:00', 1),
(263, 1, '2019-05-01', '2020-03-01', '06:00:00', '23:00:00', 0, 0, '119', '2020-01-18', 'MPD19_100001', '2019-05-01 03:25:28', NULL, '0000-00-00 00:00:00', 1),
(264, 1, '2019-05-01', '2020-03-01', '06:00:00', '23:00:00', 0, 0, '119', '2020-01-19', 'MPD19_100001', '2019-05-01 03:25:28', NULL, '0000-00-00 00:00:00', 1),
(265, 1, '2019-05-01', '2020-03-01', '06:00:00', '23:00:00', 0, 0, '119', '2020-01-20', 'MPD19_100001', '2019-05-01 03:25:28', NULL, '0000-00-00 00:00:00', 1),
(266, 1, '2019-05-01', '2020-03-01', '06:00:00', '23:00:00', 0, 0, '119', '2020-01-21', 'MPD19_100001', '2019-05-01 03:25:28', NULL, '0000-00-00 00:00:00', 1),
(267, 1, '2019-05-01', '2020-03-01', '06:00:00', '23:00:00', 0, 0, '119', '2020-01-22', 'MPD19_100001', '2019-05-01 03:25:28', NULL, '0000-00-00 00:00:00', 1),
(268, 1, '2019-05-01', '2020-03-01', '06:00:00', '23:00:00', 0, 0, '119', '2020-01-23', 'MPD19_100001', '2019-05-01 03:25:28', NULL, '0000-00-00 00:00:00', 1),
(269, 1, '2019-05-01', '2020-03-01', '06:00:00', '23:00:00', 0, 0, '119', '2020-01-24', 'MPD19_100001', '2019-05-01 03:25:28', NULL, '0000-00-00 00:00:00', 1),
(270, 1, '2019-05-01', '2020-03-01', '06:00:00', '23:00:00', 0, 0, '119', '2020-01-25', 'MPD19_100001', '2019-05-01 03:25:28', NULL, '0000-00-00 00:00:00', 1),
(271, 1, '2019-05-01', '2020-03-01', '06:00:00', '23:00:00', 0, 0, '119', '2020-01-26', 'MPD19_100001', '2019-05-01 03:25:28', NULL, '0000-00-00 00:00:00', 1),
(272, 1, '2019-05-01', '2020-03-01', '06:00:00', '23:00:00', 0, 0, '119', '2020-01-27', 'MPD19_100001', '2019-05-01 03:25:28', NULL, '0000-00-00 00:00:00', 1),
(273, 1, '2019-05-01', '2020-03-01', '06:00:00', '23:00:00', 0, 0, '119', '2020-01-28', 'MPD19_100001', '2019-05-01 03:25:28', NULL, '0000-00-00 00:00:00', 1),
(274, 1, '2019-05-01', '2020-03-01', '06:00:00', '23:00:00', 0, 0, '119', '2020-01-29', 'MPD19_100001', '2019-05-01 03:25:28', NULL, '0000-00-00 00:00:00', 1),
(275, 1, '2019-05-01', '2020-03-01', '06:00:00', '23:00:00', 0, 0, '119', '2020-01-30', 'MPD19_100001', '2019-05-01 03:25:28', NULL, '0000-00-00 00:00:00', 1),
(276, 1, '2019-05-01', '2020-03-01', '06:00:00', '23:00:00', 0, 0, '119', '2020-01-31', 'MPD19_100001', '2019-05-01 03:25:28', NULL, '0000-00-00 00:00:00', 1),
(277, 1, '2019-05-01', '2020-03-01', '06:00:00', '23:00:00', 0, 0, '119', '2020-02-01', 'MPD19_100001', '2019-05-01 03:25:28', NULL, '0000-00-00 00:00:00', 1),
(278, 1, '2019-05-01', '2020-03-01', '06:00:00', '23:00:00', 0, 0, '119', '2020-02-02', 'MPD19_100001', '2019-05-01 03:25:28', NULL, '0000-00-00 00:00:00', 1),
(279, 1, '2019-05-01', '2020-03-01', '06:00:00', '23:00:00', 0, 0, '119', '2020-02-03', 'MPD19_100001', '2019-05-01 03:25:28', NULL, '0000-00-00 00:00:00', 1),
(280, 1, '2019-05-01', '2020-03-01', '06:00:00', '23:00:00', 0, 0, '119', '2020-02-04', 'MPD19_100001', '2019-05-01 03:25:28', NULL, '0000-00-00 00:00:00', 1),
(281, 1, '2019-05-01', '2020-03-01', '06:00:00', '23:00:00', 0, 0, '119', '2020-02-05', 'MPD19_100001', '2019-05-01 03:25:28', NULL, '0000-00-00 00:00:00', 1),
(282, 1, '2019-05-01', '2020-03-01', '06:00:00', '23:00:00', 0, 0, '119', '2020-02-06', 'MPD19_100001', '2019-05-01 03:25:28', NULL, '0000-00-00 00:00:00', 1),
(283, 1, '2019-05-01', '2020-03-01', '06:00:00', '23:00:00', 0, 0, '119', '2020-02-07', 'MPD19_100001', '2019-05-01 03:25:28', NULL, '0000-00-00 00:00:00', 1),
(284, 1, '2019-05-01', '2020-03-01', '06:00:00', '23:00:00', 0, 0, '119', '2020-02-08', 'MPD19_100001', '2019-05-01 03:25:28', NULL, '0000-00-00 00:00:00', 1),
(285, 1, '2019-05-01', '2020-03-01', '06:00:00', '23:00:00', 0, 0, '119', '2020-02-09', 'MPD19_100001', '2019-05-01 03:25:28', NULL, '0000-00-00 00:00:00', 1),
(286, 1, '2019-05-01', '2020-03-01', '06:00:00', '23:00:00', 0, 0, '119', '2020-02-10', 'MPD19_100001', '2019-05-01 03:25:28', NULL, '0000-00-00 00:00:00', 1),
(287, 1, '2019-05-01', '2020-03-01', '06:00:00', '23:00:00', 0, 0, '119', '2020-02-11', 'MPD19_100001', '2019-05-01 03:25:28', NULL, '0000-00-00 00:00:00', 1),
(288, 1, '2019-05-01', '2020-03-01', '06:00:00', '23:00:00', 0, 0, '119', '2020-02-12', 'MPD19_100001', '2019-05-01 03:25:28', NULL, '0000-00-00 00:00:00', 1),
(289, 1, '2019-05-01', '2020-03-01', '06:00:00', '23:00:00', 0, 0, '119', '2020-02-13', 'MPD19_100001', '2019-05-01 03:25:28', NULL, '0000-00-00 00:00:00', 1),
(290, 1, '2019-05-01', '2020-03-01', '06:00:00', '23:00:00', 0, 0, '119', '2020-02-14', 'MPD19_100001', '2019-05-01 03:25:28', NULL, '0000-00-00 00:00:00', 1),
(291, 1, '2019-05-01', '2020-03-01', '06:00:00', '23:00:00', 0, 0, '119', '2020-02-15', 'MPD19_100001', '2019-05-01 03:25:28', NULL, '0000-00-00 00:00:00', 1),
(292, 1, '2019-05-01', '2020-03-01', '06:00:00', '23:00:00', 0, 0, '119', '2020-02-16', 'MPD19_100001', '2019-05-01 03:25:28', NULL, '0000-00-00 00:00:00', 1),
(293, 1, '2019-05-01', '2020-03-01', '06:00:00', '23:00:00', 0, 0, '119', '2020-02-17', 'MPD19_100001', '2019-05-01 03:25:28', NULL, '0000-00-00 00:00:00', 1),
(294, 1, '2019-05-01', '2020-03-01', '06:00:00', '23:00:00', 0, 0, '119', '2020-02-18', 'MPD19_100001', '2019-05-01 03:25:28', NULL, '0000-00-00 00:00:00', 1),
(295, 1, '2019-05-01', '2020-03-01', '06:00:00', '23:00:00', 0, 0, '119', '2020-02-19', 'MPD19_100001', '2019-05-01 03:25:28', NULL, '0000-00-00 00:00:00', 1),
(296, 1, '2019-05-01', '2020-03-01', '06:00:00', '23:00:00', 0, 0, '119', '2020-02-20', 'MPD19_100001', '2019-05-01 03:25:28', NULL, '0000-00-00 00:00:00', 1),
(297, 1, '2019-05-01', '2020-03-01', '06:00:00', '23:00:00', 0, 0, '119', '2020-02-21', 'MPD19_100001', '2019-05-01 03:25:28', NULL, '0000-00-00 00:00:00', 1),
(298, 1, '2019-05-01', '2020-03-01', '06:00:00', '23:00:00', 0, 0, '119', '2020-02-22', 'MPD19_100001', '2019-05-01 03:25:28', NULL, '0000-00-00 00:00:00', 1),
(299, 1, '2019-05-01', '2020-03-01', '06:00:00', '23:00:00', 0, 0, '119', '2020-02-23', 'MPD19_100001', '2019-05-01 03:25:28', NULL, '0000-00-00 00:00:00', 1),
(300, 1, '2019-05-01', '2020-03-01', '06:00:00', '23:00:00', 0, 0, '119', '2020-02-24', 'MPD19_100001', '2019-05-01 03:25:28', NULL, '0000-00-00 00:00:00', 1),
(301, 1, '2019-05-01', '2020-03-01', '06:00:00', '23:00:00', 0, 0, '119', '2020-02-25', 'MPD19_100001', '2019-05-01 03:25:28', NULL, '0000-00-00 00:00:00', 1),
(302, 1, '2019-05-01', '2020-03-01', '06:00:00', '23:00:00', 0, 0, '119', '2020-02-26', 'MPD19_100001', '2019-05-01 03:25:28', NULL, '0000-00-00 00:00:00', 1),
(303, 1, '2019-05-01', '2020-03-01', '06:00:00', '23:00:00', 0, 0, '119', '2020-02-27', 'MPD19_100001', '2019-05-01 03:25:28', NULL, '0000-00-00 00:00:00', 1),
(304, 1, '2019-05-01', '2020-03-01', '06:00:00', '23:00:00', 0, 0, '119', '2020-02-28', 'MPD19_100001', '2019-05-01 03:25:28', NULL, '0000-00-00 00:00:00', 1),
(305, 1, '2019-05-01', '2020-03-01', '06:00:00', '23:00:00', 0, 0, '119', '2020-02-29', 'MPD19_100001', '2019-05-01 03:25:28', NULL, '0000-00-00 00:00:00', 1),
(306, 1, '2019-05-01', '2020-03-01', '06:00:00', '23:00:00', 0, 0, '119', '2020-03-01', 'MPD19_100001', '2019-05-01 03:25:28', NULL, '0000-00-00 00:00:00', 1),
(307, 1, '2021-05-03', '2021-06-01', '01:00:00', '12:30:00', 1, 0, '121', '2021-05-03', 'MPSA18_100001', '2021-05-03 01:43:39', 'MPSA18_100001', '2021-05-03 01:44:41', 1),
(308, 1, '2021-05-03', '2021-06-01', '01:00:00', '00:30:00', 1, 0, '121', '2021-05-04', 'MPSA18_100001', '2021-05-03 01:43:39', NULL, '0000-00-00 00:00:00', 1),
(309, 1, '2021-05-03', '2021-06-01', '01:00:00', '00:30:00', 1, 0, '121', '2021-05-05', 'MPSA18_100001', '2021-05-03 01:43:39', NULL, '0000-00-00 00:00:00', 1),
(310, 1, '2021-05-03', '2021-06-01', '01:00:00', '00:30:00', 1, 0, '121', '2021-05-06', 'MPSA18_100001', '2021-05-03 01:43:39', NULL, '0000-00-00 00:00:00', 1),
(311, 1, '2021-05-03', '2021-06-01', '01:00:00', '00:30:00', 1, 0, '121', '2021-05-07', 'MPSA18_100001', '2021-05-03 01:43:39', NULL, '0000-00-00 00:00:00', 1),
(312, 1, '2021-05-03', '2021-06-01', '01:00:00', '00:30:00', 1, 0, '121', '2021-05-08', 'MPSA18_100001', '2021-05-03 01:43:39', NULL, '0000-00-00 00:00:00', 1),
(313, 1, '2021-05-03', '2021-06-01', '01:00:00', '00:30:00', 1, 0, '121', '2021-05-09', 'MPSA18_100001', '2021-05-03 01:43:39', NULL, '0000-00-00 00:00:00', 1),
(314, 1, '2021-05-03', '2021-06-01', '01:00:00', '00:30:00', 1, 0, '121', '2021-05-10', 'MPSA18_100001', '2021-05-03 01:43:40', NULL, '0000-00-00 00:00:00', 1),
(315, 1, '2021-05-03', '2021-06-01', '01:00:00', '00:30:00', 1, 0, '121', '2021-05-11', 'MPSA18_100001', '2021-05-03 01:43:40', NULL, '0000-00-00 00:00:00', 1);
INSERT INTO `availability_slot` (`id`, `doctor_id`, `start_date`, `end_date`, `start_time`, `end_time`, `repeat_interval`, `repeat_on`, `unik`, `date`, `created_by`, `created_at`, `modified_by`, `modified_at`, `row_status_cd`) VALUES
(316, 1, '2021-05-03', '2021-06-01', '01:00:00', '00:30:00', 1, 0, '121', '2021-05-12', 'MPSA18_100001', '2021-05-03 01:43:40', NULL, '0000-00-00 00:00:00', 1),
(317, 1, '2021-05-03', '2021-06-01', '01:00:00', '00:30:00', 1, 0, '121', '2021-05-13', 'MPSA18_100001', '2021-05-03 01:43:40', NULL, '0000-00-00 00:00:00', 1),
(318, 1, '2021-05-03', '2021-06-01', '01:00:00', '00:30:00', 1, 0, '121', '2021-05-14', 'MPSA18_100001', '2021-05-03 01:43:40', NULL, '0000-00-00 00:00:00', 1),
(319, 1, '2021-05-03', '2021-06-01', '01:00:00', '00:30:00', 1, 0, '121', '2021-05-15', 'MPSA18_100001', '2021-05-03 01:43:40', NULL, '0000-00-00 00:00:00', 1),
(320, 1, '2021-05-03', '2021-06-01', '01:00:00', '00:30:00', 1, 0, '121', '2021-05-16', 'MPSA18_100001', '2021-05-03 01:43:41', NULL, '0000-00-00 00:00:00', 1),
(321, 1, '2021-05-03', '2021-06-01', '01:00:00', '00:30:00', 1, 0, '121', '2021-05-17', 'MPSA18_100001', '2021-05-03 01:43:41', NULL, '0000-00-00 00:00:00', 1),
(322, 1, '2021-05-03', '2021-06-01', '01:00:00', '00:30:00', 1, 0, '121', '2021-05-18', 'MPSA18_100001', '2021-05-03 01:43:41', NULL, '0000-00-00 00:00:00', 1),
(323, 1, '2021-05-03', '2021-06-01', '01:00:00', '00:30:00', 1, 0, '121', '2021-05-19', 'MPSA18_100001', '2021-05-03 01:43:41', NULL, '0000-00-00 00:00:00', 1),
(324, 1, '2021-05-03', '2021-06-01', '01:00:00', '00:30:00', 1, 0, '121', '2021-05-20', 'MPSA18_100001', '2021-05-03 01:43:41', NULL, '0000-00-00 00:00:00', 1),
(325, 1, '2021-05-03', '2021-06-01', '01:00:00', '00:30:00', 1, 0, '121', '2021-05-21', 'MPSA18_100001', '2021-05-03 01:43:41', NULL, '0000-00-00 00:00:00', 1),
(326, 1, '2021-05-03', '2021-06-01', '01:00:00', '00:30:00', 1, 0, '121', '2021-05-22', 'MPSA18_100001', '2021-05-03 01:43:42', NULL, '0000-00-00 00:00:00', 1),
(327, 1, '2021-05-03', '2021-06-01', '01:00:00', '00:30:00', 1, 0, '121', '2021-05-23', 'MPSA18_100001', '2021-05-03 01:43:42', NULL, '0000-00-00 00:00:00', 1),
(328, 1, '2021-05-03', '2021-06-01', '01:00:00', '00:30:00', 1, 0, '121', '2021-05-24', 'MPSA18_100001', '2021-05-03 01:43:42', NULL, '0000-00-00 00:00:00', 1),
(329, 1, '2021-05-03', '2021-06-01', '01:00:00', '00:30:00', 1, 0, '121', '2021-05-25', 'MPSA18_100001', '2021-05-03 01:43:42', NULL, '0000-00-00 00:00:00', 1),
(330, 1, '2021-05-03', '2021-06-01', '01:00:00', '00:30:00', 1, 0, '121', '2021-05-26', 'MPSA18_100001', '2021-05-03 01:43:42', NULL, '0000-00-00 00:00:00', 1),
(331, 1, '2021-05-03', '2021-06-01', '01:00:00', '00:30:00', 1, 0, '121', '2021-05-27', 'MPSA18_100001', '2021-05-03 01:43:42', NULL, '0000-00-00 00:00:00', 1),
(332, 1, '2021-05-03', '2021-06-01', '01:00:00', '00:30:00', 1, 0, '121', '2021-05-28', 'MPSA18_100001', '2021-05-03 01:43:42', NULL, '0000-00-00 00:00:00', 1),
(333, 1, '2021-05-03', '2021-06-01', '01:00:00', '00:30:00', 1, 0, '121', '2021-05-29', 'MPSA18_100001', '2021-05-03 01:43:42', NULL, '0000-00-00 00:00:00', 1),
(334, 1, '2021-05-03', '2021-06-01', '01:00:00', '00:30:00', 1, 0, '121', '2021-05-30', 'MPSA18_100001', '2021-05-03 01:43:42', NULL, '0000-00-00 00:00:00', 1),
(335, 1, '2021-05-03', '2021-06-01', '01:00:00', '00:30:00', 1, 0, '121', '2021-05-31', 'MPSA18_100001', '2021-05-03 01:43:43', NULL, '0000-00-00 00:00:00', 1),
(336, 1, '2021-05-03', '2021-06-01', '01:00:00', '00:30:00', 1, 0, '121', '2021-06-01', 'MPSA18_100001', '2021-05-03 01:43:43', NULL, '0000-00-00 00:00:00', 1);

-- --------------------------------------------------------

--
-- Table structure for table `bed`
--

CREATE TABLE `bed` (
  `bed_id` int(11) NOT NULL,
  `bed_name` varchar(30) CHARACTER SET utf8 COLLATE utf8_unicode_ci NOT NULL,
  `hospital_id` int(11) NOT NULL,
  `branch_id` int(11) NOT NULL,
  `department_id` int(11) NOT NULL,
  `ward_id` int(11) NOT NULL,
  `bed_status` tinyint(4) NOT NULL DEFAULT '1' COMMENT '1=available,2=not-available',
  `created_by` varchar(15) CHARACTER SET utf8 COLLATE utf8_unicode_ci NOT NULL,
  `created_at` timestamp NOT NULL DEFAULT CURRENT_TIMESTAMP,
  `modified_by` varchar(15) CHARACTER SET utf8 COLLATE utf8_unicode_ci DEFAULT NULL,
  `modified_at` timestamp NOT NULL DEFAULT '0000-00-00 00:00:00',
  `row_status_cd` tinyint(4) NOT NULL DEFAULT '1' COMMENT '0-Deleted 1-Active 2-Inactive'
) ENGINE=InnoDB DEFAULT CHARSET=utf8;

--
-- Dumping data for table `bed`
--

INSERT INTO `bed` (`bed_id`, `bed_name`, `hospital_id`, `branch_id`, `department_id`, `ward_id`, `bed_status`, `created_by`, `created_at`, `modified_by`, `modified_at`, `row_status_cd`) VALUES
(1, 'Bed1', 1, 1, 1, 1, 2, 'MPSA18_100001', '2019-04-30 16:02:30', NULL, '0000-00-00 00:00:00', 1),
(2, 'Bed1', 2, 2, 2, 2, 1, 'MPSA18_100001', '2019-05-01 04:09:44', NULL, '0000-00-00 00:00:00', 1),
(3, 'Bed1', 3, 3, 3, 3, 2, 'MPSA18_100001', '2019-05-01 04:11:07', NULL, '0000-00-00 00:00:00', 1);

-- --------------------------------------------------------

--
-- Table structure for table `branch`
--

CREATE TABLE `branch` (
  `branch_id` int(11) NOT NULL,
  `hospital_id` int(11) NOT NULL,
  `branch_name` varchar(30) CHARACTER SET utf8 COLLATE utf8_unicode_ci NOT NULL,
  `phone` varchar(15) CHARACTER SET utf8 COLLATE utf8_unicode_ci NOT NULL,
  `email` varchar(60) CHARACTER SET utf8 COLLATE utf8_unicode_ci NOT NULL,
  `address` varchar(250) CHARACTER SET utf8 COLLATE utf8_unicode_ci NOT NULL,
  `longitude` float(11,8) DEFAULT NULL,
  `latitude` float(11,8) DEFAULT NULL,
  `city_id` int(11) NOT NULL,
  `district_id` int(11) NOT NULL,
  `state_id` int(11) NOT NULL,
  `country_id` int(11) NOT NULL,
  `created_by` varchar(15) CHARACTER SET utf8 COLLATE utf8_unicode_ci NOT NULL,
  `created_at` datetime NOT NULL,
  `modified_by` varchar(15) CHARACTER SET utf8 COLLATE utf8_unicode_ci DEFAULT NULL,
  `modified_at` timestamp NOT NULL DEFAULT CURRENT_TIMESTAMP ON UPDATE CURRENT_TIMESTAMP,
  `row_status_cd` tinyint(4) NOT NULL DEFAULT '1' COMMENT '0-Deleted 1-Active 2-Inactive'
) ENGINE=InnoDB DEFAULT CHARSET=utf8;

--
-- Dumping data for table `branch`
--

INSERT INTO `branch` (`branch_id`, `hospital_id`, `branch_name`, `phone`, `email`, `address`, `longitude`, `latitude`, `city_id`, `district_id`, `state_id`, `country_id`, `created_by`, `created_at`, `modified_by`, `modified_at`, `row_status_cd`) VALUES
(1, 1, 'Branch1', '1230056489', 'B1@G.COM', 'Unnamed Road, Rahmat Nagar, Jawahar Nagar, Hyderabad, Telangana 500045, India', 78.42447662, 17.44158745, 1, 1, 1, 1, 'MPSA18_100001', '2019-04-30 21:31:51', 'MPSA18_100001', '2019-05-30 19:08:15', 1),
(2, 2, 'Branch1', '10203336665', 'b1@g.com', '021', NULL, NULL, 1, 1, 1, 1, 'MPSA18_100001', '2019-05-01 09:39:08', NULL, '2019-05-01 04:09:08', 1),
(3, 3, 'Branch1', '1023333333', 'b1@g.com', 'as', NULL, NULL, 1, 1, 1, 1, 'MPSA18_100001', '2019-05-01 09:40:31', NULL, '2019-05-01 04:10:31', 1),
(6, 1, 'vivekananda schools', '121212121212', 'maheshbt8@gmail.com', '1-76 main road devanakonda', NULL, NULL, 1, 1, 1, 1, 'MPSA18_100001', '2019-05-02 23:57:08', NULL, '2019-05-02 18:27:08', 1);

-- --------------------------------------------------------

--
-- Table structure for table `city`
--

CREATE TABLE `city` (
  `city_id` int(11) NOT NULL,
  `city_name` varchar(30) CHARACTER SET utf8 COLLATE utf8_unicode_ci NOT NULL,
  `country_id` int(11) NOT NULL,
  `state_id` int(11) NOT NULL,
  `district_id` int(11) NOT NULL,
  `created_by` varchar(15) CHARACTER SET utf8 COLLATE utf8_unicode_ci NOT NULL,
  `created_at` timestamp NOT NULL DEFAULT CURRENT_TIMESTAMP,
  `modified_by` varchar(15) CHARACTER SET utf8 COLLATE utf8_unicode_ci DEFAULT NULL,
  `modified_at` timestamp NOT NULL DEFAULT '0000-00-00 00:00:00',
  `row_status_cd` tinyint(4) NOT NULL DEFAULT '1' COMMENT '0-Deleted 1-Active 2-Inactive'
) ENGINE=InnoDB DEFAULT CHARSET=utf8;

--
-- Dumping data for table `city`
--

INSERT INTO `city` (`city_id`, `city_name`, `country_id`, `state_id`, `district_id`, `created_by`, `created_at`, `modified_by`, `modified_at`, `row_status_cd`) VALUES
(1, 'Kadapa', 1, 1, 1, 'MPSA18_100001', '2019-04-30 15:47:56', NULL, '0000-00-00 00:00:00', 1),
(2, 'USA - C', 2, 2, 2, 'MPSA18_100001', '2019-05-05 14:12:24', NULL, '0000-00-00 00:00:00', 1);

-- --------------------------------------------------------

--
-- Table structure for table `ci_sessions`
--

CREATE TABLE `ci_sessions` (
  `id` varchar(40) COLLATE utf8_unicode_ci NOT NULL,
  `ip_address` varchar(45) COLLATE utf8_unicode_ci NOT NULL,
  `timestamp` int(10) UNSIGNED NOT NULL DEFAULT '0',
  `data` blob NOT NULL,
  `created_by` varchar(15) COLLATE utf8_unicode_ci NOT NULL,
  `created_at` timestamp NOT NULL DEFAULT CURRENT_TIMESTAMP,
  `modified_by` varchar(15) COLLATE utf8_unicode_ci DEFAULT NULL,
  `modified_at` timestamp NOT NULL DEFAULT '0000-00-00 00:00:00',
  `row_status_cd` tinyint(4) NOT NULL DEFAULT '1' COMMENT '0-Deleted 1-Active 2-Inactive'
) ENGINE=InnoDB DEFAULT CHARSET=utf8 COLLATE=utf8_unicode_ci;

--
-- Dumping data for table `ci_sessions`
--

INSERT INTO `ci_sessions` (`id`, `ip_address`, `timestamp`, `data`, `created_by`, `created_at`, `modified_by`, `modified_at`, `row_status_cd`) VALUES
('0b6faptgnnsbs4lebuerdedoh3ba5dij', '::1', 1620006111, 0x5f5f63695f6c6173745f726567656e65726174657c693a313632303030363131313b736974655f6c616e677c733a373a22656e676c697368223b6d656e757c613a34383a7b733a31343a226d61696e5f64617368626f617264223b733a393a2244617368626f617264223b733a31343a226d61696e5f686f73706974616c73223b733a393a22486f73706974616c73223b733a31323a226d61696e5f646563746f7273223b733a373a22446f63746f7273223b733a31363a226d61696e5f6465706172746d656e7473223b733a31313a224465706172746d656e7473223b733a31333a226d61696e5f6272616e63686573223b733a383a224272616e63686573223b733a31303a226d61696e5f7761726473223b733a353a225761726473223b733a393a226d61696e5f62656473223b733a343a2242656473223b733a31313a226d61696e5f6e7572736573223b733a363a224e7572736573223b733a31383a226d61696e5f726563657074696f6e69737473223b733a31333a22526563657074696f6e69737473223b733a31333a226d61696e5f70617469656e7473223b733a383a2250617469656e7473223b733a31393a226d61696e5f6d65646963616c5f73746f726573223b733a31343a224d65646963616c2053746f726573223b733a31373a226d61696e5f6d65646963616c5f6c616273223b733a31323a224d65646963616c204c616273223b733a31373a226d61696e5f6170706f696e746d656e7473223b733a31323a224170706f696e746d656e7473223b733a31333a226d61696e5f7061796d656e7473223b733a383a225061796d656e7473223b733a31323a226d61696e5f7265706f727473223b733a373a225265706f727473223b733a31333a226d61696e5f7365727669636573223b733a383a225365727669636573223b733a31343a226d61696e5f616d62756c616e6365223b733a393a22416d62756c616e6365223b733a31343a226d61696e5f626f6f645f62616e6b223b733a31303a22426c6f6f642042616e6b223b733a31343a226d61696e5f696e737572616e6365223b733a393a22496e737572616e6365223b733a31313a226e6f74696365626f617264223b733a31313a224e6f74696365626f617264223b733a31333a226d61696e5f73657474696e6773223b733a383a2253657474696e6773223b733a32313a226d61696e5f67656e6572616c5f73657474696e6773223b733a31363a2247656e6572616c2053657474696e6773223b733a31373a226c616e67756167655f73657474696e6773223b733a31373a224c616e67756167652053657474696e6773223b733a31323a22736d735f73657474696e6773223b733a31323a22534d532053657474696e6773223b733a31353a2273797374656d5f73657474696e6773223b733a31353a2253797374656d2053657474696e6773223b733a32313a226d61696e5f6c6963656e73655f63617465676f7279223b733a31373a224c6963656e73652043617465676f727973223b733a31323a226d61696e5f63686172676573223b733a373a2243686172676573223b733a373a2270726f66696c65223b733a373a2250726f66696c65223b733a363a226c6f676f7574223b733a373a224c6f67206f7574223b733a31343a226368616e676550617373776f7264223b733a31353a224368616e67652050617373776f7264223b733a31313a226170706f69746d656e7473223b733a31313a224170706f69746d656e7473223b733a32383a226d61696e5f6865616c7468696e737572616e636570726f7669646572223b733a32363a224865616c746820496e737572616e63652050726f766964657273223b733a32323a226d61696e5f696e70617469656e745f686973746f7279223b733a31383a22496e2d50617469656e7420486973746f7279223b733a31343a226d61696e5f696e70617469656e74223b733a31313a22496e2d50617469656e7473223b733a31393a226d61696e5f686f73706974616c5f61646d696e223b733a31353a22486f73706974616c2041646d696e73223b733a31373a226d61696e5f617661696c6162696c697479223b733a31323a22417661696c6162696c697479223b733a31303a226d61696e5f6f74686572223b733a363a224f7468657273223b733a31303a226d61696e5f61626f7574223b733a353a2241626f7574223b733a373a227265706f727473223b733a373a225265706f727473223b733a363a226f7264657273223b733a363a224f7264657273223b733a31393a226d61696e5f70617469656e745f7265706f7274223b733a31343a2250617469656e74205265706f7274223b733a32323a226d61696e5f6170706f69746d656e745f7265706f7274223b733a31373a224170706f69746d656e74205265706f7274223b733a31323a226d7970756c73657573657273223b733a31333a224d7950756c7365205573657273223b733a31323a226d61696e5f6163636f756e74223b733a373a224163636f756e74223b733a31323a226d61696e5f636f756e747279223b733a383a22436f756e74727973223b733a31303a226d61696e5f7374617465223b733a363a22537461746573223b733a31333a226d61696e5f6469737472696374223b733a393a22446973747269637473223b733a393a226d61696e5f63697479223b733a353a224369747973223b7d6c6f67696e5f757365725f69647c733a313a2231223b756e697175655f69647c733a31333a224d50534131385f313030303031223b6e616d657c733a363a224d6168657368223b6c6f67696e5f747970657c733a31303a22737570657261646d696e223b747970655f69647c733a31303a22737570657261646d696e223b6c6f67696e7c733a313a2231223b6c6173745f706167657c733a33343a2268747470733a2f2f6c6f63616c686f73742f6d7970756c73652f53657474696e6773223b776562736974655f6c616e67756167655f676f6f676c657c733a313a2232223b, '', '2021-05-03 01:31:21', NULL, '0000-00-00 00:00:00', 1),
('1f882go4r78ot91ja4i73dh7gm1nug83', '::1', 1620016141, 0x736974655f6c616e677c733a373a22656e676c697368223b6d656e757c613a34383a7b733a31343a226d61696e5f64617368626f617264223b733a393a2244617368626f617264223b733a31343a226d61696e5f686f73706974616c73223b733a393a22486f73706974616c73223b733a31323a226d61696e5f646563746f7273223b733a373a22446f63746f7273223b733a31363a226d61696e5f6465706172746d656e7473223b733a31313a224465706172746d656e7473223b733a31333a226d61696e5f6272616e63686573223b733a383a224272616e63686573223b733a31303a226d61696e5f7761726473223b733a353a225761726473223b733a393a226d61696e5f62656473223b733a343a2242656473223b733a31313a226d61696e5f6e7572736573223b733a363a224e7572736573223b733a31383a226d61696e5f726563657074696f6e69737473223b733a31333a22526563657074696f6e69737473223b733a31333a226d61696e5f70617469656e7473223b733a383a2250617469656e7473223b733a31393a226d61696e5f6d65646963616c5f73746f726573223b733a31343a224d65646963616c2053746f726573223b733a31373a226d61696e5f6d65646963616c5f6c616273223b733a31323a224d65646963616c204c616273223b733a31373a226d61696e5f6170706f696e746d656e7473223b733a31323a224170706f696e746d656e7473223b733a31333a226d61696e5f7061796d656e7473223b733a383a225061796d656e7473223b733a31323a226d61696e5f7265706f727473223b733a373a225265706f727473223b733a31333a226d61696e5f7365727669636573223b733a383a225365727669636573223b733a31343a226d61696e5f616d62756c616e6365223b733a393a22416d62756c616e6365223b733a31343a226d61696e5f626f6f645f62616e6b223b733a31303a22426c6f6f642042616e6b223b733a31343a226d61696e5f696e737572616e6365223b733a393a22496e737572616e6365223b733a31313a226e6f74696365626f617264223b733a31313a224e6f74696365626f617264223b733a31333a226d61696e5f73657474696e6773223b733a383a2253657474696e6773223b733a32313a226d61696e5f67656e6572616c5f73657474696e6773223b733a31363a2247656e6572616c2053657474696e6773223b733a31373a226c616e67756167655f73657474696e6773223b733a31373a224c616e67756167652053657474696e6773223b733a31323a22736d735f73657474696e6773223b733a31323a22534d532053657474696e6773223b733a31353a2273797374656d5f73657474696e6773223b733a31353a2253797374656d2053657474696e6773223b733a32313a226d61696e5f6c6963656e73655f63617465676f7279223b733a31373a224c6963656e73652043617465676f727973223b733a31323a226d61696e5f63686172676573223b733a373a2243686172676573223b733a373a2270726f66696c65223b733a373a2250726f66696c65223b733a363a226c6f676f7574223b733a373a224c6f67206f7574223b733a31343a226368616e676550617373776f7264223b733a31353a224368616e67652050617373776f7264223b733a31313a226170706f69746d656e7473223b733a31313a224170706f69746d656e7473223b733a32383a226d61696e5f6865616c7468696e737572616e636570726f7669646572223b733a32363a224865616c746820496e737572616e63652050726f766964657273223b733a32323a226d61696e5f696e70617469656e745f686973746f7279223b733a31383a22496e2d50617469656e7420486973746f7279223b733a31343a226d61696e5f696e70617469656e74223b733a31313a22496e2d50617469656e7473223b733a31393a226d61696e5f686f73706974616c5f61646d696e223b733a31353a22486f73706974616c2041646d696e73223b733a31373a226d61696e5f617661696c6162696c697479223b733a31323a22417661696c6162696c697479223b733a31303a226d61696e5f6f74686572223b733a363a224f7468657273223b733a31303a226d61696e5f61626f7574223b733a353a2241626f7574223b733a373a227265706f727473223b733a373a225265706f727473223b733a363a226f7264657273223b733a363a224f7264657273223b733a31393a226d61696e5f70617469656e745f7265706f7274223b733a31343a2250617469656e74205265706f7274223b733a32323a226d61696e5f6170706f69746d656e745f7265706f7274223b733a31373a224170706f69746d656e74205265706f7274223b733a31323a226d7970756c73657573657273223b733a31333a224d7950756c7365205573657273223b733a31323a226d61696e5f6163636f756e74223b733a373a224163636f756e74223b733a31323a226d61696e5f636f756e747279223b733a383a22436f756e74727973223b733a31303a226d61696e5f7374617465223b733a363a22537461746573223b733a31333a226d61696e5f6469737472696374223b733a393a22446973747269637473223b733a393a226d61696e5f63697479223b733a353a224369747973223b7d, '', '2021-05-03 04:29:01', NULL, '0000-00-00 00:00:00', 1),
('1ubjtp660t52afassk33q0b32u3h8i8t', '::1', 1620016140, 0x736974655f6c616e677c733a373a22656e676c697368223b6d656e757c613a34383a7b733a31343a226d61696e5f64617368626f617264223b733a393a2244617368626f617264223b733a31343a226d61696e5f686f73706974616c73223b733a393a22486f73706974616c73223b733a31323a226d61696e5f646563746f7273223b733a373a22446f63746f7273223b733a31363a226d61696e5f6465706172746d656e7473223b733a31313a224465706172746d656e7473223b733a31333a226d61696e5f6272616e63686573223b733a383a224272616e63686573223b733a31303a226d61696e5f7761726473223b733a353a225761726473223b733a393a226d61696e5f62656473223b733a343a2242656473223b733a31313a226d61696e5f6e7572736573223b733a363a224e7572736573223b733a31383a226d61696e5f726563657074696f6e69737473223b733a31333a22526563657074696f6e69737473223b733a31333a226d61696e5f70617469656e7473223b733a383a2250617469656e7473223b733a31393a226d61696e5f6d65646963616c5f73746f726573223b733a31343a224d65646963616c2053746f726573223b733a31373a226d61696e5f6d65646963616c5f6c616273223b733a31323a224d65646963616c204c616273223b733a31373a226d61696e5f6170706f696e746d656e7473223b733a31323a224170706f696e746d656e7473223b733a31333a226d61696e5f7061796d656e7473223b733a383a225061796d656e7473223b733a31323a226d61696e5f7265706f727473223b733a373a225265706f727473223b733a31333a226d61696e5f7365727669636573223b733a383a225365727669636573223b733a31343a226d61696e5f616d62756c616e6365223b733a393a22416d62756c616e6365223b733a31343a226d61696e5f626f6f645f62616e6b223b733a31303a22426c6f6f642042616e6b223b733a31343a226d61696e5f696e737572616e6365223b733a393a22496e737572616e6365223b733a31313a226e6f74696365626f617264223b733a31313a224e6f74696365626f617264223b733a31333a226d61696e5f73657474696e6773223b733a383a2253657474696e6773223b733a32313a226d61696e5f67656e6572616c5f73657474696e6773223b733a31363a2247656e6572616c2053657474696e6773223b733a31373a226c616e67756167655f73657474696e6773223b733a31373a224c616e67756167652053657474696e6773223b733a31323a22736d735f73657474696e6773223b733a31323a22534d532053657474696e6773223b733a31353a2273797374656d5f73657474696e6773223b733a31353a2253797374656d2053657474696e6773223b733a32313a226d61696e5f6c6963656e73655f63617465676f7279223b733a31373a224c6963656e73652043617465676f727973223b733a31323a226d61696e5f63686172676573223b733a373a2243686172676573223b733a373a2270726f66696c65223b733a373a2250726f66696c65223b733a363a226c6f676f7574223b733a373a224c6f67206f7574223b733a31343a226368616e676550617373776f7264223b733a31353a224368616e67652050617373776f7264223b733a31313a226170706f69746d656e7473223b733a31313a224170706f69746d656e7473223b733a32383a226d61696e5f6865616c7468696e737572616e636570726f7669646572223b733a32363a224865616c746820496e737572616e63652050726f766964657273223b733a32323a226d61696e5f696e70617469656e745f686973746f7279223b733a31383a22496e2d50617469656e7420486973746f7279223b733a31343a226d61696e5f696e70617469656e74223b733a31313a22496e2d50617469656e7473223b733a31393a226d61696e5f686f73706974616c5f61646d696e223b733a31353a22486f73706974616c2041646d696e73223b733a31373a226d61696e5f617661696c6162696c697479223b733a31323a22417661696c6162696c697479223b733a31303a226d61696e5f6f74686572223b733a363a224f7468657273223b733a31303a226d61696e5f61626f7574223b733a353a2241626f7574223b733a373a227265706f727473223b733a373a225265706f727473223b733a363a226f7264657273223b733a363a224f7264657273223b733a31393a226d61696e5f70617469656e745f7265706f7274223b733a31343a2250617469656e74205265706f7274223b733a32323a226d61696e5f6170706f69746d656e745f7265706f7274223b733a31373a224170706f69746d656e74205265706f7274223b733a31323a226d7970756c73657573657273223b733a31333a224d7950756c7365205573657273223b733a31323a226d61696e5f6163636f756e74223b733a373a224163636f756e74223b733a31323a226d61696e5f636f756e747279223b733a383a22436f756e74727973223b733a31303a226d61696e5f7374617465223b733a363a22537461746573223b733a31333a226d61696e5f6469737472696374223b733a393a22446973747269637473223b733a393a226d61696e5f63697479223b733a353a224369747973223b7d, '', '2021-05-03 04:29:00', NULL, '0000-00-00 00:00:00', 1),
('2ol1kifc0l3l4qu3khp8loibd2ehi6cp', '::1', 1620016976, 0x736974655f6c616e677c733a373a22656e676c697368223b6d656e757c613a34383a7b733a31343a226d61696e5f64617368626f617264223b733a393a2244617368626f617264223b733a31343a226d61696e5f686f73706974616c73223b733a393a22486f73706974616c73223b733a31323a226d61696e5f646563746f7273223b733a373a22446f63746f7273223b733a31363a226d61696e5f6465706172746d656e7473223b733a31313a224465706172746d656e7473223b733a31333a226d61696e5f6272616e63686573223b733a383a224272616e63686573223b733a31303a226d61696e5f7761726473223b733a353a225761726473223b733a393a226d61696e5f62656473223b733a343a2242656473223b733a31313a226d61696e5f6e7572736573223b733a363a224e7572736573223b733a31383a226d61696e5f726563657074696f6e69737473223b733a31333a22526563657074696f6e69737473223b733a31333a226d61696e5f70617469656e7473223b733a383a2250617469656e7473223b733a31393a226d61696e5f6d65646963616c5f73746f726573223b733a31343a224d65646963616c2053746f726573223b733a31373a226d61696e5f6d65646963616c5f6c616273223b733a31323a224d65646963616c204c616273223b733a31373a226d61696e5f6170706f696e746d656e7473223b733a31323a224170706f696e746d656e7473223b733a31333a226d61696e5f7061796d656e7473223b733a383a225061796d656e7473223b733a31323a226d61696e5f7265706f727473223b733a373a225265706f727473223b733a31333a226d61696e5f7365727669636573223b733a383a225365727669636573223b733a31343a226d61696e5f616d62756c616e6365223b733a393a22416d62756c616e6365223b733a31343a226d61696e5f626f6f645f62616e6b223b733a31303a22426c6f6f642042616e6b223b733a31343a226d61696e5f696e737572616e6365223b733a393a22496e737572616e6365223b733a31313a226e6f74696365626f617264223b733a31313a224e6f74696365626f617264223b733a31333a226d61696e5f73657474696e6773223b733a383a2253657474696e6773223b733a32313a226d61696e5f67656e6572616c5f73657474696e6773223b733a31363a2247656e6572616c2053657474696e6773223b733a31373a226c616e67756167655f73657474696e6773223b733a31373a224c616e67756167652053657474696e6773223b733a31323a22736d735f73657474696e6773223b733a31323a22534d532053657474696e6773223b733a31353a2273797374656d5f73657474696e6773223b733a31353a2253797374656d2053657474696e6773223b733a32313a226d61696e5f6c6963656e73655f63617465676f7279223b733a31373a224c6963656e73652043617465676f727973223b733a31323a226d61696e5f63686172676573223b733a373a2243686172676573223b733a373a2270726f66696c65223b733a373a2250726f66696c65223b733a363a226c6f676f7574223b733a373a224c6f67206f7574223b733a31343a226368616e676550617373776f7264223b733a31353a224368616e67652050617373776f7264223b733a31313a226170706f69746d656e7473223b733a31313a224170706f69746d656e7473223b733a32383a226d61696e5f6865616c7468696e737572616e636570726f7669646572223b733a32363a224865616c746820496e737572616e63652050726f766964657273223b733a32323a226d61696e5f696e70617469656e745f686973746f7279223b733a31383a22496e2d50617469656e7420486973746f7279223b733a31343a226d61696e5f696e70617469656e74223b733a31313a22496e2d50617469656e7473223b733a31393a226d61696e5f686f73706974616c5f61646d696e223b733a31353a22486f73706974616c2041646d696e73223b733a31373a226d61696e5f617661696c6162696c697479223b733a31323a22417661696c6162696c697479223b733a31303a226d61696e5f6f74686572223b733a363a224f7468657273223b733a31303a226d61696e5f61626f7574223b733a353a2241626f7574223b733a373a227265706f727473223b733a373a225265706f727473223b733a363a226f7264657273223b733a363a224f7264657273223b733a31393a226d61696e5f70617469656e745f7265706f7274223b733a31343a2250617469656e74205265706f7274223b733a32323a226d61696e5f6170706f69746d656e745f7265706f7274223b733a31373a224170706f69746d656e74205265706f7274223b733a31323a226d7970756c73657573657273223b733a31333a224d7950756c7365205573657273223b733a31323a226d61696e5f6163636f756e74223b733a373a224163636f756e74223b733a31323a226d61696e5f636f756e747279223b733a383a22436f756e74727973223b733a31303a226d61696e5f7374617465223b733a363a22537461746573223b733a31333a226d61696e5f6469737472696374223b733a393a22446973747269637473223b733a393a226d61696e5f63697479223b733a353a224369747973223b7d, '', '2021-05-03 04:29:01', NULL, '0000-00-00 00:00:00', 1),
('5rlp7mf81c00dqt76alvaakbmugchlpv', '::1', 1620016138, 0x736974655f6c616e677c733a373a22656e676c697368223b6d656e757c613a34383a7b733a31343a226d61696e5f64617368626f617264223b733a393a2244617368626f617264223b733a31343a226d61696e5f686f73706974616c73223b733a393a22486f73706974616c73223b733a31323a226d61696e5f646563746f7273223b733a373a22446f63746f7273223b733a31363a226d61696e5f6465706172746d656e7473223b733a31313a224465706172746d656e7473223b733a31333a226d61696e5f6272616e63686573223b733a383a224272616e63686573223b733a31303a226d61696e5f7761726473223b733a353a225761726473223b733a393a226d61696e5f62656473223b733a343a2242656473223b733a31313a226d61696e5f6e7572736573223b733a363a224e7572736573223b733a31383a226d61696e5f726563657074696f6e69737473223b733a31333a22526563657074696f6e69737473223b733a31333a226d61696e5f70617469656e7473223b733a383a2250617469656e7473223b733a31393a226d61696e5f6d65646963616c5f73746f726573223b733a31343a224d65646963616c2053746f726573223b733a31373a226d61696e5f6d65646963616c5f6c616273223b733a31323a224d65646963616c204c616273223b733a31373a226d61696e5f6170706f696e746d656e7473223b733a31323a224170706f696e746d656e7473223b733a31333a226d61696e5f7061796d656e7473223b733a383a225061796d656e7473223b733a31323a226d61696e5f7265706f727473223b733a373a225265706f727473223b733a31333a226d61696e5f7365727669636573223b733a383a225365727669636573223b733a31343a226d61696e5f616d62756c616e6365223b733a393a22416d62756c616e6365223b733a31343a226d61696e5f626f6f645f62616e6b223b733a31303a22426c6f6f642042616e6b223b733a31343a226d61696e5f696e737572616e6365223b733a393a22496e737572616e6365223b733a31313a226e6f74696365626f617264223b733a31313a224e6f74696365626f617264223b733a31333a226d61696e5f73657474696e6773223b733a383a2253657474696e6773223b733a32313a226d61696e5f67656e6572616c5f73657474696e6773223b733a31363a2247656e6572616c2053657474696e6773223b733a31373a226c616e67756167655f73657474696e6773223b733a31373a224c616e67756167652053657474696e6773223b733a31323a22736d735f73657474696e6773223b733a31323a22534d532053657474696e6773223b733a31353a2273797374656d5f73657474696e6773223b733a31353a2253797374656d2053657474696e6773223b733a32313a226d61696e5f6c6963656e73655f63617465676f7279223b733a31373a224c6963656e73652043617465676f727973223b733a31323a226d61696e5f63686172676573223b733a373a2243686172676573223b733a373a2270726f66696c65223b733a373a2250726f66696c65223b733a363a226c6f676f7574223b733a373a224c6f67206f7574223b733a31343a226368616e676550617373776f7264223b733a31353a224368616e67652050617373776f7264223b733a31313a226170706f69746d656e7473223b733a31313a224170706f69746d656e7473223b733a32383a226d61696e5f6865616c7468696e737572616e636570726f7669646572223b733a32363a224865616c746820496e737572616e63652050726f766964657273223b733a32323a226d61696e5f696e70617469656e745f686973746f7279223b733a31383a22496e2d50617469656e7420486973746f7279223b733a31343a226d61696e5f696e70617469656e74223b733a31313a22496e2d50617469656e7473223b733a31393a226d61696e5f686f73706974616c5f61646d696e223b733a31353a22486f73706974616c2041646d696e73223b733a31373a226d61696e5f617661696c6162696c697479223b733a31323a22417661696c6162696c697479223b733a31303a226d61696e5f6f74686572223b733a363a224f7468657273223b733a31303a226d61696e5f61626f7574223b733a353a2241626f7574223b733a373a227265706f727473223b733a373a225265706f727473223b733a363a226f7264657273223b733a363a224f7264657273223b733a31393a226d61696e5f70617469656e745f7265706f7274223b733a31343a2250617469656e74205265706f7274223b733a32323a226d61696e5f6170706f69746d656e745f7265706f7274223b733a31373a224170706f69746d656e74205265706f7274223b733a31323a226d7970756c73657573657273223b733a31333a224d7950756c7365205573657273223b733a31323a226d61696e5f6163636f756e74223b733a373a224163636f756e74223b733a31323a226d61696e5f636f756e747279223b733a383a22436f756e74727973223b733a31303a226d61696e5f7374617465223b733a363a22537461746573223b733a31333a226d61696e5f6469737472696374223b733a393a22446973747269637473223b733a393a226d61696e5f63697479223b733a353a224369747973223b7d, '', '2021-05-03 04:28:58', NULL, '0000-00-00 00:00:00', 1),
('7ou57d9i66gs2clgfkma01bvso0iehrn', '::1', 1620016141, 0x736974655f6c616e677c733a373a22656e676c697368223b6d656e757c613a34383a7b733a31343a226d61696e5f64617368626f617264223b733a393a2244617368626f617264223b733a31343a226d61696e5f686f73706974616c73223b733a393a22486f73706974616c73223b733a31323a226d61696e5f646563746f7273223b733a373a22446f63746f7273223b733a31363a226d61696e5f6465706172746d656e7473223b733a31313a224465706172746d656e7473223b733a31333a226d61696e5f6272616e63686573223b733a383a224272616e63686573223b733a31303a226d61696e5f7761726473223b733a353a225761726473223b733a393a226d61696e5f62656473223b733a343a2242656473223b733a31313a226d61696e5f6e7572736573223b733a363a224e7572736573223b733a31383a226d61696e5f726563657074696f6e69737473223b733a31333a22526563657074696f6e69737473223b733a31333a226d61696e5f70617469656e7473223b733a383a2250617469656e7473223b733a31393a226d61696e5f6d65646963616c5f73746f726573223b733a31343a224d65646963616c2053746f726573223b733a31373a226d61696e5f6d65646963616c5f6c616273223b733a31323a224d65646963616c204c616273223b733a31373a226d61696e5f6170706f696e746d656e7473223b733a31323a224170706f696e746d656e7473223b733a31333a226d61696e5f7061796d656e7473223b733a383a225061796d656e7473223b733a31323a226d61696e5f7265706f727473223b733a373a225265706f727473223b733a31333a226d61696e5f7365727669636573223b733a383a225365727669636573223b733a31343a226d61696e5f616d62756c616e6365223b733a393a22416d62756c616e6365223b733a31343a226d61696e5f626f6f645f62616e6b223b733a31303a22426c6f6f642042616e6b223b733a31343a226d61696e5f696e737572616e6365223b733a393a22496e737572616e6365223b733a31313a226e6f74696365626f617264223b733a31313a224e6f74696365626f617264223b733a31333a226d61696e5f73657474696e6773223b733a383a2253657474696e6773223b733a32313a226d61696e5f67656e6572616c5f73657474696e6773223b733a31363a2247656e6572616c2053657474696e6773223b733a31373a226c616e67756167655f73657474696e6773223b733a31373a224c616e67756167652053657474696e6773223b733a31323a22736d735f73657474696e6773223b733a31323a22534d532053657474696e6773223b733a31353a2273797374656d5f73657474696e6773223b733a31353a2253797374656d2053657474696e6773223b733a32313a226d61696e5f6c6963656e73655f63617465676f7279223b733a31373a224c6963656e73652043617465676f727973223b733a31323a226d61696e5f63686172676573223b733a373a2243686172676573223b733a373a2270726f66696c65223b733a373a2250726f66696c65223b733a363a226c6f676f7574223b733a373a224c6f67206f7574223b733a31343a226368616e676550617373776f7264223b733a31353a224368616e67652050617373776f7264223b733a31313a226170706f69746d656e7473223b733a31313a224170706f69746d656e7473223b733a32383a226d61696e5f6865616c7468696e737572616e636570726f7669646572223b733a32363a224865616c746820496e737572616e63652050726f766964657273223b733a32323a226d61696e5f696e70617469656e745f686973746f7279223b733a31383a22496e2d50617469656e7420486973746f7279223b733a31343a226d61696e5f696e70617469656e74223b733a31313a22496e2d50617469656e7473223b733a31393a226d61696e5f686f73706974616c5f61646d696e223b733a31353a22486f73706974616c2041646d696e73223b733a31373a226d61696e5f617661696c6162696c697479223b733a31323a22417661696c6162696c697479223b733a31303a226d61696e5f6f74686572223b733a363a224f7468657273223b733a31303a226d61696e5f61626f7574223b733a353a2241626f7574223b733a373a227265706f727473223b733a373a225265706f727473223b733a363a226f7264657273223b733a363a224f7264657273223b733a31393a226d61696e5f70617469656e745f7265706f7274223b733a31343a2250617469656e74205265706f7274223b733a32323a226d61696e5f6170706f69746d656e745f7265706f7274223b733a31373a224170706f69746d656e74205265706f7274223b733a31323a226d7970756c73657573657273223b733a31333a224d7950756c7365205573657273223b733a31323a226d61696e5f6163636f756e74223b733a373a224163636f756e74223b733a31323a226d61696e5f636f756e747279223b733a383a22436f756e74727973223b733a31303a226d61696e5f7374617465223b733a363a22537461746573223b733a31333a226d61696e5f6469737472696374223b733a393a22446973747269637473223b733a393a226d61696e5f63697479223b733a353a224369747973223b7d, '', '2021-05-03 04:29:01', NULL, '0000-00-00 00:00:00', 1),
('7t0qlkup2l9oibkmkeoj05oenbqke3q7', '::1', 1620005172, 0x5f5f63695f6c6173745f726567656e65726174657c693a313632303030353137323b736974655f6c616e677c733a373a22656e676c697368223b6d656e757c613a34383a7b733a31343a226d61696e5f64617368626f617264223b733a393a2244617368626f617264223b733a31343a226d61696e5f686f73706974616c73223b733a393a22486f73706974616c73223b733a31323a226d61696e5f646563746f7273223b733a373a22446f63746f7273223b733a31363a226d61696e5f6465706172746d656e7473223b733a31313a224465706172746d656e7473223b733a31333a226d61696e5f6272616e63686573223b733a383a224272616e63686573223b733a31303a226d61696e5f7761726473223b733a353a225761726473223b733a393a226d61696e5f62656473223b733a343a2242656473223b733a31313a226d61696e5f6e7572736573223b733a363a224e7572736573223b733a31383a226d61696e5f726563657074696f6e69737473223b733a31333a22526563657074696f6e69737473223b733a31333a226d61696e5f70617469656e7473223b733a383a2250617469656e7473223b733a31393a226d61696e5f6d65646963616c5f73746f726573223b733a31343a224d65646963616c2053746f726573223b733a31373a226d61696e5f6d65646963616c5f6c616273223b733a31323a224d65646963616c204c616273223b733a31373a226d61696e5f6170706f696e746d656e7473223b733a31323a224170706f696e746d656e7473223b733a31333a226d61696e5f7061796d656e7473223b733a383a225061796d656e7473223b733a31323a226d61696e5f7265706f727473223b733a373a225265706f727473223b733a31333a226d61696e5f7365727669636573223b733a383a225365727669636573223b733a31343a226d61696e5f616d62756c616e6365223b733a393a22416d62756c616e6365223b733a31343a226d61696e5f626f6f645f62616e6b223b733a31303a22426c6f6f642042616e6b223b733a31343a226d61696e5f696e737572616e6365223b733a393a22496e737572616e6365223b733a31313a226e6f74696365626f617264223b733a31313a224e6f74696365626f617264223b733a31333a226d61696e5f73657474696e6773223b733a383a2253657474696e6773223b733a32313a226d61696e5f67656e6572616c5f73657474696e6773223b733a31363a2247656e6572616c2053657474696e6773223b733a31373a226c616e67756167655f73657474696e6773223b733a31373a224c616e67756167652053657474696e6773223b733a31323a22736d735f73657474696e6773223b733a31323a22534d532053657474696e6773223b733a31353a2273797374656d5f73657474696e6773223b733a31353a2253797374656d2053657474696e6773223b733a32313a226d61696e5f6c6963656e73655f63617465676f7279223b733a31373a224c6963656e73652043617465676f727973223b733a31323a226d61696e5f63686172676573223b733a373a2243686172676573223b733a373a2270726f66696c65223b733a373a2250726f66696c65223b733a363a226c6f676f7574223b733a373a224c6f67206f7574223b733a31343a226368616e676550617373776f7264223b733a31353a224368616e67652050617373776f7264223b733a31313a226170706f69746d656e7473223b733a31313a224170706f69746d656e7473223b733a32383a226d61696e5f6865616c7468696e737572616e636570726f7669646572223b733a32363a224865616c746820496e737572616e63652050726f766964657273223b733a32323a226d61696e5f696e70617469656e745f686973746f7279223b733a31383a22496e2d50617469656e7420486973746f7279223b733a31343a226d61696e5f696e70617469656e74223b733a31313a22496e2d50617469656e7473223b733a31393a226d61696e5f686f73706974616c5f61646d696e223b733a31353a22486f73706974616c2041646d696e73223b733a31373a226d61696e5f617661696c6162696c697479223b733a31323a22417661696c6162696c697479223b733a31303a226d61696e5f6f74686572223b733a363a224f7468657273223b733a31303a226d61696e5f61626f7574223b733a353a2241626f7574223b733a373a227265706f727473223b733a373a225265706f727473223b733a363a226f7264657273223b733a363a224f7264657273223b733a31393a226d61696e5f70617469656e745f7265706f7274223b733a31343a2250617469656e74205265706f7274223b733a32323a226d61696e5f6170706f69746d656e745f7265706f7274223b733a31373a224170706f69746d656e74205265706f7274223b733a31323a226d7970756c73657573657273223b733a31333a224d7950756c7365205573657273223b733a31323a226d61696e5f6163636f756e74223b733a373a224163636f756e74223b733a31323a226d61696e5f636f756e747279223b733a383a22436f756e74727973223b733a31303a226d61696e5f7374617465223b733a363a22537461746573223b733a31333a226d61696e5f6469737472696374223b733a393a22446973747269637473223b733a393a226d61696e5f63697479223b733a353a224369747973223b7d, '', '2021-05-03 01:20:47', NULL, '0000-00-00 00:00:00', 1),
('bela21r9s8htrbnknkun3ldo771cqell', '::1', 1620016138, 0x736974655f6c616e677c733a373a22656e676c697368223b6d656e757c613a34383a7b733a31343a226d61696e5f64617368626f617264223b733a393a2244617368626f617264223b733a31343a226d61696e5f686f73706974616c73223b733a393a22486f73706974616c73223b733a31323a226d61696e5f646563746f7273223b733a373a22446f63746f7273223b733a31363a226d61696e5f6465706172746d656e7473223b733a31313a224465706172746d656e7473223b733a31333a226d61696e5f6272616e63686573223b733a383a224272616e63686573223b733a31303a226d61696e5f7761726473223b733a353a225761726473223b733a393a226d61696e5f62656473223b733a343a2242656473223b733a31313a226d61696e5f6e7572736573223b733a363a224e7572736573223b733a31383a226d61696e5f726563657074696f6e69737473223b733a31333a22526563657074696f6e69737473223b733a31333a226d61696e5f70617469656e7473223b733a383a2250617469656e7473223b733a31393a226d61696e5f6d65646963616c5f73746f726573223b733a31343a224d65646963616c2053746f726573223b733a31373a226d61696e5f6d65646963616c5f6c616273223b733a31323a224d65646963616c204c616273223b733a31373a226d61696e5f6170706f696e746d656e7473223b733a31323a224170706f696e746d656e7473223b733a31333a226d61696e5f7061796d656e7473223b733a383a225061796d656e7473223b733a31323a226d61696e5f7265706f727473223b733a373a225265706f727473223b733a31333a226d61696e5f7365727669636573223b733a383a225365727669636573223b733a31343a226d61696e5f616d62756c616e6365223b733a393a22416d62756c616e6365223b733a31343a226d61696e5f626f6f645f62616e6b223b733a31303a22426c6f6f642042616e6b223b733a31343a226d61696e5f696e737572616e6365223b733a393a22496e737572616e6365223b733a31313a226e6f74696365626f617264223b733a31313a224e6f74696365626f617264223b733a31333a226d61696e5f73657474696e6773223b733a383a2253657474696e6773223b733a32313a226d61696e5f67656e6572616c5f73657474696e6773223b733a31363a2247656e6572616c2053657474696e6773223b733a31373a226c616e67756167655f73657474696e6773223b733a31373a224c616e67756167652053657474696e6773223b733a31323a22736d735f73657474696e6773223b733a31323a22534d532053657474696e6773223b733a31353a2273797374656d5f73657474696e6773223b733a31353a2253797374656d2053657474696e6773223b733a32313a226d61696e5f6c6963656e73655f63617465676f7279223b733a31373a224c6963656e73652043617465676f727973223b733a31323a226d61696e5f63686172676573223b733a373a2243686172676573223b733a373a2270726f66696c65223b733a373a2250726f66696c65223b733a363a226c6f676f7574223b733a373a224c6f67206f7574223b733a31343a226368616e676550617373776f7264223b733a31353a224368616e67652050617373776f7264223b733a31313a226170706f69746d656e7473223b733a31313a224170706f69746d656e7473223b733a32383a226d61696e5f6865616c7468696e737572616e636570726f7669646572223b733a32363a224865616c746820496e737572616e63652050726f766964657273223b733a32323a226d61696e5f696e70617469656e745f686973746f7279223b733a31383a22496e2d50617469656e7420486973746f7279223b733a31343a226d61696e5f696e70617469656e74223b733a31313a22496e2d50617469656e7473223b733a31393a226d61696e5f686f73706974616c5f61646d696e223b733a31353a22486f73706974616c2041646d696e73223b733a31373a226d61696e5f617661696c6162696c697479223b733a31323a22417661696c6162696c697479223b733a31303a226d61696e5f6f74686572223b733a363a224f7468657273223b733a31303a226d61696e5f61626f7574223b733a353a2241626f7574223b733a373a227265706f727473223b733a373a225265706f727473223b733a363a226f7264657273223b733a363a224f7264657273223b733a31393a226d61696e5f70617469656e745f7265706f7274223b733a31343a2250617469656e74205265706f7274223b733a32323a226d61696e5f6170706f69746d656e745f7265706f7274223b733a31373a224170706f69746d656e74205265706f7274223b733a31323a226d7970756c73657573657273223b733a31333a224d7950756c7365205573657273223b733a31323a226d61696e5f6163636f756e74223b733a373a224163636f756e74223b733a31323a226d61696e5f636f756e747279223b733a383a22436f756e74727973223b733a31303a226d61696e5f7374617465223b733a363a22537461746573223b733a31333a226d61696e5f6469737472696374223b733a393a22446973747269637473223b733a393a226d61696e5f63697479223b733a353a224369747973223b7d, '', '2021-05-03 04:28:58', NULL, '0000-00-00 00:00:00', 1),
('bmsemmhhh0canqmo00ismpth0bvopdd6', '::1', 1692362328, 0x5f5f63695f6c6173745f726567656e65726174657c693a313639323336323330323b736974655f6c616e677c733a373a22656e676c697368223b6d656e757c613a34383a7b733a31343a226d61696e5f64617368626f617264223b733a393a2244617368626f617264223b733a31343a226d61696e5f686f73706974616c73223b733a393a22486f73706974616c73223b733a31323a226d61696e5f646563746f7273223b733a373a22446f63746f7273223b733a31363a226d61696e5f6465706172746d656e7473223b733a31313a224465706172746d656e7473223b733a31333a226d61696e5f6272616e63686573223b733a383a224272616e63686573223b733a31303a226d61696e5f7761726473223b733a353a225761726473223b733a393a226d61696e5f62656473223b733a343a2242656473223b733a31313a226d61696e5f6e7572736573223b733a363a224e7572736573223b733a31383a226d61696e5f726563657074696f6e69737473223b733a31333a22526563657074696f6e69737473223b733a31333a226d61696e5f70617469656e7473223b733a383a2250617469656e7473223b733a31393a226d61696e5f6d65646963616c5f73746f726573223b733a31343a224d65646963616c2053746f726573223b733a31373a226d61696e5f6d65646963616c5f6c616273223b733a31323a224d65646963616c204c616273223b733a31373a226d61696e5f6170706f696e746d656e7473223b733a31323a224170706f696e746d656e7473223b733a31333a226d61696e5f7061796d656e7473223b733a383a225061796d656e7473223b733a31323a226d61696e5f7265706f727473223b733a373a225265706f727473223b733a31333a226d61696e5f7365727669636573223b733a383a225365727669636573223b733a31343a226d61696e5f616d62756c616e6365223b733a393a22416d62756c616e6365223b733a31343a226d61696e5f626f6f645f62616e6b223b733a31303a22426c6f6f642042616e6b223b733a31343a226d61696e5f696e737572616e6365223b733a393a22496e737572616e6365223b733a31313a226e6f74696365626f617264223b733a31313a224e6f74696365626f617264223b733a31333a226d61696e5f73657474696e6773223b733a383a2253657474696e6773223b733a32313a226d61696e5f67656e6572616c5f73657474696e6773223b733a31363a2247656e6572616c2053657474696e6773223b733a31373a226c616e67756167655f73657474696e6773223b733a31373a224c616e67756167652053657474696e6773223b733a31323a22736d735f73657474696e6773223b733a31323a22534d532053657474696e6773223b733a31353a2273797374656d5f73657474696e6773223b733a31353a2253797374656d2053657474696e6773223b733a32313a226d61696e5f6c6963656e73655f63617465676f7279223b733a31373a224c6963656e73652043617465676f727973223b733a31323a226d61696e5f63686172676573223b733a373a2243686172676573223b733a373a2270726f66696c65223b733a373a2250726f66696c65223b733a363a226c6f676f7574223b733a373a224c6f67206f7574223b733a31343a226368616e676550617373776f7264223b733a31353a224368616e67652050617373776f7264223b733a31313a226170706f69746d656e7473223b733a31313a224170706f69746d656e7473223b733a32383a226d61696e5f6865616c7468696e737572616e636570726f7669646572223b733a32363a224865616c746820496e737572616e63652050726f766964657273223b733a32323a226d61696e5f696e70617469656e745f686973746f7279223b733a31383a22496e2d50617469656e7420486973746f7279223b733a31343a226d61696e5f696e70617469656e74223b733a31313a22496e2d50617469656e7473223b733a31393a226d61696e5f686f73706974616c5f61646d696e223b733a31353a22486f73706974616c2041646d696e73223b733a31373a226d61696e5f617661696c6162696c697479223b733a31323a22417661696c6162696c697479223b733a31303a226d61696e5f6f74686572223b733a363a224f7468657273223b733a31303a226d61696e5f61626f7574223b733a353a2241626f7574223b733a373a227265706f727473223b733a373a225265706f727473223b733a363a226f7264657273223b733a363a224f7264657273223b733a31393a226d61696e5f70617469656e745f7265706f7274223b733a31343a2250617469656e74205265706f7274223b733a32323a226d61696e5f6170706f69746d656e745f7265706f7274223b733a31373a224170706f69746d656e74205265706f7274223b733a31323a226d7970756c73657573657273223b733a31333a224d7950756c7365205573657273223b733a31323a226d61696e5f6163636f756e74223b733a373a224163636f756e74223b733a31323a226d61696e5f636f756e747279223b733a383a22436f756e74727973223b733a31303a226d61696e5f7374617465223b733a363a22537461746573223b733a31333a226d61696e5f6469737472696374223b733a393a22446973747269637473223b733a393a226d61696e5f63697479223b733a353a224369747973223b7d, '', '2023-08-18 12:38:22', NULL, '0000-00-00 00:00:00', 1),
('dkglhoknu9u0q7sf7jnmr75hqbjon325', '::1', 1620016140, 0x736974655f6c616e677c733a373a22656e676c697368223b6d656e757c613a34383a7b733a31343a226d61696e5f64617368626f617264223b733a393a2244617368626f617264223b733a31343a226d61696e5f686f73706974616c73223b733a393a22486f73706974616c73223b733a31323a226d61696e5f646563746f7273223b733a373a22446f63746f7273223b733a31363a226d61696e5f6465706172746d656e7473223b733a31313a224465706172746d656e7473223b733a31333a226d61696e5f6272616e63686573223b733a383a224272616e63686573223b733a31303a226d61696e5f7761726473223b733a353a225761726473223b733a393a226d61696e5f62656473223b733a343a2242656473223b733a31313a226d61696e5f6e7572736573223b733a363a224e7572736573223b733a31383a226d61696e5f726563657074696f6e69737473223b733a31333a22526563657074696f6e69737473223b733a31333a226d61696e5f70617469656e7473223b733a383a2250617469656e7473223b733a31393a226d61696e5f6d65646963616c5f73746f726573223b733a31343a224d65646963616c2053746f726573223b733a31373a226d61696e5f6d65646963616c5f6c616273223b733a31323a224d65646963616c204c616273223b733a31373a226d61696e5f6170706f696e746d656e7473223b733a31323a224170706f696e746d656e7473223b733a31333a226d61696e5f7061796d656e7473223b733a383a225061796d656e7473223b733a31323a226d61696e5f7265706f727473223b733a373a225265706f727473223b733a31333a226d61696e5f7365727669636573223b733a383a225365727669636573223b733a31343a226d61696e5f616d62756c616e6365223b733a393a22416d62756c616e6365223b733a31343a226d61696e5f626f6f645f62616e6b223b733a31303a22426c6f6f642042616e6b223b733a31343a226d61696e5f696e737572616e6365223b733a393a22496e737572616e6365223b733a31313a226e6f74696365626f617264223b733a31313a224e6f74696365626f617264223b733a31333a226d61696e5f73657474696e6773223b733a383a2253657474696e6773223b733a32313a226d61696e5f67656e6572616c5f73657474696e6773223b733a31363a2247656e6572616c2053657474696e6773223b733a31373a226c616e67756167655f73657474696e6773223b733a31373a224c616e67756167652053657474696e6773223b733a31323a22736d735f73657474696e6773223b733a31323a22534d532053657474696e6773223b733a31353a2273797374656d5f73657474696e6773223b733a31353a2253797374656d2053657474696e6773223b733a32313a226d61696e5f6c6963656e73655f63617465676f7279223b733a31373a224c6963656e73652043617465676f727973223b733a31323a226d61696e5f63686172676573223b733a373a2243686172676573223b733a373a2270726f66696c65223b733a373a2250726f66696c65223b733a363a226c6f676f7574223b733a373a224c6f67206f7574223b733a31343a226368616e676550617373776f7264223b733a31353a224368616e67652050617373776f7264223b733a31313a226170706f69746d656e7473223b733a31313a224170706f69746d656e7473223b733a32383a226d61696e5f6865616c7468696e737572616e636570726f7669646572223b733a32363a224865616c746820496e737572616e63652050726f766964657273223b733a32323a226d61696e5f696e70617469656e745f686973746f7279223b733a31383a22496e2d50617469656e7420486973746f7279223b733a31343a226d61696e5f696e70617469656e74223b733a31313a22496e2d50617469656e7473223b733a31393a226d61696e5f686f73706974616c5f61646d696e223b733a31353a22486f73706974616c2041646d696e73223b733a31373a226d61696e5f617661696c6162696c697479223b733a31323a22417661696c6162696c697479223b733a31303a226d61696e5f6f74686572223b733a363a224f7468657273223b733a31303a226d61696e5f61626f7574223b733a353a2241626f7574223b733a373a227265706f727473223b733a373a225265706f727473223b733a363a226f7264657273223b733a363a224f7264657273223b733a31393a226d61696e5f70617469656e745f7265706f7274223b733a31343a2250617469656e74205265706f7274223b733a32323a226d61696e5f6170706f69746d656e745f7265706f7274223b733a31373a224170706f69746d656e74205265706f7274223b733a31323a226d7970756c73657573657273223b733a31333a224d7950756c7365205573657273223b733a31323a226d61696e5f6163636f756e74223b733a373a224163636f756e74223b733a31323a226d61696e5f636f756e747279223b733a383a22436f756e74727973223b733a31303a226d61696e5f7374617465223b733a363a22537461746573223b733a31333a226d61696e5f6469737472696374223b733a393a22446973747269637473223b733a393a226d61696e5f63697479223b733a353a224369747973223b7d, '', '2021-05-03 04:29:00', NULL, '0000-00-00 00:00:00', 1),
('fp59u7dt976q16997v4mtb5onjekf62q', '::1', 1620016139, 0x736974655f6c616e677c733a373a22656e676c697368223b6d656e757c613a34383a7b733a31343a226d61696e5f64617368626f617264223b733a393a2244617368626f617264223b733a31343a226d61696e5f686f73706974616c73223b733a393a22486f73706974616c73223b733a31323a226d61696e5f646563746f7273223b733a373a22446f63746f7273223b733a31363a226d61696e5f6465706172746d656e7473223b733a31313a224465706172746d656e7473223b733a31333a226d61696e5f6272616e63686573223b733a383a224272616e63686573223b733a31303a226d61696e5f7761726473223b733a353a225761726473223b733a393a226d61696e5f62656473223b733a343a2242656473223b733a31313a226d61696e5f6e7572736573223b733a363a224e7572736573223b733a31383a226d61696e5f726563657074696f6e69737473223b733a31333a22526563657074696f6e69737473223b733a31333a226d61696e5f70617469656e7473223b733a383a2250617469656e7473223b733a31393a226d61696e5f6d65646963616c5f73746f726573223b733a31343a224d65646963616c2053746f726573223b733a31373a226d61696e5f6d65646963616c5f6c616273223b733a31323a224d65646963616c204c616273223b733a31373a226d61696e5f6170706f696e746d656e7473223b733a31323a224170706f696e746d656e7473223b733a31333a226d61696e5f7061796d656e7473223b733a383a225061796d656e7473223b733a31323a226d61696e5f7265706f727473223b733a373a225265706f727473223b733a31333a226d61696e5f7365727669636573223b733a383a225365727669636573223b733a31343a226d61696e5f616d62756c616e6365223b733a393a22416d62756c616e6365223b733a31343a226d61696e5f626f6f645f62616e6b223b733a31303a22426c6f6f642042616e6b223b733a31343a226d61696e5f696e737572616e6365223b733a393a22496e737572616e6365223b733a31313a226e6f74696365626f617264223b733a31313a224e6f74696365626f617264223b733a31333a226d61696e5f73657474696e6773223b733a383a2253657474696e6773223b733a32313a226d61696e5f67656e6572616c5f73657474696e6773223b733a31363a2247656e6572616c2053657474696e6773223b733a31373a226c616e67756167655f73657474696e6773223b733a31373a224c616e67756167652053657474696e6773223b733a31323a22736d735f73657474696e6773223b733a31323a22534d532053657474696e6773223b733a31353a2273797374656d5f73657474696e6773223b733a31353a2253797374656d2053657474696e6773223b733a32313a226d61696e5f6c6963656e73655f63617465676f7279223b733a31373a224c6963656e73652043617465676f727973223b733a31323a226d61696e5f63686172676573223b733a373a2243686172676573223b733a373a2270726f66696c65223b733a373a2250726f66696c65223b733a363a226c6f676f7574223b733a373a224c6f67206f7574223b733a31343a226368616e676550617373776f7264223b733a31353a224368616e67652050617373776f7264223b733a31313a226170706f69746d656e7473223b733a31313a224170706f69746d656e7473223b733a32383a226d61696e5f6865616c7468696e737572616e636570726f7669646572223b733a32363a224865616c746820496e737572616e63652050726f766964657273223b733a32323a226d61696e5f696e70617469656e745f686973746f7279223b733a31383a22496e2d50617469656e7420486973746f7279223b733a31343a226d61696e5f696e70617469656e74223b733a31313a22496e2d50617469656e7473223b733a31393a226d61696e5f686f73706974616c5f61646d696e223b733a31353a22486f73706974616c2041646d696e73223b733a31373a226d61696e5f617661696c6162696c697479223b733a31323a22417661696c6162696c697479223b733a31303a226d61696e5f6f74686572223b733a363a224f7468657273223b733a31303a226d61696e5f61626f7574223b733a353a2241626f7574223b733a373a227265706f727473223b733a373a225265706f727473223b733a363a226f7264657273223b733a363a224f7264657273223b733a31393a226d61696e5f70617469656e745f7265706f7274223b733a31343a2250617469656e74205265706f7274223b733a32323a226d61696e5f6170706f69746d656e745f7265706f7274223b733a31373a224170706f69746d656e74205265706f7274223b733a31323a226d7970756c73657573657273223b733a31333a224d7950756c7365205573657273223b733a31323a226d61696e5f6163636f756e74223b733a373a224163636f756e74223b733a31323a226d61696e5f636f756e747279223b733a383a22436f756e74727973223b733a31303a226d61696e5f7374617465223b733a363a22537461746573223b733a31333a226d61696e5f6469737472696374223b733a393a22446973747269637473223b733a393a226d61696e5f63697479223b733a353a224369747973223b7d, '', '2021-05-03 04:28:59', NULL, '0000-00-00 00:00:00', 1),
('fsae36m9o12gju7t4c5667sfuo70saim', '::1', 1620016138, 0x736974655f6c616e677c733a373a22656e676c697368223b6d656e757c613a34383a7b733a31343a226d61696e5f64617368626f617264223b733a393a2244617368626f617264223b733a31343a226d61696e5f686f73706974616c73223b733a393a22486f73706974616c73223b733a31323a226d61696e5f646563746f7273223b733a373a22446f63746f7273223b733a31363a226d61696e5f6465706172746d656e7473223b733a31313a224465706172746d656e7473223b733a31333a226d61696e5f6272616e63686573223b733a383a224272616e63686573223b733a31303a226d61696e5f7761726473223b733a353a225761726473223b733a393a226d61696e5f62656473223b733a343a2242656473223b733a31313a226d61696e5f6e7572736573223b733a363a224e7572736573223b733a31383a226d61696e5f726563657074696f6e69737473223b733a31333a22526563657074696f6e69737473223b733a31333a226d61696e5f70617469656e7473223b733a383a2250617469656e7473223b733a31393a226d61696e5f6d65646963616c5f73746f726573223b733a31343a224d65646963616c2053746f726573223b733a31373a226d61696e5f6d65646963616c5f6c616273223b733a31323a224d65646963616c204c616273223b733a31373a226d61696e5f6170706f696e746d656e7473223b733a31323a224170706f696e746d656e7473223b733a31333a226d61696e5f7061796d656e7473223b733a383a225061796d656e7473223b733a31323a226d61696e5f7265706f727473223b733a373a225265706f727473223b733a31333a226d61696e5f7365727669636573223b733a383a225365727669636573223b733a31343a226d61696e5f616d62756c616e6365223b733a393a22416d62756c616e6365223b733a31343a226d61696e5f626f6f645f62616e6b223b733a31303a22426c6f6f642042616e6b223b733a31343a226d61696e5f696e737572616e6365223b733a393a22496e737572616e6365223b733a31313a226e6f74696365626f617264223b733a31313a224e6f74696365626f617264223b733a31333a226d61696e5f73657474696e6773223b733a383a2253657474696e6773223b733a32313a226d61696e5f67656e6572616c5f73657474696e6773223b733a31363a2247656e6572616c2053657474696e6773223b733a31373a226c616e67756167655f73657474696e6773223b733a31373a224c616e67756167652053657474696e6773223b733a31323a22736d735f73657474696e6773223b733a31323a22534d532053657474696e6773223b733a31353a2273797374656d5f73657474696e6773223b733a31353a2253797374656d2053657474696e6773223b733a32313a226d61696e5f6c6963656e73655f63617465676f7279223b733a31373a224c6963656e73652043617465676f727973223b733a31323a226d61696e5f63686172676573223b733a373a2243686172676573223b733a373a2270726f66696c65223b733a373a2250726f66696c65223b733a363a226c6f676f7574223b733a373a224c6f67206f7574223b733a31343a226368616e676550617373776f7264223b733a31353a224368616e67652050617373776f7264223b733a31313a226170706f69746d656e7473223b733a31313a224170706f69746d656e7473223b733a32383a226d61696e5f6865616c7468696e737572616e636570726f7669646572223b733a32363a224865616c746820496e737572616e63652050726f766964657273223b733a32323a226d61696e5f696e70617469656e745f686973746f7279223b733a31383a22496e2d50617469656e7420486973746f7279223b733a31343a226d61696e5f696e70617469656e74223b733a31313a22496e2d50617469656e7473223b733a31393a226d61696e5f686f73706974616c5f61646d696e223b733a31353a22486f73706974616c2041646d696e73223b733a31373a226d61696e5f617661696c6162696c697479223b733a31323a22417661696c6162696c697479223b733a31303a226d61696e5f6f74686572223b733a363a224f7468657273223b733a31303a226d61696e5f61626f7574223b733a353a2241626f7574223b733a373a227265706f727473223b733a373a225265706f727473223b733a363a226f7264657273223b733a363a224f7264657273223b733a31393a226d61696e5f70617469656e745f7265706f7274223b733a31343a2250617469656e74205265706f7274223b733a32323a226d61696e5f6170706f69746d656e745f7265706f7274223b733a31373a224170706f69746d656e74205265706f7274223b733a31323a226d7970756c73657573657273223b733a31333a224d7950756c7365205573657273223b733a31323a226d61696e5f6163636f756e74223b733a373a224163636f756e74223b733a31323a226d61696e5f636f756e747279223b733a383a22436f756e74727973223b733a31303a226d61696e5f7374617465223b733a363a22537461746573223b733a31333a226d61696e5f6469737472696374223b733a393a22446973747269637473223b733a393a226d61696e5f63697479223b733a353a224369747973223b7d, '', '2021-05-03 04:28:58', NULL, '0000-00-00 00:00:00', 1);
INSERT INTO `ci_sessions` (`id`, `ip_address`, `timestamp`, `data`, `created_by`, `created_at`, `modified_by`, `modified_at`, `row_status_cd`) VALUES
('gdqja82d5uajsu1us28uujbtfsqp8fte', '::1', 1620016139, 0x736974655f6c616e677c733a373a22656e676c697368223b6d656e757c613a34383a7b733a31343a226d61696e5f64617368626f617264223b733a393a2244617368626f617264223b733a31343a226d61696e5f686f73706974616c73223b733a393a22486f73706974616c73223b733a31323a226d61696e5f646563746f7273223b733a373a22446f63746f7273223b733a31363a226d61696e5f6465706172746d656e7473223b733a31313a224465706172746d656e7473223b733a31333a226d61696e5f6272616e63686573223b733a383a224272616e63686573223b733a31303a226d61696e5f7761726473223b733a353a225761726473223b733a393a226d61696e5f62656473223b733a343a2242656473223b733a31313a226d61696e5f6e7572736573223b733a363a224e7572736573223b733a31383a226d61696e5f726563657074696f6e69737473223b733a31333a22526563657074696f6e69737473223b733a31333a226d61696e5f70617469656e7473223b733a383a2250617469656e7473223b733a31393a226d61696e5f6d65646963616c5f73746f726573223b733a31343a224d65646963616c2053746f726573223b733a31373a226d61696e5f6d65646963616c5f6c616273223b733a31323a224d65646963616c204c616273223b733a31373a226d61696e5f6170706f696e746d656e7473223b733a31323a224170706f696e746d656e7473223b733a31333a226d61696e5f7061796d656e7473223b733a383a225061796d656e7473223b733a31323a226d61696e5f7265706f727473223b733a373a225265706f727473223b733a31333a226d61696e5f7365727669636573223b733a383a225365727669636573223b733a31343a226d61696e5f616d62756c616e6365223b733a393a22416d62756c616e6365223b733a31343a226d61696e5f626f6f645f62616e6b223b733a31303a22426c6f6f642042616e6b223b733a31343a226d61696e5f696e737572616e6365223b733a393a22496e737572616e6365223b733a31313a226e6f74696365626f617264223b733a31313a224e6f74696365626f617264223b733a31333a226d61696e5f73657474696e6773223b733a383a2253657474696e6773223b733a32313a226d61696e5f67656e6572616c5f73657474696e6773223b733a31363a2247656e6572616c2053657474696e6773223b733a31373a226c616e67756167655f73657474696e6773223b733a31373a224c616e67756167652053657474696e6773223b733a31323a22736d735f73657474696e6773223b733a31323a22534d532053657474696e6773223b733a31353a2273797374656d5f73657474696e6773223b733a31353a2253797374656d2053657474696e6773223b733a32313a226d61696e5f6c6963656e73655f63617465676f7279223b733a31373a224c6963656e73652043617465676f727973223b733a31323a226d61696e5f63686172676573223b733a373a2243686172676573223b733a373a2270726f66696c65223b733a373a2250726f66696c65223b733a363a226c6f676f7574223b733a373a224c6f67206f7574223b733a31343a226368616e676550617373776f7264223b733a31353a224368616e67652050617373776f7264223b733a31313a226170706f69746d656e7473223b733a31313a224170706f69746d656e7473223b733a32383a226d61696e5f6865616c7468696e737572616e636570726f7669646572223b733a32363a224865616c746820496e737572616e63652050726f766964657273223b733a32323a226d61696e5f696e70617469656e745f686973746f7279223b733a31383a22496e2d50617469656e7420486973746f7279223b733a31343a226d61696e5f696e70617469656e74223b733a31313a22496e2d50617469656e7473223b733a31393a226d61696e5f686f73706974616c5f61646d696e223b733a31353a22486f73706974616c2041646d696e73223b733a31373a226d61696e5f617661696c6162696c697479223b733a31323a22417661696c6162696c697479223b733a31303a226d61696e5f6f74686572223b733a363a224f7468657273223b733a31303a226d61696e5f61626f7574223b733a353a2241626f7574223b733a373a227265706f727473223b733a373a225265706f727473223b733a363a226f7264657273223b733a363a224f7264657273223b733a31393a226d61696e5f70617469656e745f7265706f7274223b733a31343a2250617469656e74205265706f7274223b733a32323a226d61696e5f6170706f69746d656e745f7265706f7274223b733a31373a224170706f69746d656e74205265706f7274223b733a31323a226d7970756c73657573657273223b733a31333a224d7950756c7365205573657273223b733a31323a226d61696e5f6163636f756e74223b733a373a224163636f756e74223b733a31323a226d61696e5f636f756e747279223b733a383a22436f756e74727973223b733a31303a226d61696e5f7374617465223b733a363a22537461746573223b733a31333a226d61696e5f6469737472696374223b733a393a22446973747269637473223b733a393a226d61696e5f63697479223b733a353a224369747973223b7d, '', '2021-05-03 04:28:59', NULL, '0000-00-00 00:00:00', 1),
('gm0vdgfat7rqbcpno1vths9ijpgos64v', '::1', 1620016139, 0x736974655f6c616e677c733a373a22656e676c697368223b6d656e757c613a34383a7b733a31343a226d61696e5f64617368626f617264223b733a393a2244617368626f617264223b733a31343a226d61696e5f686f73706974616c73223b733a393a22486f73706974616c73223b733a31323a226d61696e5f646563746f7273223b733a373a22446f63746f7273223b733a31363a226d61696e5f6465706172746d656e7473223b733a31313a224465706172746d656e7473223b733a31333a226d61696e5f6272616e63686573223b733a383a224272616e63686573223b733a31303a226d61696e5f7761726473223b733a353a225761726473223b733a393a226d61696e5f62656473223b733a343a2242656473223b733a31313a226d61696e5f6e7572736573223b733a363a224e7572736573223b733a31383a226d61696e5f726563657074696f6e69737473223b733a31333a22526563657074696f6e69737473223b733a31333a226d61696e5f70617469656e7473223b733a383a2250617469656e7473223b733a31393a226d61696e5f6d65646963616c5f73746f726573223b733a31343a224d65646963616c2053746f726573223b733a31373a226d61696e5f6d65646963616c5f6c616273223b733a31323a224d65646963616c204c616273223b733a31373a226d61696e5f6170706f696e746d656e7473223b733a31323a224170706f696e746d656e7473223b733a31333a226d61696e5f7061796d656e7473223b733a383a225061796d656e7473223b733a31323a226d61696e5f7265706f727473223b733a373a225265706f727473223b733a31333a226d61696e5f7365727669636573223b733a383a225365727669636573223b733a31343a226d61696e5f616d62756c616e6365223b733a393a22416d62756c616e6365223b733a31343a226d61696e5f626f6f645f62616e6b223b733a31303a22426c6f6f642042616e6b223b733a31343a226d61696e5f696e737572616e6365223b733a393a22496e737572616e6365223b733a31313a226e6f74696365626f617264223b733a31313a224e6f74696365626f617264223b733a31333a226d61696e5f73657474696e6773223b733a383a2253657474696e6773223b733a32313a226d61696e5f67656e6572616c5f73657474696e6773223b733a31363a2247656e6572616c2053657474696e6773223b733a31373a226c616e67756167655f73657474696e6773223b733a31373a224c616e67756167652053657474696e6773223b733a31323a22736d735f73657474696e6773223b733a31323a22534d532053657474696e6773223b733a31353a2273797374656d5f73657474696e6773223b733a31353a2253797374656d2053657474696e6773223b733a32313a226d61696e5f6c6963656e73655f63617465676f7279223b733a31373a224c6963656e73652043617465676f727973223b733a31323a226d61696e5f63686172676573223b733a373a2243686172676573223b733a373a2270726f66696c65223b733a373a2250726f66696c65223b733a363a226c6f676f7574223b733a373a224c6f67206f7574223b733a31343a226368616e676550617373776f7264223b733a31353a224368616e67652050617373776f7264223b733a31313a226170706f69746d656e7473223b733a31313a224170706f69746d656e7473223b733a32383a226d61696e5f6865616c7468696e737572616e636570726f7669646572223b733a32363a224865616c746820496e737572616e63652050726f766964657273223b733a32323a226d61696e5f696e70617469656e745f686973746f7279223b733a31383a22496e2d50617469656e7420486973746f7279223b733a31343a226d61696e5f696e70617469656e74223b733a31313a22496e2d50617469656e7473223b733a31393a226d61696e5f686f73706974616c5f61646d696e223b733a31353a22486f73706974616c2041646d696e73223b733a31373a226d61696e5f617661696c6162696c697479223b733a31323a22417661696c6162696c697479223b733a31303a226d61696e5f6f74686572223b733a363a224f7468657273223b733a31303a226d61696e5f61626f7574223b733a353a2241626f7574223b733a373a227265706f727473223b733a373a225265706f727473223b733a363a226f7264657273223b733a363a224f7264657273223b733a31393a226d61696e5f70617469656e745f7265706f7274223b733a31343a2250617469656e74205265706f7274223b733a32323a226d61696e5f6170706f69746d656e745f7265706f7274223b733a31373a224170706f69746d656e74205265706f7274223b733a31323a226d7970756c73657573657273223b733a31333a224d7950756c7365205573657273223b733a31323a226d61696e5f6163636f756e74223b733a373a224163636f756e74223b733a31323a226d61696e5f636f756e747279223b733a383a22436f756e74727973223b733a31303a226d61696e5f7374617465223b733a363a22537461746573223b733a31333a226d61696e5f6469737472696374223b733a393a22446973747269637473223b733a393a226d61696e5f63697479223b733a353a224369747973223b7d, '', '2021-05-03 04:28:59', NULL, '0000-00-00 00:00:00', 1),
('gt3mson57thf6c4iq6kr08j05s3m1ejl', '::1', 1620016140, 0x736974655f6c616e677c733a373a22656e676c697368223b6d656e757c613a34383a7b733a31343a226d61696e5f64617368626f617264223b733a393a2244617368626f617264223b733a31343a226d61696e5f686f73706974616c73223b733a393a22486f73706974616c73223b733a31323a226d61696e5f646563746f7273223b733a373a22446f63746f7273223b733a31363a226d61696e5f6465706172746d656e7473223b733a31313a224465706172746d656e7473223b733a31333a226d61696e5f6272616e63686573223b733a383a224272616e63686573223b733a31303a226d61696e5f7761726473223b733a353a225761726473223b733a393a226d61696e5f62656473223b733a343a2242656473223b733a31313a226d61696e5f6e7572736573223b733a363a224e7572736573223b733a31383a226d61696e5f726563657074696f6e69737473223b733a31333a22526563657074696f6e69737473223b733a31333a226d61696e5f70617469656e7473223b733a383a2250617469656e7473223b733a31393a226d61696e5f6d65646963616c5f73746f726573223b733a31343a224d65646963616c2053746f726573223b733a31373a226d61696e5f6d65646963616c5f6c616273223b733a31323a224d65646963616c204c616273223b733a31373a226d61696e5f6170706f696e746d656e7473223b733a31323a224170706f696e746d656e7473223b733a31333a226d61696e5f7061796d656e7473223b733a383a225061796d656e7473223b733a31323a226d61696e5f7265706f727473223b733a373a225265706f727473223b733a31333a226d61696e5f7365727669636573223b733a383a225365727669636573223b733a31343a226d61696e5f616d62756c616e6365223b733a393a22416d62756c616e6365223b733a31343a226d61696e5f626f6f645f62616e6b223b733a31303a22426c6f6f642042616e6b223b733a31343a226d61696e5f696e737572616e6365223b733a393a22496e737572616e6365223b733a31313a226e6f74696365626f617264223b733a31313a224e6f74696365626f617264223b733a31333a226d61696e5f73657474696e6773223b733a383a2253657474696e6773223b733a32313a226d61696e5f67656e6572616c5f73657474696e6773223b733a31363a2247656e6572616c2053657474696e6773223b733a31373a226c616e67756167655f73657474696e6773223b733a31373a224c616e67756167652053657474696e6773223b733a31323a22736d735f73657474696e6773223b733a31323a22534d532053657474696e6773223b733a31353a2273797374656d5f73657474696e6773223b733a31353a2253797374656d2053657474696e6773223b733a32313a226d61696e5f6c6963656e73655f63617465676f7279223b733a31373a224c6963656e73652043617465676f727973223b733a31323a226d61696e5f63686172676573223b733a373a2243686172676573223b733a373a2270726f66696c65223b733a373a2250726f66696c65223b733a363a226c6f676f7574223b733a373a224c6f67206f7574223b733a31343a226368616e676550617373776f7264223b733a31353a224368616e67652050617373776f7264223b733a31313a226170706f69746d656e7473223b733a31313a224170706f69746d656e7473223b733a32383a226d61696e5f6865616c7468696e737572616e636570726f7669646572223b733a32363a224865616c746820496e737572616e63652050726f766964657273223b733a32323a226d61696e5f696e70617469656e745f686973746f7279223b733a31383a22496e2d50617469656e7420486973746f7279223b733a31343a226d61696e5f696e70617469656e74223b733a31313a22496e2d50617469656e7473223b733a31393a226d61696e5f686f73706974616c5f61646d696e223b733a31353a22486f73706974616c2041646d696e73223b733a31373a226d61696e5f617661696c6162696c697479223b733a31323a22417661696c6162696c697479223b733a31303a226d61696e5f6f74686572223b733a363a224f7468657273223b733a31303a226d61696e5f61626f7574223b733a353a2241626f7574223b733a373a227265706f727473223b733a373a225265706f727473223b733a363a226f7264657273223b733a363a224f7264657273223b733a31393a226d61696e5f70617469656e745f7265706f7274223b733a31343a2250617469656e74205265706f7274223b733a32323a226d61696e5f6170706f69746d656e745f7265706f7274223b733a31373a224170706f69746d656e74205265706f7274223b733a31323a226d7970756c73657573657273223b733a31333a224d7950756c7365205573657273223b733a31323a226d61696e5f6163636f756e74223b733a373a224163636f756e74223b733a31323a226d61696e5f636f756e747279223b733a383a22436f756e74727973223b733a31303a226d61696e5f7374617465223b733a363a22537461746573223b733a31333a226d61696e5f6469737472696374223b733a393a22446973747269637473223b733a393a226d61696e5f63697479223b733a353a224369747973223b7d, '', '2021-05-03 04:29:00', NULL, '0000-00-00 00:00:00', 1),
('hdqp4putr3vfe7uia9qnn4uguec2772s', '::1', 1692682869, 0x5f5f63695f6c6173745f726567656e65726174657c693a313639323638323139393b736974655f6c616e677c733a373a22656e676c697368223b6d656e757c613a34383a7b733a31343a226d61696e5f64617368626f617264223b733a393a2244617368626f617264223b733a31343a226d61696e5f686f73706974616c73223b733a393a22486f73706974616c73223b733a31323a226d61696e5f646563746f7273223b733a373a22446f63746f7273223b733a31363a226d61696e5f6465706172746d656e7473223b733a31313a224465706172746d656e7473223b733a31333a226d61696e5f6272616e63686573223b733a383a224272616e63686573223b733a31303a226d61696e5f7761726473223b733a353a225761726473223b733a393a226d61696e5f62656473223b733a343a2242656473223b733a31313a226d61696e5f6e7572736573223b733a363a224e7572736573223b733a31383a226d61696e5f726563657074696f6e69737473223b733a31333a22526563657074696f6e69737473223b733a31333a226d61696e5f70617469656e7473223b733a383a2250617469656e7473223b733a31393a226d61696e5f6d65646963616c5f73746f726573223b733a31343a224d65646963616c2053746f726573223b733a31373a226d61696e5f6d65646963616c5f6c616273223b733a31323a224d65646963616c204c616273223b733a31373a226d61696e5f6170706f696e746d656e7473223b733a31323a224170706f696e746d656e7473223b733a31333a226d61696e5f7061796d656e7473223b733a383a225061796d656e7473223b733a31323a226d61696e5f7265706f727473223b733a373a225265706f727473223b733a31333a226d61696e5f7365727669636573223b733a383a225365727669636573223b733a31343a226d61696e5f616d62756c616e6365223b733a393a22416d62756c616e6365223b733a31343a226d61696e5f626f6f645f62616e6b223b733a31303a22426c6f6f642042616e6b223b733a31343a226d61696e5f696e737572616e6365223b733a393a22496e737572616e6365223b733a31313a226e6f74696365626f617264223b733a31313a224e6f74696365626f617264223b733a31333a226d61696e5f73657474696e6773223b733a383a2253657474696e6773223b733a32313a226d61696e5f67656e6572616c5f73657474696e6773223b733a31363a2247656e6572616c2053657474696e6773223b733a31373a226c616e67756167655f73657474696e6773223b733a31373a224c616e67756167652053657474696e6773223b733a31323a22736d735f73657474696e6773223b733a31323a22534d532053657474696e6773223b733a31353a2273797374656d5f73657474696e6773223b733a31353a2253797374656d2053657474696e6773223b733a32313a226d61696e5f6c6963656e73655f63617465676f7279223b733a31373a224c6963656e73652043617465676f727973223b733a31323a226d61696e5f63686172676573223b733a373a2243686172676573223b733a373a2270726f66696c65223b733a373a2250726f66696c65223b733a363a226c6f676f7574223b733a373a224c6f67206f7574223b733a31343a226368616e676550617373776f7264223b733a31353a224368616e67652050617373776f7264223b733a31313a226170706f69746d656e7473223b733a31313a224170706f69746d656e7473223b733a32383a226d61696e5f6865616c7468696e737572616e636570726f7669646572223b733a32363a224865616c746820496e737572616e63652050726f766964657273223b733a32323a226d61696e5f696e70617469656e745f686973746f7279223b733a31383a22496e2d50617469656e7420486973746f7279223b733a31343a226d61696e5f696e70617469656e74223b733a31313a22496e2d50617469656e7473223b733a31393a226d61696e5f686f73706974616c5f61646d696e223b733a31353a22486f73706974616c2041646d696e73223b733a31373a226d61696e5f617661696c6162696c697479223b733a31323a22417661696c6162696c697479223b733a31303a226d61696e5f6f74686572223b733a363a224f7468657273223b733a31303a226d61696e5f61626f7574223b733a353a2241626f7574223b733a373a227265706f727473223b733a373a225265706f727473223b733a363a226f7264657273223b733a363a224f7264657273223b733a31393a226d61696e5f70617469656e745f7265706f7274223b733a31343a2250617469656e74205265706f7274223b733a32323a226d61696e5f6170706f69746d656e745f7265706f7274223b733a31373a224170706f69746d656e74205265706f7274223b733a31323a226d7970756c73657573657273223b733a31333a224d7950756c7365205573657273223b733a31323a226d61696e5f6163636f756e74223b733a373a224163636f756e74223b733a31323a226d61696e5f636f756e747279223b733a383a22436f756e74727973223b733a31303a226d61696e5f7374617465223b733a363a22537461746573223b733a31333a226d61696e5f6469737472696374223b733a393a22446973747269637473223b733a393a226d61696e5f63697479223b733a353a224369747973223b7d6c6f67696e5f757365725f69647c733a313a2231223b756e697175655f69647c733a31333a224d50534131385f313030303031223b6e616d657c733a363a224d6168657368223b6c6f67696e5f747970657c733a31303a22737570657261646d696e223b747970655f69647c733a31303a22737570657261646d696e223b6c6f67696e7c733a313a2231223b6c6173745f706167657c733a33353a2268747470733a2f2f6c6f63616c686f73742f6d7970756c73652f44617368626f617264223b776562736974655f6c616e67756167655f676f6f676c657c733a313a2232223b, '', '2023-08-22 05:30:01', NULL, '0000-00-00 00:00:00', 1),
('ijumev8pcubbgfvnqipsafdc0btp833g', '::1', 1620006896, 0x5f5f63695f6c6173745f726567656e65726174657c693a313632303030363131313b736974655f6c616e677c733a373a22656e676c697368223b6d656e757c613a34383a7b733a31343a226d61696e5f64617368626f617264223b733a393a2244617368626f617264223b733a31343a226d61696e5f686f73706974616c73223b733a393a22486f73706974616c73223b733a31323a226d61696e5f646563746f7273223b733a373a22446f63746f7273223b733a31363a226d61696e5f6465706172746d656e7473223b733a31313a224465706172746d656e7473223b733a31333a226d61696e5f6272616e63686573223b733a383a224272616e63686573223b733a31303a226d61696e5f7761726473223b733a353a225761726473223b733a393a226d61696e5f62656473223b733a343a2242656473223b733a31313a226d61696e5f6e7572736573223b733a363a224e7572736573223b733a31383a226d61696e5f726563657074696f6e69737473223b733a31333a22526563657074696f6e69737473223b733a31333a226d61696e5f70617469656e7473223b733a383a2250617469656e7473223b733a31393a226d61696e5f6d65646963616c5f73746f726573223b733a31343a224d65646963616c2053746f726573223b733a31373a226d61696e5f6d65646963616c5f6c616273223b733a31323a224d65646963616c204c616273223b733a31373a226d61696e5f6170706f696e746d656e7473223b733a31323a224170706f696e746d656e7473223b733a31333a226d61696e5f7061796d656e7473223b733a383a225061796d656e7473223b733a31323a226d61696e5f7265706f727473223b733a373a225265706f727473223b733a31333a226d61696e5f7365727669636573223b733a383a225365727669636573223b733a31343a226d61696e5f616d62756c616e6365223b733a393a22416d62756c616e6365223b733a31343a226d61696e5f626f6f645f62616e6b223b733a31303a22426c6f6f642042616e6b223b733a31343a226d61696e5f696e737572616e6365223b733a393a22496e737572616e6365223b733a31313a226e6f74696365626f617264223b733a31313a224e6f74696365626f617264223b733a31333a226d61696e5f73657474696e6773223b733a383a2253657474696e6773223b733a32313a226d61696e5f67656e6572616c5f73657474696e6773223b733a31363a2247656e6572616c2053657474696e6773223b733a31373a226c616e67756167655f73657474696e6773223b733a31373a224c616e67756167652053657474696e6773223b733a31323a22736d735f73657474696e6773223b733a31323a22534d532053657474696e6773223b733a31353a2273797374656d5f73657474696e6773223b733a31353a2253797374656d2053657474696e6773223b733a32313a226d61696e5f6c6963656e73655f63617465676f7279223b733a31373a224c6963656e73652043617465676f727973223b733a31323a226d61696e5f63686172676573223b733a373a2243686172676573223b733a373a2270726f66696c65223b733a373a2250726f66696c65223b733a363a226c6f676f7574223b733a373a224c6f67206f7574223b733a31343a226368616e676550617373776f7264223b733a31353a224368616e67652050617373776f7264223b733a31313a226170706f69746d656e7473223b733a31313a224170706f69746d656e7473223b733a32383a226d61696e5f6865616c7468696e737572616e636570726f7669646572223b733a32363a224865616c746820496e737572616e63652050726f766964657273223b733a32323a226d61696e5f696e70617469656e745f686973746f7279223b733a31383a22496e2d50617469656e7420486973746f7279223b733a31343a226d61696e5f696e70617469656e74223b733a31313a22496e2d50617469656e7473223b733a31393a226d61696e5f686f73706974616c5f61646d696e223b733a31353a22486f73706974616c2041646d696e73223b733a31373a226d61696e5f617661696c6162696c697479223b733a31323a22417661696c6162696c697479223b733a31303a226d61696e5f6f74686572223b733a363a224f7468657273223b733a31303a226d61696e5f61626f7574223b733a353a2241626f7574223b733a373a227265706f727473223b733a373a225265706f727473223b733a363a226f7264657273223b733a363a224f7264657273223b733a31393a226d61696e5f70617469656e745f7265706f7274223b733a31343a2250617469656e74205265706f7274223b733a32323a226d61696e5f6170706f69746d656e745f7265706f7274223b733a31373a224170706f69746d656e74205265706f7274223b733a31323a226d7970756c73657573657273223b733a31333a224d7950756c7365205573657273223b733a31323a226d61696e5f6163636f756e74223b733a373a224163636f756e74223b733a31323a226d61696e5f636f756e747279223b733a383a22436f756e74727973223b733a31303a226d61696e5f7374617465223b733a363a22537461746573223b733a31333a226d61696e5f6469737472696374223b733a393a22446973747269637473223b733a393a226d61696e5f63697479223b733a353a224369747973223b7d6c6f67696e5f757365725f69647c733a313a2231223b756e697175655f69647c733a31333a224d50534131385f313030303031223b6e616d657c733a363a224d6168657368223b6c6f67696e5f747970657c733a31303a22737570657261646d696e223b747970655f69647c733a31303a22737570657261646d696e223b6c6f67696e7c733a313a2231223b6c6173745f706167657c733a33383a2268747470733a2f2f6c6f63616c686f73742f6d7970756c73652f4170706f696e746d656e7473223b776562736974655f6c616e67756167655f676f6f676c657c733a313a2232223b6c6173745f70616765317c733a35303a2268747470733a2f2f6c6f63616c686f73742f6d7970756c73652f6d61696e2f656469745f6170706f696e746d656e742f3136223b, '', '2021-05-03 01:41:53', NULL, '0000-00-00 00:00:00', 1),
('jco7ife51io9d88ifuo060tiqat4j0f6', '::1', 1620381246, 0x5f5f63695f6c6173745f726567656e65726174657c693a313632303338313233383b736974655f6c616e677c733a373a22656e676c697368223b6d656e757c613a34383a7b733a31343a226d61696e5f64617368626f617264223b733a393a2244617368626f617264223b733a31343a226d61696e5f686f73706974616c73223b733a393a22486f73706974616c73223b733a31323a226d61696e5f646563746f7273223b733a373a22446f63746f7273223b733a31363a226d61696e5f6465706172746d656e7473223b733a31313a224465706172746d656e7473223b733a31333a226d61696e5f6272616e63686573223b733a383a224272616e63686573223b733a31303a226d61696e5f7761726473223b733a353a225761726473223b733a393a226d61696e5f62656473223b733a343a2242656473223b733a31313a226d61696e5f6e7572736573223b733a363a224e7572736573223b733a31383a226d61696e5f726563657074696f6e69737473223b733a31333a22526563657074696f6e69737473223b733a31333a226d61696e5f70617469656e7473223b733a383a2250617469656e7473223b733a31393a226d61696e5f6d65646963616c5f73746f726573223b733a31343a224d65646963616c2053746f726573223b733a31373a226d61696e5f6d65646963616c5f6c616273223b733a31323a224d65646963616c204c616273223b733a31373a226d61696e5f6170706f696e746d656e7473223b733a31323a224170706f696e746d656e7473223b733a31333a226d61696e5f7061796d656e7473223b733a383a225061796d656e7473223b733a31323a226d61696e5f7265706f727473223b733a373a225265706f727473223b733a31333a226d61696e5f7365727669636573223b733a383a225365727669636573223b733a31343a226d61696e5f616d62756c616e6365223b733a393a22416d62756c616e6365223b733a31343a226d61696e5f626f6f645f62616e6b223b733a31303a22426c6f6f642042616e6b223b733a31343a226d61696e5f696e737572616e6365223b733a393a22496e737572616e6365223b733a31313a226e6f74696365626f617264223b733a31313a224e6f74696365626f617264223b733a31333a226d61696e5f73657474696e6773223b733a383a2253657474696e6773223b733a32313a226d61696e5f67656e6572616c5f73657474696e6773223b733a31363a2247656e6572616c2053657474696e6773223b733a31373a226c616e67756167655f73657474696e6773223b733a31373a224c616e67756167652053657474696e6773223b733a31323a22736d735f73657474696e6773223b733a31323a22534d532053657474696e6773223b733a31353a2273797374656d5f73657474696e6773223b733a31353a2253797374656d2053657474696e6773223b733a32313a226d61696e5f6c6963656e73655f63617465676f7279223b733a31373a224c6963656e73652043617465676f727973223b733a31323a226d61696e5f63686172676573223b733a373a2243686172676573223b733a373a2270726f66696c65223b733a373a2250726f66696c65223b733a363a226c6f676f7574223b733a373a224c6f67206f7574223b733a31343a226368616e676550617373776f7264223b733a31353a224368616e67652050617373776f7264223b733a31313a226170706f69746d656e7473223b733a31313a224170706f69746d656e7473223b733a32383a226d61696e5f6865616c7468696e737572616e636570726f7669646572223b733a32363a224865616c746820496e737572616e63652050726f766964657273223b733a32323a226d61696e5f696e70617469656e745f686973746f7279223b733a31383a22496e2d50617469656e7420486973746f7279223b733a31343a226d61696e5f696e70617469656e74223b733a31313a22496e2d50617469656e7473223b733a31393a226d61696e5f686f73706974616c5f61646d696e223b733a31353a22486f73706974616c2041646d696e73223b733a31373a226d61696e5f617661696c6162696c697479223b733a31323a22417661696c6162696c697479223b733a31303a226d61696e5f6f74686572223b733a363a224f7468657273223b733a31303a226d61696e5f61626f7574223b733a353a2241626f7574223b733a373a227265706f727473223b733a373a225265706f727473223b733a363a226f7264657273223b733a363a224f7264657273223b733a31393a226d61696e5f70617469656e745f7265706f7274223b733a31343a2250617469656e74205265706f7274223b733a32323a226d61696e5f6170706f69746d656e745f7265706f7274223b733a31373a224170706f69746d656e74205265706f7274223b733a31323a226d7970756c73657573657273223b733a31333a224d7950756c7365205573657273223b733a31323a226d61696e5f6163636f756e74223b733a373a224163636f756e74223b733a31323a226d61696e5f636f756e747279223b733a383a22436f756e74727973223b733a31303a226d61696e5f7374617465223b733a363a22537461746573223b733a31333a226d61696e5f6469737472696374223b733a393a22446973747269637473223b733a393a226d61696e5f63697479223b733a353a224369747973223b7d, '', '2021-05-07 09:54:02', NULL, '0000-00-00 00:00:00', 1),
('o85aidjh1e1qs09afobvscfefbg4o9rk', '::1', 1620016139, 0x736974655f6c616e677c733a373a22656e676c697368223b6d656e757c613a34383a7b733a31343a226d61696e5f64617368626f617264223b733a393a2244617368626f617264223b733a31343a226d61696e5f686f73706974616c73223b733a393a22486f73706974616c73223b733a31323a226d61696e5f646563746f7273223b733a373a22446f63746f7273223b733a31363a226d61696e5f6465706172746d656e7473223b733a31313a224465706172746d656e7473223b733a31333a226d61696e5f6272616e63686573223b733a383a224272616e63686573223b733a31303a226d61696e5f7761726473223b733a353a225761726473223b733a393a226d61696e5f62656473223b733a343a2242656473223b733a31313a226d61696e5f6e7572736573223b733a363a224e7572736573223b733a31383a226d61696e5f726563657074696f6e69737473223b733a31333a22526563657074696f6e69737473223b733a31333a226d61696e5f70617469656e7473223b733a383a2250617469656e7473223b733a31393a226d61696e5f6d65646963616c5f73746f726573223b733a31343a224d65646963616c2053746f726573223b733a31373a226d61696e5f6d65646963616c5f6c616273223b733a31323a224d65646963616c204c616273223b733a31373a226d61696e5f6170706f696e746d656e7473223b733a31323a224170706f696e746d656e7473223b733a31333a226d61696e5f7061796d656e7473223b733a383a225061796d656e7473223b733a31323a226d61696e5f7265706f727473223b733a373a225265706f727473223b733a31333a226d61696e5f7365727669636573223b733a383a225365727669636573223b733a31343a226d61696e5f616d62756c616e6365223b733a393a22416d62756c616e6365223b733a31343a226d61696e5f626f6f645f62616e6b223b733a31303a22426c6f6f642042616e6b223b733a31343a226d61696e5f696e737572616e6365223b733a393a22496e737572616e6365223b733a31313a226e6f74696365626f617264223b733a31313a224e6f74696365626f617264223b733a31333a226d61696e5f73657474696e6773223b733a383a2253657474696e6773223b733a32313a226d61696e5f67656e6572616c5f73657474696e6773223b733a31363a2247656e6572616c2053657474696e6773223b733a31373a226c616e67756167655f73657474696e6773223b733a31373a224c616e67756167652053657474696e6773223b733a31323a22736d735f73657474696e6773223b733a31323a22534d532053657474696e6773223b733a31353a2273797374656d5f73657474696e6773223b733a31353a2253797374656d2053657474696e6773223b733a32313a226d61696e5f6c6963656e73655f63617465676f7279223b733a31373a224c6963656e73652043617465676f727973223b733a31323a226d61696e5f63686172676573223b733a373a2243686172676573223b733a373a2270726f66696c65223b733a373a2250726f66696c65223b733a363a226c6f676f7574223b733a373a224c6f67206f7574223b733a31343a226368616e676550617373776f7264223b733a31353a224368616e67652050617373776f7264223b733a31313a226170706f69746d656e7473223b733a31313a224170706f69746d656e7473223b733a32383a226d61696e5f6865616c7468696e737572616e636570726f7669646572223b733a32363a224865616c746820496e737572616e63652050726f766964657273223b733a32323a226d61696e5f696e70617469656e745f686973746f7279223b733a31383a22496e2d50617469656e7420486973746f7279223b733a31343a226d61696e5f696e70617469656e74223b733a31313a22496e2d50617469656e7473223b733a31393a226d61696e5f686f73706974616c5f61646d696e223b733a31353a22486f73706974616c2041646d696e73223b733a31373a226d61696e5f617661696c6162696c697479223b733a31323a22417661696c6162696c697479223b733a31303a226d61696e5f6f74686572223b733a363a224f7468657273223b733a31303a226d61696e5f61626f7574223b733a353a2241626f7574223b733a373a227265706f727473223b733a373a225265706f727473223b733a363a226f7264657273223b733a363a224f7264657273223b733a31393a226d61696e5f70617469656e745f7265706f7274223b733a31343a2250617469656e74205265706f7274223b733a32323a226d61696e5f6170706f69746d656e745f7265706f7274223b733a31373a224170706f69746d656e74205265706f7274223b733a31323a226d7970756c73657573657273223b733a31333a224d7950756c7365205573657273223b733a31323a226d61696e5f6163636f756e74223b733a373a224163636f756e74223b733a31323a226d61696e5f636f756e747279223b733a383a22436f756e74727973223b733a31303a226d61696e5f7374617465223b733a363a22537461746573223b733a31333a226d61696e5f6469737472696374223b733a393a22446973747269637473223b733a393a226d61696e5f63697479223b733a353a224369747973223b7d, '', '2021-05-03 04:28:59', NULL, '0000-00-00 00:00:00', 1),
('orp52ifh8o481hehh0hvhp6v2ausd6e3', '::1', 1620005481, 0x5f5f63695f6c6173745f726567656e65726174657c693a313632303030353438303b736974655f6c616e677c733a373a22656e676c697368223b6d656e757c613a34383a7b733a31343a226d61696e5f64617368626f617264223b733a393a2244617368626f617264223b733a31343a226d61696e5f686f73706974616c73223b733a393a22486f73706974616c73223b733a31323a226d61696e5f646563746f7273223b733a373a22446f63746f7273223b733a31363a226d61696e5f6465706172746d656e7473223b733a31313a224465706172746d656e7473223b733a31333a226d61696e5f6272616e63686573223b733a383a224272616e63686573223b733a31303a226d61696e5f7761726473223b733a353a225761726473223b733a393a226d61696e5f62656473223b733a343a2242656473223b733a31313a226d61696e5f6e7572736573223b733a363a224e7572736573223b733a31383a226d61696e5f726563657074696f6e69737473223b733a31333a22526563657074696f6e69737473223b733a31333a226d61696e5f70617469656e7473223b733a383a2250617469656e7473223b733a31393a226d61696e5f6d65646963616c5f73746f726573223b733a31343a224d65646963616c2053746f726573223b733a31373a226d61696e5f6d65646963616c5f6c616273223b733a31323a224d65646963616c204c616273223b733a31373a226d61696e5f6170706f696e746d656e7473223b733a31323a224170706f696e746d656e7473223b733a31333a226d61696e5f7061796d656e7473223b733a383a225061796d656e7473223b733a31323a226d61696e5f7265706f727473223b733a373a225265706f727473223b733a31333a226d61696e5f7365727669636573223b733a383a225365727669636573223b733a31343a226d61696e5f616d62756c616e6365223b733a393a22416d62756c616e6365223b733a31343a226d61696e5f626f6f645f62616e6b223b733a31303a22426c6f6f642042616e6b223b733a31343a226d61696e5f696e737572616e6365223b733a393a22496e737572616e6365223b733a31313a226e6f74696365626f617264223b733a31313a224e6f74696365626f617264223b733a31333a226d61696e5f73657474696e6773223b733a383a2253657474696e6773223b733a32313a226d61696e5f67656e6572616c5f73657474696e6773223b733a31363a2247656e6572616c2053657474696e6773223b733a31373a226c616e67756167655f73657474696e6773223b733a31373a224c616e67756167652053657474696e6773223b733a31323a22736d735f73657474696e6773223b733a31323a22534d532053657474696e6773223b733a31353a2273797374656d5f73657474696e6773223b733a31353a2253797374656d2053657474696e6773223b733a32313a226d61696e5f6c6963656e73655f63617465676f7279223b733a31373a224c6963656e73652043617465676f727973223b733a31323a226d61696e5f63686172676573223b733a373a2243686172676573223b733a373a2270726f66696c65223b733a373a2250726f66696c65223b733a363a226c6f676f7574223b733a373a224c6f67206f7574223b733a31343a226368616e676550617373776f7264223b733a31353a224368616e67652050617373776f7264223b733a31313a226170706f69746d656e7473223b733a31313a224170706f69746d656e7473223b733a32383a226d61696e5f6865616c7468696e737572616e636570726f7669646572223b733a32363a224865616c746820496e737572616e63652050726f766964657273223b733a32323a226d61696e5f696e70617469656e745f686973746f7279223b733a31383a22496e2d50617469656e7420486973746f7279223b733a31343a226d61696e5f696e70617469656e74223b733a31313a22496e2d50617469656e7473223b733a31393a226d61696e5f686f73706974616c5f61646d696e223b733a31353a22486f73706974616c2041646d696e73223b733a31373a226d61696e5f617661696c6162696c697479223b733a31323a22417661696c6162696c697479223b733a31303a226d61696e5f6f74686572223b733a363a224f7468657273223b733a31303a226d61696e5f61626f7574223b733a353a2241626f7574223b733a373a227265706f727473223b733a373a225265706f727473223b733a363a226f7264657273223b733a363a224f7264657273223b733a31393a226d61696e5f70617469656e745f7265706f7274223b733a31343a2250617469656e74205265706f7274223b733a32323a226d61696e5f6170706f69746d656e745f7265706f7274223b733a31373a224170706f69746d656e74205265706f7274223b733a31323a226d7970756c73657573657273223b733a31333a224d7950756c7365205573657273223b733a31323a226d61696e5f6163636f756e74223b733a373a224163636f756e74223b733a31323a226d61696e5f636f756e747279223b733a383a22436f756e74727973223b733a31303a226d61696e5f7374617465223b733a363a22537461746573223b733a31333a226d61696e5f6469737472696374223b733a393a22446973747269637473223b733a393a226d61696e5f63697479223b733a353a224369747973223b7d6c6f67696e5f757365725f69647c733a313a2231223b756e697175655f69647c733a31333a224d50534131385f313030303031223b6e616d657c733a363a224d6168657368223b6c6f67696e5f747970657c733a31303a22737570657261646d696e223b747970655f69647c733a31303a22737570657261646d696e223b6c6f67696e7c733a313a2231223b6c6173745f706167657c733a33343a2268747470733a2f2f6c6f63616c686f73742f6d7970756c73652f53657474696e6773223b, '', '2021-05-03 01:26:12', NULL, '0000-00-00 00:00:00', 1),
('p8a4vpmois4d9c25oc2qca1kvthiaauc', '::1', 1620016138, 0x736974655f6c616e677c733a373a22656e676c697368223b6d656e757c613a34383a7b733a31343a226d61696e5f64617368626f617264223b733a393a2244617368626f617264223b733a31343a226d61696e5f686f73706974616c73223b733a393a22486f73706974616c73223b733a31323a226d61696e5f646563746f7273223b733a373a22446f63746f7273223b733a31363a226d61696e5f6465706172746d656e7473223b733a31313a224465706172746d656e7473223b733a31333a226d61696e5f6272616e63686573223b733a383a224272616e63686573223b733a31303a226d61696e5f7761726473223b733a353a225761726473223b733a393a226d61696e5f62656473223b733a343a2242656473223b733a31313a226d61696e5f6e7572736573223b733a363a224e7572736573223b733a31383a226d61696e5f726563657074696f6e69737473223b733a31333a22526563657074696f6e69737473223b733a31333a226d61696e5f70617469656e7473223b733a383a2250617469656e7473223b733a31393a226d61696e5f6d65646963616c5f73746f726573223b733a31343a224d65646963616c2053746f726573223b733a31373a226d61696e5f6d65646963616c5f6c616273223b733a31323a224d65646963616c204c616273223b733a31373a226d61696e5f6170706f696e746d656e7473223b733a31323a224170706f696e746d656e7473223b733a31333a226d61696e5f7061796d656e7473223b733a383a225061796d656e7473223b733a31323a226d61696e5f7265706f727473223b733a373a225265706f727473223b733a31333a226d61696e5f7365727669636573223b733a383a225365727669636573223b733a31343a226d61696e5f616d62756c616e6365223b733a393a22416d62756c616e6365223b733a31343a226d61696e5f626f6f645f62616e6b223b733a31303a22426c6f6f642042616e6b223b733a31343a226d61696e5f696e737572616e6365223b733a393a22496e737572616e6365223b733a31313a226e6f74696365626f617264223b733a31313a224e6f74696365626f617264223b733a31333a226d61696e5f73657474696e6773223b733a383a2253657474696e6773223b733a32313a226d61696e5f67656e6572616c5f73657474696e6773223b733a31363a2247656e6572616c2053657474696e6773223b733a31373a226c616e67756167655f73657474696e6773223b733a31373a224c616e67756167652053657474696e6773223b733a31323a22736d735f73657474696e6773223b733a31323a22534d532053657474696e6773223b733a31353a2273797374656d5f73657474696e6773223b733a31353a2253797374656d2053657474696e6773223b733a32313a226d61696e5f6c6963656e73655f63617465676f7279223b733a31373a224c6963656e73652043617465676f727973223b733a31323a226d61696e5f63686172676573223b733a373a2243686172676573223b733a373a2270726f66696c65223b733a373a2250726f66696c65223b733a363a226c6f676f7574223b733a373a224c6f67206f7574223b733a31343a226368616e676550617373776f7264223b733a31353a224368616e67652050617373776f7264223b733a31313a226170706f69746d656e7473223b733a31313a224170706f69746d656e7473223b733a32383a226d61696e5f6865616c7468696e737572616e636570726f7669646572223b733a32363a224865616c746820496e737572616e63652050726f766964657273223b733a32323a226d61696e5f696e70617469656e745f686973746f7279223b733a31383a22496e2d50617469656e7420486973746f7279223b733a31343a226d61696e5f696e70617469656e74223b733a31313a22496e2d50617469656e7473223b733a31393a226d61696e5f686f73706974616c5f61646d696e223b733a31353a22486f73706974616c2041646d696e73223b733a31373a226d61696e5f617661696c6162696c697479223b733a31323a22417661696c6162696c697479223b733a31303a226d61696e5f6f74686572223b733a363a224f7468657273223b733a31303a226d61696e5f61626f7574223b733a353a2241626f7574223b733a373a227265706f727473223b733a373a225265706f727473223b733a363a226f7264657273223b733a363a224f7264657273223b733a31393a226d61696e5f70617469656e745f7265706f7274223b733a31343a2250617469656e74205265706f7274223b733a32323a226d61696e5f6170706f69746d656e745f7265706f7274223b733a31373a224170706f69746d656e74205265706f7274223b733a31323a226d7970756c73657573657273223b733a31333a224d7950756c7365205573657273223b733a31323a226d61696e5f6163636f756e74223b733a373a224163636f756e74223b733a31323a226d61696e5f636f756e747279223b733a383a22436f756e74727973223b733a31303a226d61696e5f7374617465223b733a363a22537461746573223b733a31333a226d61696e5f6469737472696374223b733a393a22446973747269637473223b733a393a226d61696e5f63697479223b733a353a224369747973223b7d, '', '2021-05-03 04:28:58', NULL, '0000-00-00 00:00:00', 1),
('q84aqkfmn9d4q12njkfh46h4oaglhrts', '::1', 1620016139, 0x736974655f6c616e677c733a373a22656e676c697368223b6d656e757c613a34383a7b733a31343a226d61696e5f64617368626f617264223b733a393a2244617368626f617264223b733a31343a226d61696e5f686f73706974616c73223b733a393a22486f73706974616c73223b733a31323a226d61696e5f646563746f7273223b733a373a22446f63746f7273223b733a31363a226d61696e5f6465706172746d656e7473223b733a31313a224465706172746d656e7473223b733a31333a226d61696e5f6272616e63686573223b733a383a224272616e63686573223b733a31303a226d61696e5f7761726473223b733a353a225761726473223b733a393a226d61696e5f62656473223b733a343a2242656473223b733a31313a226d61696e5f6e7572736573223b733a363a224e7572736573223b733a31383a226d61696e5f726563657074696f6e69737473223b733a31333a22526563657074696f6e69737473223b733a31333a226d61696e5f70617469656e7473223b733a383a2250617469656e7473223b733a31393a226d61696e5f6d65646963616c5f73746f726573223b733a31343a224d65646963616c2053746f726573223b733a31373a226d61696e5f6d65646963616c5f6c616273223b733a31323a224d65646963616c204c616273223b733a31373a226d61696e5f6170706f696e746d656e7473223b733a31323a224170706f696e746d656e7473223b733a31333a226d61696e5f7061796d656e7473223b733a383a225061796d656e7473223b733a31323a226d61696e5f7265706f727473223b733a373a225265706f727473223b733a31333a226d61696e5f7365727669636573223b733a383a225365727669636573223b733a31343a226d61696e5f616d62756c616e6365223b733a393a22416d62756c616e6365223b733a31343a226d61696e5f626f6f645f62616e6b223b733a31303a22426c6f6f642042616e6b223b733a31343a226d61696e5f696e737572616e6365223b733a393a22496e737572616e6365223b733a31313a226e6f74696365626f617264223b733a31313a224e6f74696365626f617264223b733a31333a226d61696e5f73657474696e6773223b733a383a2253657474696e6773223b733a32313a226d61696e5f67656e6572616c5f73657474696e6773223b733a31363a2247656e6572616c2053657474696e6773223b733a31373a226c616e67756167655f73657474696e6773223b733a31373a224c616e67756167652053657474696e6773223b733a31323a22736d735f73657474696e6773223b733a31323a22534d532053657474696e6773223b733a31353a2273797374656d5f73657474696e6773223b733a31353a2253797374656d2053657474696e6773223b733a32313a226d61696e5f6c6963656e73655f63617465676f7279223b733a31373a224c6963656e73652043617465676f727973223b733a31323a226d61696e5f63686172676573223b733a373a2243686172676573223b733a373a2270726f66696c65223b733a373a2250726f66696c65223b733a363a226c6f676f7574223b733a373a224c6f67206f7574223b733a31343a226368616e676550617373776f7264223b733a31353a224368616e67652050617373776f7264223b733a31313a226170706f69746d656e7473223b733a31313a224170706f69746d656e7473223b733a32383a226d61696e5f6865616c7468696e737572616e636570726f7669646572223b733a32363a224865616c746820496e737572616e63652050726f766964657273223b733a32323a226d61696e5f696e70617469656e745f686973746f7279223b733a31383a22496e2d50617469656e7420486973746f7279223b733a31343a226d61696e5f696e70617469656e74223b733a31313a22496e2d50617469656e7473223b733a31393a226d61696e5f686f73706974616c5f61646d696e223b733a31353a22486f73706974616c2041646d696e73223b733a31373a226d61696e5f617661696c6162696c697479223b733a31323a22417661696c6162696c697479223b733a31303a226d61696e5f6f74686572223b733a363a224f7468657273223b733a31303a226d61696e5f61626f7574223b733a353a2241626f7574223b733a373a227265706f727473223b733a373a225265706f727473223b733a363a226f7264657273223b733a363a224f7264657273223b733a31393a226d61696e5f70617469656e745f7265706f7274223b733a31343a2250617469656e74205265706f7274223b733a32323a226d61696e5f6170706f69746d656e745f7265706f7274223b733a31373a224170706f69746d656e74205265706f7274223b733a31323a226d7970756c73657573657273223b733a31333a224d7950756c7365205573657273223b733a31323a226d61696e5f6163636f756e74223b733a373a224163636f756e74223b733a31323a226d61696e5f636f756e747279223b733a383a22436f756e74727973223b733a31303a226d61696e5f7374617465223b733a363a22537461746573223b733a31333a226d61696e5f6469737472696374223b733a393a22446973747269637473223b733a393a226d61696e5f63697479223b733a353a224369747973223b7d, '', '2021-05-03 04:28:59', NULL, '0000-00-00 00:00:00', 1),
('tp9fhe37bh83h5po0i8tfhc78bsvlqkn', '::1', 1620016139, 0x736974655f6c616e677c733a373a22656e676c697368223b6d656e757c613a34383a7b733a31343a226d61696e5f64617368626f617264223b733a393a2244617368626f617264223b733a31343a226d61696e5f686f73706974616c73223b733a393a22486f73706974616c73223b733a31323a226d61696e5f646563746f7273223b733a373a22446f63746f7273223b733a31363a226d61696e5f6465706172746d656e7473223b733a31313a224465706172746d656e7473223b733a31333a226d61696e5f6272616e63686573223b733a383a224272616e63686573223b733a31303a226d61696e5f7761726473223b733a353a225761726473223b733a393a226d61696e5f62656473223b733a343a2242656473223b733a31313a226d61696e5f6e7572736573223b733a363a224e7572736573223b733a31383a226d61696e5f726563657074696f6e69737473223b733a31333a22526563657074696f6e69737473223b733a31333a226d61696e5f70617469656e7473223b733a383a2250617469656e7473223b733a31393a226d61696e5f6d65646963616c5f73746f726573223b733a31343a224d65646963616c2053746f726573223b733a31373a226d61696e5f6d65646963616c5f6c616273223b733a31323a224d65646963616c204c616273223b733a31373a226d61696e5f6170706f696e746d656e7473223b733a31323a224170706f696e746d656e7473223b733a31333a226d61696e5f7061796d656e7473223b733a383a225061796d656e7473223b733a31323a226d61696e5f7265706f727473223b733a373a225265706f727473223b733a31333a226d61696e5f7365727669636573223b733a383a225365727669636573223b733a31343a226d61696e5f616d62756c616e6365223b733a393a22416d62756c616e6365223b733a31343a226d61696e5f626f6f645f62616e6b223b733a31303a22426c6f6f642042616e6b223b733a31343a226d61696e5f696e737572616e6365223b733a393a22496e737572616e6365223b733a31313a226e6f74696365626f617264223b733a31313a224e6f74696365626f617264223b733a31333a226d61696e5f73657474696e6773223b733a383a2253657474696e6773223b733a32313a226d61696e5f67656e6572616c5f73657474696e6773223b733a31363a2247656e6572616c2053657474696e6773223b733a31373a226c616e67756167655f73657474696e6773223b733a31373a224c616e67756167652053657474696e6773223b733a31323a22736d735f73657474696e6773223b733a31323a22534d532053657474696e6773223b733a31353a2273797374656d5f73657474696e6773223b733a31353a2253797374656d2053657474696e6773223b733a32313a226d61696e5f6c6963656e73655f63617465676f7279223b733a31373a224c6963656e73652043617465676f727973223b733a31323a226d61696e5f63686172676573223b733a373a2243686172676573223b733a373a2270726f66696c65223b733a373a2250726f66696c65223b733a363a226c6f676f7574223b733a373a224c6f67206f7574223b733a31343a226368616e676550617373776f7264223b733a31353a224368616e67652050617373776f7264223b733a31313a226170706f69746d656e7473223b733a31313a224170706f69746d656e7473223b733a32383a226d61696e5f6865616c7468696e737572616e636570726f7669646572223b733a32363a224865616c746820496e737572616e63652050726f766964657273223b733a32323a226d61696e5f696e70617469656e745f686973746f7279223b733a31383a22496e2d50617469656e7420486973746f7279223b733a31343a226d61696e5f696e70617469656e74223b733a31313a22496e2d50617469656e7473223b733a31393a226d61696e5f686f73706974616c5f61646d696e223b733a31353a22486f73706974616c2041646d696e73223b733a31373a226d61696e5f617661696c6162696c697479223b733a31323a22417661696c6162696c697479223b733a31303a226d61696e5f6f74686572223b733a363a224f7468657273223b733a31303a226d61696e5f61626f7574223b733a353a2241626f7574223b733a373a227265706f727473223b733a373a225265706f727473223b733a363a226f7264657273223b733a363a224f7264657273223b733a31393a226d61696e5f70617469656e745f7265706f7274223b733a31343a2250617469656e74205265706f7274223b733a32323a226d61696e5f6170706f69746d656e745f7265706f7274223b733a31373a224170706f69746d656e74205265706f7274223b733a31323a226d7970756c73657573657273223b733a31333a224d7950756c7365205573657273223b733a31323a226d61696e5f6163636f756e74223b733a373a224163636f756e74223b733a31323a226d61696e5f636f756e747279223b733a383a22436f756e74727973223b733a31303a226d61696e5f7374617465223b733a363a22537461746573223b733a31333a226d61696e5f6469737472696374223b733a393a22446973747269637473223b733a393a226d61696e5f63697479223b733a353a224369747973223b7d, '', '2021-05-03 04:28:59', NULL, '0000-00-00 00:00:00', 1),
('ud5khfu33sv32bomsfkj59qjb39g9lms', '::1', 1692682201, 0x5f5f63695f6c6173745f726567656e65726174657c693a313639323638323139393b736974655f6c616e677c733a373a22656e676c697368223b6d656e757c613a34383a7b733a31343a226d61696e5f64617368626f617264223b733a393a2244617368626f617264223b733a31343a226d61696e5f686f73706974616c73223b733a393a22486f73706974616c73223b733a31323a226d61696e5f646563746f7273223b733a373a22446f63746f7273223b733a31363a226d61696e5f6465706172746d656e7473223b733a31313a224465706172746d656e7473223b733a31333a226d61696e5f6272616e63686573223b733a383a224272616e63686573223b733a31303a226d61696e5f7761726473223b733a353a225761726473223b733a393a226d61696e5f62656473223b733a343a2242656473223b733a31313a226d61696e5f6e7572736573223b733a363a224e7572736573223b733a31383a226d61696e5f726563657074696f6e69737473223b733a31333a22526563657074696f6e69737473223b733a31333a226d61696e5f70617469656e7473223b733a383a2250617469656e7473223b733a31393a226d61696e5f6d65646963616c5f73746f726573223b733a31343a224d65646963616c2053746f726573223b733a31373a226d61696e5f6d65646963616c5f6c616273223b733a31323a224d65646963616c204c616273223b733a31373a226d61696e5f6170706f696e746d656e7473223b733a31323a224170706f696e746d656e7473223b733a31333a226d61696e5f7061796d656e7473223b733a383a225061796d656e7473223b733a31323a226d61696e5f7265706f727473223b733a373a225265706f727473223b733a31333a226d61696e5f7365727669636573223b733a383a225365727669636573223b733a31343a226d61696e5f616d62756c616e6365223b733a393a22416d62756c616e6365223b733a31343a226d61696e5f626f6f645f62616e6b223b733a31303a22426c6f6f642042616e6b223b733a31343a226d61696e5f696e737572616e6365223b733a393a22496e737572616e6365223b733a31313a226e6f74696365626f617264223b733a31313a224e6f74696365626f617264223b733a31333a226d61696e5f73657474696e6773223b733a383a2253657474696e6773223b733a32313a226d61696e5f67656e6572616c5f73657474696e6773223b733a31363a2247656e6572616c2053657474696e6773223b733a31373a226c616e67756167655f73657474696e6773223b733a31373a224c616e67756167652053657474696e6773223b733a31323a22736d735f73657474696e6773223b733a31323a22534d532053657474696e6773223b733a31353a2273797374656d5f73657474696e6773223b733a31353a2253797374656d2053657474696e6773223b733a32313a226d61696e5f6c6963656e73655f63617465676f7279223b733a31373a224c6963656e73652043617465676f727973223b733a31323a226d61696e5f63686172676573223b733a373a2243686172676573223b733a373a2270726f66696c65223b733a373a2250726f66696c65223b733a363a226c6f676f7574223b733a373a224c6f67206f7574223b733a31343a226368616e676550617373776f7264223b733a31353a224368616e67652050617373776f7264223b733a31313a226170706f69746d656e7473223b733a31313a224170706f69746d656e7473223b733a32383a226d61696e5f6865616c7468696e737572616e636570726f7669646572223b733a32363a224865616c746820496e737572616e63652050726f766964657273223b733a32323a226d61696e5f696e70617469656e745f686973746f7279223b733a31383a22496e2d50617469656e7420486973746f7279223b733a31343a226d61696e5f696e70617469656e74223b733a31313a22496e2d50617469656e7473223b733a31393a226d61696e5f686f73706974616c5f61646d696e223b733a31353a22486f73706974616c2041646d696e73223b733a31373a226d61696e5f617661696c6162696c697479223b733a31323a22417661696c6162696c697479223b733a31303a226d61696e5f6f74686572223b733a363a224f7468657273223b733a31303a226d61696e5f61626f7574223b733a353a2241626f7574223b733a373a227265706f727473223b733a373a225265706f727473223b733a363a226f7264657273223b733a363a224f7264657273223b733a31393a226d61696e5f70617469656e745f7265706f7274223b733a31343a2250617469656e74205265706f7274223b733a32323a226d61696e5f6170706f69746d656e745f7265706f7274223b733a31373a224170706f69746d656e74205265706f7274223b733a31323a226d7970756c73657573657273223b733a31333a224d7950756c7365205573657273223b733a31323a226d61696e5f6163636f756e74223b733a373a224163636f756e74223b733a31323a226d61696e5f636f756e747279223b733a383a22436f756e74727973223b733a31303a226d61696e5f7374617465223b733a363a22537461746573223b733a31333a226d61696e5f6469737472696374223b733a393a22446973747269637473223b733a393a226d61696e5f63697479223b733a353a224369747973223b7d, '', '2023-08-22 05:30:01', NULL, '0000-00-00 00:00:00', 1);

-- --------------------------------------------------------

--
-- Table structure for table `country`
--

CREATE TABLE `country` (
  `country_id` int(11) NOT NULL,
  `country_name` varchar(30) CHARACTER SET utf8 COLLATE utf8_unicode_ci NOT NULL,
  `created_by` varchar(15) CHARACTER SET utf8 COLLATE utf8_unicode_ci NOT NULL,
  `created_at` timestamp NOT NULL DEFAULT CURRENT_TIMESTAMP,
  `modified_by` varchar(15) CHARACTER SET utf8 COLLATE utf8_unicode_ci DEFAULT NULL,
  `modified_at` timestamp NOT NULL DEFAULT '0000-00-00 00:00:00',
  `row_status_cd` tinyint(4) NOT NULL DEFAULT '1' COMMENT '0-Deleted 1-Active 2-Inactive'
) ENGINE=InnoDB DEFAULT CHARSET=utf8;

--
-- Dumping data for table `country`
--

INSERT INTO `country` (`country_id`, `country_name`, `created_by`, `created_at`, `modified_by`, `modified_at`, `row_status_cd`) VALUES
(1, 'India', 'MPSA18_100001', '2019-04-30 15:46:39', NULL, '0000-00-00 00:00:00', 1),
(2, 'USA', 'MPSA18_100001', '2019-05-05 14:11:01', NULL, '0000-00-00 00:00:00', 1);

-- --------------------------------------------------------

--
-- Table structure for table `dbupdate_log`
--

CREATE TABLE `dbupdate_log` (
  `message` text COLLATE utf8_unicode_ci,
  `update_ts` timestamp NOT NULL DEFAULT CURRENT_TIMESTAMP ON UPDATE CURRENT_TIMESTAMP
) ENGINE=InnoDB DEFAULT CHARSET=utf8 COLLATE=utf8_unicode_ci;

--
-- Dumping data for table `dbupdate_log`
--

INSERT INTO `dbupdate_log` (`message`, `update_ts`) VALUES
('Database created on', '2019-04-30 15:41:07');

-- --------------------------------------------------------

--
-- Table structure for table `department`
--

CREATE TABLE `department` (
  `department_id` int(11) NOT NULL,
  `dept_name` varchar(30) CHARACTER SET utf8 COLLATE utf8_unicode_ci NOT NULL,
  `hospital_id` int(11) NOT NULL,
  `branch_id` int(11) NOT NULL,
  `description` varchar(250) CHARACTER SET utf8 COLLATE utf8_unicode_ci NOT NULL,
  `created_by` varchar(15) CHARACTER SET utf8 COLLATE utf8_unicode_ci NOT NULL,
  `created_at` timestamp NOT NULL DEFAULT CURRENT_TIMESTAMP,
  `modified_by` varchar(15) CHARACTER SET utf8 COLLATE utf8_unicode_ci DEFAULT NULL,
  `modified_at` timestamp NOT NULL DEFAULT '0000-00-00 00:00:00',
  `row_status_cd` tinyint(4) NOT NULL DEFAULT '1' COMMENT '0-Deleted 1-Active 2-Inactive'
) ENGINE=InnoDB DEFAULT CHARSET=utf8;

--
-- Dumping data for table `department`
--

INSERT INTO `department` (`department_id`, `dept_name`, `hospital_id`, `branch_id`, `description`, `created_by`, `created_at`, `modified_by`, `modified_at`, `row_status_cd`) VALUES
(1, 'D1', 1, 1, 'ADD', 'MPSA18_100001', '2019-04-30 16:02:08', NULL, '0000-00-00 00:00:00', 1),
(2, 'D1', 2, 2, 'ADD', 'MPSA18_100001', '2019-05-01 04:09:20', NULL, '0000-00-00 00:00:00', 1),
(3, 'D1', 3, 3, 'ADD', 'MPSA18_100001', '2019-05-01 04:10:45', NULL, '0000-00-00 00:00:00', 1);

-- --------------------------------------------------------

--
-- Table structure for table `district`
--

CREATE TABLE `district` (
  `district_id` int(11) NOT NULL,
  `dist_name` varchar(30) CHARACTER SET utf8 COLLATE utf8_unicode_ci NOT NULL,
  `country_id` int(11) NOT NULL,
  `state_id` int(11) NOT NULL,
  `created_by` varchar(15) CHARACTER SET utf8 COLLATE utf8_unicode_ci NOT NULL,
  `created_at` timestamp NOT NULL DEFAULT CURRENT_TIMESTAMP,
  `modified_by` varchar(15) CHARACTER SET utf8 COLLATE utf8_unicode_ci DEFAULT NULL,
  `modified_at` timestamp NOT NULL DEFAULT '0000-00-00 00:00:00',
  `row_status_cd` tinyint(4) NOT NULL DEFAULT '1' COMMENT '0-Deleted 1-Active 2-Inactive'
) ENGINE=InnoDB DEFAULT CHARSET=utf8;

--
-- Dumping data for table `district`
--

INSERT INTO `district` (`district_id`, `dist_name`, `country_id`, `state_id`, `created_by`, `created_at`, `modified_by`, `modified_at`, `row_status_cd`) VALUES
(1, 'Kadapa', 1, 1, 'MPSA18_100001', '2019-04-30 15:47:37', NULL, '0000-00-00 00:00:00', 1),
(2, 'USA - D', 2, 2, 'MPSA18_100001', '2019-05-05 14:11:44', NULL, '0000-00-00 00:00:00', 1);

-- --------------------------------------------------------

--
-- Table structure for table `doctors`
--

CREATE TABLE `doctors` (
  `doctor_id` int(11) NOT NULL,
  `unique_id` varchar(15) CHARACTER SET utf8 COLLATE utf8_unicode_ci NOT NULL,
  `name` varchar(30) CHARACTER SET utf8 COLLATE utf8_unicode_ci NOT NULL,
  `mname` varchar(30) CHARACTER SET utf8 COLLATE utf8_unicode_ci NOT NULL,
  `lname` varchar(30) CHARACTER SET utf8 COLLATE utf8_unicode_ci NOT NULL,
  `email` varchar(60) CHARACTER SET utf8 COLLATE utf8_unicode_ci NOT NULL,
  `password` varchar(70) CHARACTER SET utf8 COLLATE utf8_unicode_ci DEFAULT NULL,
  `address` varchar(250) CHARACTER SET utf8 COLLATE utf8_unicode_ci NOT NULL,
  `longitude` float(11,8) DEFAULT NULL,
  `latitude` float(11,8) DEFAULT NULL,
  `phone` varchar(15) CHARACTER SET utf8 COLLATE utf8_unicode_ci NOT NULL,
  `description` varchar(250) CHARACTER SET utf8 COLLATE utf8_unicode_ci NOT NULL,
  `gender` varchar(1) CHARACTER SET utf8 COLLATE utf8_unicode_ci NOT NULL COMMENT 'M-Male F-Female T-Transgender',
  `dob` date DEFAULT NULL,
  `aadhar` varchar(16) CHARACTER SET utf8 COLLATE utf8_unicode_ci NOT NULL,
  `qualification` varchar(60) CHARACTER SET utf8 COLLATE utf8_unicode_ci NOT NULL,
  `specializations` varchar(50) CHARACTER SET utf8 COLLATE utf8_unicode_ci NOT NULL,
  `experience` varchar(10) CHARACTER SET utf8 COLLATE utf8_unicode_ci NOT NULL,
  `registration` varchar(50) CHARACTER SET utf8 COLLATE utf8_unicode_ci NOT NULL,
  `hospital_id` int(11) NOT NULL,
  `branch_id` int(11) NOT NULL,
  `department_id` int(11) NOT NULL,
  `country_id` int(11) DEFAULT NULL,
  `state_id` int(11) DEFAULT NULL,
  `district_id` int(11) DEFAULT NULL,
  `city_id` int(11) DEFAULT NULL,
  `email_verify` tinyint(1) NOT NULL DEFAULT '2' COMMENT '1=yes,2=no',
  `mobile_verify` tinyint(1) NOT NULL DEFAULT '2' COMMENT '1=yes,2=no',
  `created_by` varchar(15) CHARACTER SET utf8 COLLATE utf8_unicode_ci NOT NULL,
  `created_at` datetime NOT NULL DEFAULT CURRENT_TIMESTAMP ON UPDATE CURRENT_TIMESTAMP,
  `modified_by` varchar(15) CHARACTER SET utf8 COLLATE utf8_unicode_ci DEFAULT NULL,
  `modified_at` timestamp NOT NULL DEFAULT CURRENT_TIMESTAMP ON UPDATE CURRENT_TIMESTAMP,
  `row_status_cd` tinyint(4) NOT NULL DEFAULT '1' COMMENT '0-Deleted 1-Active 2-Inactive'
) ENGINE=InnoDB DEFAULT CHARSET=utf8;

--
-- Dumping data for table `doctors`
--

INSERT INTO `doctors` (`doctor_id`, `unique_id`, `name`, `mname`, `lname`, `email`, `password`, `address`, `longitude`, `latitude`, `phone`, `description`, `gender`, `dob`, `aadhar`, `qualification`, `specializations`, `experience`, `registration`, `hospital_id`, `branch_id`, `department_id`, `country_id`, `state_id`, `district_id`, `city_id`, `email_verify`, `mobile_verify`, `created_by`, `created_at`, `modified_by`, `modified_at`, `row_status_cd`) VALUES
(1, 'MPD19_100001', 'Doctor1', '', '', 'd1@g.com', 'ca978112ca1bbdcafac231b39a23dc4da786eff8147c4e72b9807785afee48bb', '12/789', NULL, NULL, '1230056987', '', 'M', '1991-05-01', '', 'ABCDEF', '', '5 Years', '1200036', 1, 1, 1, 1, 1, 1, 1, 1, 1, 'MPSA18_100001', '2019-05-01 08:53:19', NULL, '2019-05-01 03:23:19', 1),
(5, 'MPD19_100002', 'Doctor 5', 'Doctor 1', 'Doctor 1', 'hd1@g.com', NULL, 'Mytrivanam, Sai Sarathi Nagar, Yella Reddy Guda, Hyderabad, Telangana, India', NULL, NULL, '7766666222', 'Doctor 1', '', NULL, '', '', '', '', '', 1, 1, 1, NULL, NULL, NULL, NULL, 2, 2, 'MPSA18_100001', '2019-06-03 08:28:05', 'MPSA18_100001', '2019-06-03 02:58:05', 1),
(7, 'MPD19_100003', 'Doctor 2', 'Doctor 2', 'Doctor 2', 'hd2@g.com', NULL, 'Unnamed Road, Rahmat Nagar, Jawahar Nagar, Hyderabad, Telangana 500045, India', NULL, NULL, '8855888888', 'Doctor 2', '', NULL, '', '', '', '', '', 3, 1, 1, NULL, NULL, NULL, NULL, 2, 2, 'MPSA18_100001', '2019-06-03 08:28:22', 'MPSA18_100001', '2019-06-03 02:58:22', 1);

-- --------------------------------------------------------

--
-- Table structure for table `feedback`
--

CREATE TABLE `feedback` (
  `id` int(11) NOT NULL,
  `customer_id` varchar(15) CHARACTER SET utf8 COLLATE utf8_unicode_ci NOT NULL,
  `feedback` varchar(250) CHARACTER SET utf8 COLLATE utf8_unicode_ci NOT NULL,
  `created_by` varchar(15) CHARACTER SET utf8 COLLATE utf8_unicode_ci NOT NULL,
  `created_at` timestamp NOT NULL DEFAULT CURRENT_TIMESTAMP,
  `modified_by` varchar(15) CHARACTER SET utf8 COLLATE utf8_unicode_ci DEFAULT NULL,
  `modified_at` timestamp NOT NULL DEFAULT '0000-00-00 00:00:00',
  `row_status_cd` tinyint(4) NOT NULL DEFAULT '1' COMMENT '0-Deleted 1-Active 2-Inactive'
) ENGINE=InnoDB DEFAULT CHARSET=utf8;

--
-- Dumping data for table `feedback`
--

INSERT INTO `feedback` (`id`, `customer_id`, `feedback`, `created_by`, `created_at`, `modified_by`, `modified_at`, `row_status_cd`) VALUES
(1, 'MPHA19_100001', 'hiiii', 'MPSA18_100001', '2019-05-05 14:09:48', NULL, '0000-00-00 00:00:00', 1),
(2, 'MPHA19_100002', 'hiiihiiihiii', 'MPSA18_100001', '2019-05-05 14:15:19', 'MPSA18_100001', '2019-05-09 02:51:44', 0);

-- --------------------------------------------------------

--
-- Table structure for table `health_insurance_provider`
--

CREATE TABLE `health_insurance_provider` (
  `health_insurance_provider_id` int(11) NOT NULL,
  `health_ins_prov_name` varchar(30) CHARACTER SET utf8 COLLATE utf8_unicode_ci NOT NULL,
  `created_by` varchar(15) CHARACTER SET utf8 COLLATE utf8_unicode_ci NOT NULL,
  `created_at` timestamp NOT NULL DEFAULT CURRENT_TIMESTAMP,
  `modified_by` varchar(15) CHARACTER SET utf8 COLLATE utf8_unicode_ci DEFAULT NULL,
  `modified_at` timestamp NOT NULL DEFAULT '0000-00-00 00:00:00',
  `row_status_cd` tinyint(4) NOT NULL DEFAULT '1' COMMENT '0-Deleted 1-Active 2-Inactive'
) ENGINE=InnoDB DEFAULT CHARSET=utf8;

-- --------------------------------------------------------

--
-- Table structure for table `hospitaladmins`
--

CREATE TABLE `hospitaladmins` (
  `admin_id` int(11) NOT NULL,
  `unique_id` varchar(15) COLLATE utf8_unicode_ci NOT NULL,
  `hospital_id` int(11) NOT NULL,
  `name` varchar(30) COLLATE utf8_unicode_ci NOT NULL,
  `mname` varchar(30) COLLATE utf8_unicode_ci NOT NULL,
  `lname` varchar(30) COLLATE utf8_unicode_ci NOT NULL,
  `email` varchar(60) COLLATE utf8_unicode_ci NOT NULL,
  `password` varchar(70) COLLATE utf8_unicode_ci DEFAULT NULL,
  `phone` varchar(15) COLLATE utf8_unicode_ci NOT NULL,
  `address` varchar(250) COLLATE utf8_unicode_ci NOT NULL,
  `longitude` float(11,8) DEFAULT NULL,
  `latitude` float(11,8) DEFAULT NULL,
  `country_id` int(11) DEFAULT NULL,
  `state_id` int(11) DEFAULT NULL,
  `district_id` int(11) DEFAULT NULL,
  `city_id` int(11) DEFAULT NULL,
  `aadhar` varchar(16) COLLATE utf8_unicode_ci NOT NULL,
  `gender` varchar(1) COLLATE utf8_unicode_ci NOT NULL COMMENT 'M-Male F-Female T-Transgender',
  `dob` date DEFAULT NULL,
  `qualification` varchar(60) COLLATE utf8_unicode_ci NOT NULL,
  `profession` varchar(60) COLLATE utf8_unicode_ci NOT NULL,
  `experience` varchar(10) COLLATE utf8_unicode_ci NOT NULL,
  `description` varchar(250) COLLATE utf8_unicode_ci NOT NULL,
  `email_verify` tinyint(1) NOT NULL DEFAULT '2' COMMENT '1=yes,2=no',
  `mobile_verify` tinyint(1) NOT NULL DEFAULT '2' COMMENT '1=yes,2=no',
  `created_by` varchar(15) COLLATE utf8_unicode_ci NOT NULL,
  `created_at` timestamp NOT NULL DEFAULT CURRENT_TIMESTAMP,
  `modified_by` varchar(15) COLLATE utf8_unicode_ci DEFAULT NULL,
  `modified_at` timestamp NOT NULL DEFAULT '0000-00-00 00:00:00',
  `row_status_cd` tinyint(4) NOT NULL DEFAULT '1' COMMENT '0-Deleted 1-Active 2-Inactive'
) ENGINE=InnoDB DEFAULT CHARSET=utf8 COLLATE=utf8_unicode_ci;

--
-- Dumping data for table `hospitaladmins`
--

INSERT INTO `hospitaladmins` (`admin_id`, `unique_id`, `hospital_id`, `name`, `mname`, `lname`, `email`, `password`, `phone`, `address`, `longitude`, `latitude`, `country_id`, `state_id`, `district_id`, `city_id`, `aadhar`, `gender`, `dob`, `qualification`, `profession`, `experience`, `description`, `email_verify`, `mobile_verify`, `created_by`, `created_at`, `modified_by`, `modified_at`, `row_status_cd`) VALUES
(1, 'MPHA19_100001', 1, 'HA1', '', '', 'ha1@g.com', 'ca978112ca1bbdcafac231b39a23dc4da786eff8147c4e72b9807785afee48bb', '8121815510', 'Mytrivanam Bus Stop, Sanjeeva Reddy Nagar Road, Srinivasa Nagar, Ameerpet, Hyderabad, Telangana, India', NULL, NULL, 1, 1, 1, 1, '', 'M', '1992-04-02', 'ABCDEF', 'LGD', '5 Years', '', 1, 1, 'MPSA18_100001', '2019-04-30 15:59:34', 'MPSA18_100001', '2019-05-29 02:40:38', 1),
(2, 'MPHA19_100002', 2, 'HA2', '', '', 'ha2@g.com', 'ca978112ca1bbdcafac231b39a23dc4da786eff8147c4e72b9807785afee48bb', '102036663', 'dshsfbjsbdfkhdhfdhkfsdfjdfjk', NULL, NULL, 1, 1, 1, 1, '', 'F', '1991-04-10', 'KASS', 'LASD', '5 Years', '', 1, 1, 'MPSA18_100001', '2019-04-30 16:00:58', 'MPSA18_100001', '2019-05-30 04:46:36', 1),
(12, 'MPHA19_100003', 6, 'Hospital Admin1', 'Hospital Admin1', 'Hospital Admin1', 'hadmin1@g.com', NULL, '7755666555', '', NULL, NULL, NULL, NULL, NULL, NULL, '', '', NULL, '', '', '', 'Hospital Admin1', 2, 2, 'MPSA18_100001', '2019-05-02 01:48:52', 'MPSA18_100001', '2021-05-03 01:30:09', 1);

-- --------------------------------------------------------

--
-- Table structure for table `hospitals`
--

CREATE TABLE `hospitals` (
  `hospital_id` int(11) NOT NULL,
  `unique_id` varchar(15) CHARACTER SET utf8 COLLATE utf8_unicode_ci NOT NULL,
  `name` varchar(30) CHARACTER SET utf8 COLLATE utf8_unicode_ci NOT NULL,
  `address` varchar(250) CHARACTER SET utf8 COLLATE utf8_unicode_ci DEFAULT NULL,
  `longitude` float(11,8) DEFAULT NULL,
  `latitude` float(11,8) DEFAULT NULL,
  `description` varchar(250) CHARACTER SET utf8 COLLATE utf8_unicode_ci NOT NULL,
  `phone_number` varchar(15) CHARACTER SET utf8 COLLATE utf8_unicode_ci DEFAULT NULL,
  `email` varchar(60) CHARACTER SET utf8 COLLATE utf8_unicode_ci DEFAULT NULL,
  `license_category` varchar(60) CHARACTER SET utf8 COLLATE utf8_unicode_ci DEFAULT NULL,
  `city_id` int(11) DEFAULT NULL,
  `district_id` int(11) DEFAULT NULL,
  `state_id` int(11) DEFAULT NULL,
  `country_id` int(11) DEFAULT NULL,
  `md_name` varchar(30) CHARACTER SET utf8 COLLATE utf8_unicode_ci NOT NULL,
  `md_contact_number` varchar(15) CHARACTER SET utf8 COLLATE utf8_unicode_ci NOT NULL,
  `license` int(11) NOT NULL,
  `license_status` tinyint(4) NOT NULL DEFAULT '2' COMMENT '1=active,2=inactive',
  `from_date` date DEFAULT NULL,
  `till_date` date DEFAULT NULL,
  `created_by` varchar(15) CHARACTER SET utf8 COLLATE utf8_unicode_ci NOT NULL,
  `created_at` timestamp NOT NULL DEFAULT CURRENT_TIMESTAMP,
  `modified_by` varchar(15) CHARACTER SET utf8 COLLATE utf8_unicode_ci DEFAULT NULL,
  `modified_at` timestamp NOT NULL DEFAULT '0000-00-00 00:00:00',
  `row_status_cd` tinyint(4) NOT NULL DEFAULT '1' COMMENT '0-Deleted 1-Active 2-Inactive'
) ENGINE=InnoDB DEFAULT CHARSET=utf8;

--
-- Dumping data for table `hospitals`
--

INSERT INTO `hospitals` (`hospital_id`, `unique_id`, `name`, `address`, `longitude`, `latitude`, `description`, `phone_number`, `email`, `license_category`, `city_id`, `district_id`, `state_id`, `country_id`, `md_name`, `md_contact_number`, `license`, `license_status`, `from_date`, `till_date`, `created_by`, `created_at`, `modified_by`, `modified_at`, `row_status_cd`) VALUES
(1, 'MPH19_100001', 'H1', 'Unnamed Road, Rahmat Nagar, Jawahar Nagar, Hyderabad, Telangana 500045, India', NULL, NULL, 'asd', '1234567891', 'h1@g.com', NULL, 1, 1, 1, 1, 'lasd', '1234567891', 1, 2, '2019-04-30', '2020-05-25', 'MPSA18_100001', '2019-04-30 15:53:56', 'MPSA18_100001', '2019-05-30 01:52:59', 1),
(2, 'MPH19_100002', 'H2', '12/789', NULL, NULL, 'LASD', '0101205999', 'h2@g.com', NULL, 1, 1, 1, 1, 'LASS', '0120666666', 1, 2, '2019-05-02', '2020-06-18', 'MPSA18_100001', '2019-05-01 04:06:04', 'MPSA18_100001', '2019-05-20 02:40:25', 1),
(3, 'MPH19_100003', 'H3', '12/888', NULL, NULL, 'AKS', '1010255555', 'h3@g.com', NULL, 1, 1, 1, 1, 'LADq', '0202555565', 1, 2, '2019-05-05', '2020-07-31', 'MPSA18_100001', '2019-05-01 04:06:56', NULL, '0000-00-00 00:00:00', 2),
(4, 'MPH19_100004', 'H4', '12', NULL, NULL, 'LDD', '1023333369', 'h4@g.com', NULL, 1, 1, 1, 1, 'KALS', '0101222569', 1, 2, '2019-05-10', '2020-08-26', 'MPSA18_100001', '2019-05-01 04:07:48', NULL, '0000-00-00 00:00:00', 1),
(5, 'MPH19_100005', 'H5', '212/789', NULL, NULL, 'LASqAKS', '2020366669', 'h5@g.com', NULL, 1, 1, 1, 1, 'MASS', '0101222225', 1, 2, '2019-05-02', '2020-06-11', 'MPSA18_100001', '2019-05-01 04:08:35', 'MPSA18_100001', '2019-05-17 02:41:59', 1),
(6, 'MPH19_100006', 'Hospital1', 'kurnool', 79.73999023, 15.91289997, 'HYDERABAD', '7788445555', 'hospital1@g.com', NULL, 1, 1, 1, 1, 'Hospital ', '7788445555', 1, 2, '2019-05-03', '2020-05-03', 'MPSA18_100001', '2019-05-02 01:32:17', 'MPSA18_100001', '2020-03-30 10:27:34', 1);

-- --------------------------------------------------------

--
-- Table structure for table `inpatient`
--

CREATE TABLE `inpatient` (
  `id` int(11) NOT NULL,
  `user_id` int(11) NOT NULL,
  `bed_id` int(11) DEFAULT NULL,
  `hospital_id` int(11) NOT NULL,
  `doctor_id` int(11) NOT NULL,
  `join_date` datetime DEFAULT NULL,
  `discharged_date` datetime DEFAULT NULL,
  `reason` varchar(250) CHARACTER SET utf8 COLLATE utf8_unicode_ci NOT NULL,
  `inpatient_status` tinyint(4) NOT NULL DEFAULT '1' COMMENT '0- recommended, 1- admitted, 2-discharged',
  `show_status` tinyint(4) NOT NULL DEFAULT '1' COMMENT '1=show,2=hide',
  `created_by` varchar(15) CHARACTER SET utf8 COLLATE utf8_unicode_ci NOT NULL,
  `created_at` timestamp NOT NULL DEFAULT CURRENT_TIMESTAMP,
  `modified_by` varchar(15) CHARACTER SET utf8 COLLATE utf8_unicode_ci DEFAULT NULL,
  `modified_at` timestamp NOT NULL DEFAULT '0000-00-00 00:00:00',
  `row_status_cd` tinyint(4) NOT NULL DEFAULT '1' COMMENT '0-Deleted 1-Active 2-Inactive'
) ENGINE=InnoDB DEFAULT CHARSET=utf8;

--
-- Dumping data for table `inpatient`
--

INSERT INTO `inpatient` (`id`, `user_id`, `bed_id`, `hospital_id`, `doctor_id`, `join_date`, `discharged_date`, `reason`, `inpatient_status`, `show_status`, `created_by`, `created_at`, `modified_by`, `modified_at`, `row_status_cd`) VALUES
(1, 3, 1, 1, 1, '2019-05-01 13:34:31', NULL, 'New Reason 1', 1, 1, 'MPSA18_100001', '2019-05-01 08:04:31', NULL, '0000-00-00 00:00:00', 1),
(2, 8, 3, 3, 1, '2019-05-02 22:59:43', NULL, 'Normal', 1, 1, 'MPSA18_100001', '2019-05-02 17:29:43', NULL, '0000-00-00 00:00:00', 1),
(72, 3, NULL, 1, 1, NULL, NULL, '', 0, 1, '', '2019-05-16 03:19:01', NULL, '0000-00-00 00:00:00', 1),
(73, 3, NULL, 1, 1, NULL, NULL, '', 0, 1, 'MPD19_100001', '2019-05-16 03:19:22', NULL, '0000-00-00 00:00:00', 1),
(74, 3, NULL, 1, 1, NULL, NULL, '', 0, 1, 'MPD19_100001', '2019-05-16 03:20:14', NULL, '0000-00-00 00:00:00', 1),
(75, 3, NULL, 1, 1, NULL, NULL, '', 0, 1, 'MPD19_100001', '2019-05-16 03:26:25', NULL, '0000-00-00 00:00:00', 1);

-- --------------------------------------------------------

--
-- Table structure for table `inpatient_history`
--

CREATE TABLE `inpatient_history` (
  `id` int(11) NOT NULL,
  `in_patient_id` int(11) NOT NULL,
  `created_date` datetime DEFAULT NULL,
  `note` text CHARACTER SET utf8 COLLATE utf8_unicode_ci NOT NULL,
  `created_by` varchar(15) CHARACTER SET utf8 COLLATE utf8_unicode_ci NOT NULL,
  `created_at` timestamp NOT NULL DEFAULT CURRENT_TIMESTAMP,
  `modified_by` varchar(15) CHARACTER SET utf8 COLLATE utf8_unicode_ci DEFAULT NULL,
  `modified_at` timestamp NOT NULL DEFAULT '0000-00-00 00:00:00',
  `row_status_cd` tinyint(4) NOT NULL DEFAULT '1' COMMENT '0-Deleted 1-Active 2-Inactive'
) ENGINE=InnoDB DEFAULT CHARSET=utf8;

--
-- Dumping data for table `inpatient_history`
--

INSERT INTO `inpatient_history` (`id`, `in_patient_id`, `created_date`, `note`, `created_by`, `created_at`, `modified_by`, `modified_at`, `row_status_cd`) VALUES
(1, 1, NULL, 'Joined As In-Patient and Status as Admitted.', 'MPSA18_100001', '2019-05-01 08:04:31', NULL, '0000-00-00 00:00:00', 1),
(2, 2, NULL, 'Joined As In-Patient and Status as Admitted.', 'MPSA18_100001', '2019-05-02 17:29:43', NULL, '0000-00-00 00:00:00', 1),
(3, 73, NULL, 'Joined As In-Patient and Status as recommended.', 'MPD19_100001', '2019-05-16 03:19:22', NULL, '0000-00-00 00:00:00', 1),
(4, 74, NULL, 'Joined As In-Patient and Status as recommended.', 'MPD19_100001', '2019-05-16 03:20:14', NULL, '0000-00-00 00:00:00', 1),
(5, 75, NULL, 'Joined As In-Patient and Status as recommended.', 'MPD19_100001', '2019-05-16 03:26:25', NULL, '0000-00-00 00:00:00', 1);

-- --------------------------------------------------------

--
-- Table structure for table `keys`
--

CREATE TABLE `keys` (
  `id` int(11) NOT NULL,
  `user_id` int(11) NOT NULL,
  `key` varchar(40) CHARACTER SET utf8 COLLATE utf8_unicode_ci NOT NULL,
  `level` int(2) NOT NULL,
  `ignore_limits` tinyint(1) NOT NULL DEFAULT '0',
  `is_private_key` tinyint(1) NOT NULL DEFAULT '0',
  `ip_addresses` text CHARACTER SET utf8 COLLATE utf8_unicode_ci,
  `date_created` int(11) NOT NULL
) ENGINE=InnoDB DEFAULT CHARSET=utf8;

--
-- Dumping data for table `keys`
--

INSERT INTO `keys` (`id`, `user_id`, `key`, `level`, `ignore_limits`, `is_private_key`, `ip_addresses`, `date_created`) VALUES
(1, 0, 'MyPulse@007', 0, 0, 0, NULL, 0);

-- --------------------------------------------------------

--
-- Table structure for table `language`
--

CREATE TABLE `language` (
  `language_id` int(11) NOT NULL,
  `lang_name` varchar(30) COLLATE utf8_unicode_ci NOT NULL,
  `created_by` varchar(15) COLLATE utf8_unicode_ci NOT NULL,
  `created_at` timestamp NOT NULL DEFAULT CURRENT_TIMESTAMP,
  `modified_by` varchar(15) COLLATE utf8_unicode_ci DEFAULT NULL,
  `modified_at` timestamp NOT NULL DEFAULT '0000-00-00 00:00:00',
  `row_status_cd` tinyint(4) NOT NULL DEFAULT '1' COMMENT '0-Deleted 1-Active 2-Inactive'
) ENGINE=InnoDB DEFAULT CHARSET=utf8 COLLATE=utf8_unicode_ci;

--
-- Dumping data for table `language`
--

INSERT INTO `language` (`language_id`, `lang_name`, `created_by`, `created_at`, `modified_by`, `modified_at`, `row_status_cd`) VALUES
(1, 'Hindi', '', '2021-05-03 01:32:25', NULL, '0000-00-00 00:00:00', 1),
(2, 'English', '', '2021-05-03 01:33:03', NULL, '0000-00-00 00:00:00', 1);

-- --------------------------------------------------------

--
-- Table structure for table `leave_message`
--

CREATE TABLE `leave_message` (
  `id` int(11) NOT NULL,
  `unique_id` varchar(30) DEFAULT NULL,
  `first_name` varchar(30) CHARACTER SET utf8 COLLATE utf8_unicode_ci NOT NULL,
  `last_name` varchar(30) CHARACTER SET utf8 COLLATE utf8_unicode_ci NOT NULL,
  `email` varchar(60) CHARACTER SET utf8 COLLATE utf8_unicode_ci NOT NULL,
  `mobile` varchar(15) CHARACTER SET utf8 COLLATE utf8_unicode_ci NOT NULL,
  `message` text CHARACTER SET utf8 COLLATE utf8_unicode_ci NOT NULL,
  `created_by` varchar(15) CHARACTER SET utf8 COLLATE utf8_unicode_ci NOT NULL,
  `created_at` datetime NOT NULL DEFAULT CURRENT_TIMESTAMP,
  `modified_by` varchar(15) CHARACTER SET utf8 COLLATE utf8_unicode_ci DEFAULT NULL,
  `modified_at` timestamp NOT NULL DEFAULT CURRENT_TIMESTAMP ON UPDATE CURRENT_TIMESTAMP,
  `row_status_cd` tinyint(4) NOT NULL DEFAULT '1' COMMENT '0-Deleted 1-Active 2-Inactive'
) ENGINE=InnoDB DEFAULT CHARSET=utf8;

--
-- Dumping data for table `leave_message`
--

INSERT INTO `leave_message` (`id`, `unique_id`, `first_name`, `last_name`, `email`, `mobile`, `message`, `created_by`, `created_at`, `modified_by`, `modified_at`, `row_status_cd`) VALUES
(1, 'MPU19_100001', '', '', '', '', 'hi this is for testing', '', '2019-05-31 09:01:18', NULL, '2019-05-31 04:25:18', 2);

-- --------------------------------------------------------

--
-- Table structure for table `license`
--

CREATE TABLE `license` (
  `license_id` int(11) NOT NULL,
  `license_category_id` int(11) NOT NULL,
  `license_code` varchar(20) CHARACTER SET utf8 COLLATE utf8_unicode_ci NOT NULL,
  `license_name` varchar(30) CHARACTER SET utf8 COLLATE utf8_unicode_ci NOT NULL,
  `description` text CHARACTER SET utf8 COLLATE utf8_unicode_ci NOT NULL,
  `created_by` varchar(15) CHARACTER SET utf8 COLLATE utf8_unicode_ci NOT NULL,
  `created_at` timestamp NOT NULL DEFAULT CURRENT_TIMESTAMP,
  `modified_by` varchar(15) CHARACTER SET utf8 COLLATE utf8_unicode_ci DEFAULT NULL,
  `modified_at` timestamp NOT NULL DEFAULT '0000-00-00 00:00:00',
  `row_status_cd` tinyint(4) NOT NULL DEFAULT '1' COMMENT '0-Deleted 1-Active 2-Inactive'
) ENGINE=InnoDB DEFAULT CHARSET=utf8;

--
-- Dumping data for table `license`
--

INSERT INTO `license` (`license_id`, `license_category_id`, `license_code`, `license_name`, `description`, `created_by`, `created_at`, `modified_by`, `modified_at`, `row_status_cd`) VALUES
(1, 2, 'HA', 'HA', 'Adding License', 'MPSA18_100001', '2019-04-30 15:48:37', NULL, '0000-00-00 00:00:00', 1);

-- --------------------------------------------------------

--
-- Table structure for table `license_category`
--

CREATE TABLE `license_category` (
  `license_category_id` int(11) NOT NULL,
  `license_category_code` varchar(15) CHARACTER SET utf8 COLLATE utf8_unicode_ci NOT NULL,
  `lic_category_name` varchar(30) CHARACTER SET utf8 COLLATE utf8_unicode_ci NOT NULL,
  `description` text CHARACTER SET utf8 COLLATE utf8_unicode_ci NOT NULL,
  `created_by` varchar(15) CHARACTER SET utf8 COLLATE utf8_unicode_ci NOT NULL,
  `created_at` timestamp NOT NULL DEFAULT CURRENT_TIMESTAMP,
  `modified_by` varchar(15) CHARACTER SET utf8 COLLATE utf8_unicode_ci DEFAULT NULL,
  `modified_at` timestamp NOT NULL DEFAULT '0000-00-00 00:00:00',
  `row_status_cd` tinyint(4) NOT NULL DEFAULT '1' COMMENT '0-Deleted 1-Active 2-Inactive'
) ENGINE=InnoDB DEFAULT CHARSET=utf8;

--
-- Dumping data for table `license_category`
--

INSERT INTO `license_category` (`license_category_id`, `license_category_code`, `lic_category_name`, `description`, `created_by`, `created_at`, `modified_by`, `modified_at`, `row_status_cd`) VALUES
(1, 'MPCL_19001', 'Clinic', 'Clinic', 'System', '2019-04-30 15:41:07', NULL, '0000-00-00 00:00:00', 1),
(2, 'MPHL_19002', 'Hospital', 'Hospital', 'System', '2019-04-30 15:41:07', NULL, '0000-00-00 00:00:00', 1),
(3, 'MPMS_19003', 'Medical Stores', 'Medical Store', 'System', '2019-04-30 15:41:07', NULL, '0000-00-00 00:00:00', 1),
(4, 'MPML_19004', 'Medical Lab ', 'Medical Lab ', 'System', '2019-04-30 15:41:07', NULL, '0000-00-00 00:00:00', 1),
(5, 'MPBB_19005', 'Blood Bank', 'Blood Bank', 'System', '2019-04-30 15:41:07', NULL, '0000-00-00 00:00:00', 1);

-- --------------------------------------------------------

--
-- Table structure for table `login_details`
--

CREATE TABLE `login_details` (
  `id` int(11) NOT NULL,
  `unique_id` varchar(15) CHARACTER SET utf8 COLLATE utf8_unicode_ci NOT NULL,
  `login_at` timestamp NOT NULL DEFAULT CURRENT_TIMESTAMP,
  `logout_at` timestamp NULL DEFAULT NULL
) ENGINE=InnoDB DEFAULT CHARSET=utf8;

--
-- Dumping data for table `login_details`
--

INSERT INTO `login_details` (`id`, `unique_id`, `login_at`, `logout_at`) VALUES
(1, 'MPSA18_100001', '2023-08-22 05:30:53', '2019-10-26 03:45:10'),
(2, 'MPD19_100001', '2019-10-25 19:45:48', '2019-05-17 03:09:59'),
(3, 'MPR19_100001', '2019-05-09 02:37:34', '2019-05-09 02:45:09'),
(4, 'MPN19_100001', '2019-05-07 02:05:15', '2019-05-07 02:05:57'),
(5, 'MPS19_100001', '2019-10-26 03:46:47', '2019-10-26 03:46:47'),
(6, 'MPL19_100001', '2019-05-07 02:13:55', '2019-05-01 03:29:55'),
(7, 'MPHA19_100001', '2019-05-01 03:30:13', '2019-05-01 03:30:22'),
(8, 'MPHA19_100002', '2019-05-01 03:30:28', '2019-05-01 03:30:37'),
(9, 'MPU19_100001', '2019-10-26 03:45:16', '2019-06-03 18:48:26'),
(10, 'MPU19_100005', '2019-05-18 03:57:15', '2019-05-18 03:57:26'),
(11, 'MPU19_100006', '2019-05-19 06:02:07', '2019-05-19 06:38:54'),
(12, 'MPU19_100010', '2019-06-02 05:52:44', NULL);

-- --------------------------------------------------------

--
-- Table structure for table `medicallabs`
--

CREATE TABLE `medicallabs` (
  `lab_id` int(11) NOT NULL,
  `unique_id` varchar(15) CHARACTER SET utf8 COLLATE utf8_unicode_ci NOT NULL,
  `name` varchar(30) CHARACTER SET utf8 COLLATE utf8_unicode_ci NOT NULL,
  `description` varchar(250) CHARACTER SET utf8 COLLATE utf8_unicode_ci NOT NULL,
  `address` varchar(250) CHARACTER SET utf8 COLLATE utf8_unicode_ci NOT NULL,
  `longitude` float(11,8) DEFAULT NULL,
  `latitude` float(11,8) DEFAULT NULL,
  `phone` varchar(15) CHARACTER SET utf8 COLLATE utf8_unicode_ci NOT NULL,
  `owner_name` varchar(30) CHARACTER SET utf8 COLLATE utf8_unicode_ci NOT NULL,
  `owner_mobile` varchar(15) CHARACTER SET utf8 COLLATE utf8_unicode_ci NOT NULL,
  `hospital_id` int(11) NOT NULL,
  `branch_id` int(11) NOT NULL,
  `fname` varchar(30) CHARACTER SET utf8 COLLATE utf8_unicode_ci NOT NULL,
  `lname` varchar(30) CHARACTER SET utf8 COLLATE utf8_unicode_ci NOT NULL,
  `email` varchar(60) CHARACTER SET utf8 COLLATE utf8_unicode_ci NOT NULL,
  `password` varchar(70) CHARACTER SET utf8 COLLATE utf8_unicode_ci DEFAULT NULL,
  `aadhar` varchar(16) CHARACTER SET utf8 COLLATE utf8_unicode_ci NOT NULL,
  `gender` varchar(1) CHARACTER SET utf8 COLLATE utf8_unicode_ci NOT NULL,
  `dob` date DEFAULT NULL,
  `in_address` varchar(250) CHARACTER SET utf8 COLLATE utf8_unicode_ci NOT NULL,
  `profession` varchar(60) CHARACTER SET utf8 COLLATE utf8_unicode_ci NOT NULL,
  `qualification` varchar(60) CHARACTER SET utf8 COLLATE utf8_unicode_ci NOT NULL,
  `experience` varchar(10) CHARACTER SET utf8 COLLATE utf8_unicode_ci NOT NULL,
  `in_mobile` varchar(15) CHARACTER SET utf8 COLLATE utf8_unicode_ci NOT NULL,
  `country_id` int(11) DEFAULT NULL,
  `state_id` int(11) DEFAULT NULL,
  `district_id` int(11) DEFAULT NULL,
  `city_id` int(11) DEFAULT NULL,
  `email_verify` tinyint(1) NOT NULL DEFAULT '2' COMMENT '1=yes,2=no',
  `mobile_verify` tinyint(1) NOT NULL DEFAULT '2' COMMENT '1=yes,2=no',
  `created_by` varchar(15) CHARACTER SET utf8 COLLATE utf8_unicode_ci NOT NULL,
  `created_at` timestamp NOT NULL DEFAULT CURRENT_TIMESTAMP,
  `modified_by` varchar(15) CHARACTER SET utf8 COLLATE utf8_unicode_ci DEFAULT NULL,
  `modified_at` timestamp NOT NULL DEFAULT '0000-00-00 00:00:00',
  `row_status_cd` tinyint(4) NOT NULL DEFAULT '1' COMMENT '0-Deleted 1-Active 2-Inactive'
) ENGINE=InnoDB DEFAULT CHARSET=utf8;

--
-- Dumping data for table `medicallabs`
--

INSERT INTO `medicallabs` (`lab_id`, `unique_id`, `name`, `description`, `address`, `longitude`, `latitude`, `phone`, `owner_name`, `owner_mobile`, `hospital_id`, `branch_id`, `fname`, `lname`, `email`, `password`, `aadhar`, `gender`, `dob`, `in_address`, `profession`, `qualification`, `experience`, `in_mobile`, `country_id`, `state_id`, `district_id`, `city_id`, `email_verify`, `mobile_verify`, `created_by`, `created_at`, `modified_by`, `modified_at`, `row_status_cd`) VALUES
(1, 'MPL19_100001', 'ML1', 'add', '12/5555', NULL, NULL, '0000001478', 'MAN', '1020366558', 1, 1, 'MASS', 'LASS', 'ml1@g.com', 'ca978112ca1bbdcafac231b39a23dc4da786eff8147c4e72b9807785afee48bb', '', 'F', '1959-05-01', '12', '', 'ABCDEF', '8 Years', '1020555555', 1, 1, 1, 1, 1, 1, '', '2019-05-01 03:20:00', 'MPSA18_100001', '2019-05-01 03:20:16', 1),
(2, 'MPL19_100002', 'Medical Lab2', 'Medical Lab2', '', NULL, NULL, '8877774555', 'Medical Lab2', '8877774555', 1, 1, '', '', 'ml2@g.com', NULL, '', '', NULL, '', '', '', '', '', NULL, NULL, NULL, NULL, 2, 2, '', '2019-05-02 17:22:31', NULL, '2019-05-02 17:22:31', 1),
(3, 'MPL19_100003', 'mahesh', 'First Term Fee', 'SR Nagar, Hyderabad, Telangana, India', NULL, NULL, '1212121333', 'sdsds', '1212121333', 1, 1, '', '', 'ml10@g.com', NULL, '', '', NULL, '', '', '', '', '', NULL, NULL, NULL, NULL, 2, 2, '', '2019-05-29 02:06:55', 'MPSA18_100001', '2019-05-29 02:07:25', 1);

-- --------------------------------------------------------

--
-- Table structure for table `medicalstores`
--

CREATE TABLE `medicalstores` (
  `store_id` int(11) NOT NULL,
  `unique_id` varchar(15) CHARACTER SET utf8 COLLATE utf8_unicode_ci NOT NULL,
  `name` varchar(30) CHARACTER SET utf8 COLLATE utf8_unicode_ci NOT NULL,
  `description` varchar(250) CHARACTER SET utf8 COLLATE utf8_unicode_ci NOT NULL,
  `address` varchar(250) CHARACTER SET utf8 COLLATE utf8_unicode_ci NOT NULL,
  `longitude` float(11,8) DEFAULT NULL,
  `latitude` float(11,8) DEFAULT NULL,
  `phone` varchar(15) CHARACTER SET utf8 COLLATE utf8_unicode_ci NOT NULL,
  `owner_name` varchar(30) CHARACTER SET utf8 COLLATE utf8_unicode_ci NOT NULL,
  `owner_mobile` varchar(15) CHARACTER SET utf8 COLLATE utf8_unicode_ci NOT NULL,
  `hospital_id` int(11) NOT NULL,
  `branch_id` int(11) NOT NULL,
  `fname` varchar(30) CHARACTER SET utf8 COLLATE utf8_unicode_ci NOT NULL,
  `lname` varchar(30) CHARACTER SET utf8 COLLATE utf8_unicode_ci NOT NULL,
  `email` varchar(60) CHARACTER SET utf8 COLLATE utf8_unicode_ci NOT NULL,
  `password` varchar(70) CHARACTER SET utf8 COLLATE utf8_unicode_ci DEFAULT NULL,
  `aadhar` varchar(16) CHARACTER SET utf8 COLLATE utf8_unicode_ci NOT NULL,
  `gender` varchar(1) CHARACTER SET utf8 COLLATE utf8_unicode_ci NOT NULL,
  `dob` date DEFAULT NULL,
  `in_address` varchar(250) CHARACTER SET utf8 COLLATE utf8_unicode_ci NOT NULL,
  `profession` varchar(60) CHARACTER SET utf8 COLLATE utf8_unicode_ci NOT NULL,
  `qualification` varchar(60) CHARACTER SET utf8 COLLATE utf8_unicode_ci NOT NULL,
  `experience` varchar(10) CHARACTER SET utf8 COLLATE utf8_unicode_ci NOT NULL,
  `country_id` int(11) DEFAULT NULL,
  `state_id` int(11) DEFAULT NULL,
  `district_id` int(11) DEFAULT NULL,
  `city_id` int(11) DEFAULT NULL,
  `email_verify` tinyint(1) NOT NULL DEFAULT '2' COMMENT '1=yes,2=no',
  `mobile_verify` tinyint(1) NOT NULL DEFAULT '2' COMMENT '1=yes,2=no',
  `created_by` varchar(15) CHARACTER SET utf8 COLLATE utf8_unicode_ci NOT NULL,
  `created_at` timestamp NOT NULL DEFAULT CURRENT_TIMESTAMP,
  `modified_by` varchar(15) CHARACTER SET utf8 COLLATE utf8_unicode_ci DEFAULT NULL,
  `modified_at` timestamp NOT NULL DEFAULT '0000-00-00 00:00:00',
  `row_status_cd` tinyint(4) NOT NULL DEFAULT '1' COMMENT '0-Deleted 1-Active 2-Inactive'
) ENGINE=InnoDB DEFAULT CHARSET=utf8;

--
-- Dumping data for table `medicalstores`
--

INSERT INTO `medicalstores` (`store_id`, `unique_id`, `name`, `description`, `address`, `longitude`, `latitude`, `phone`, `owner_name`, `owner_mobile`, `hospital_id`, `branch_id`, `fname`, `lname`, `email`, `password`, `aadhar`, `gender`, `dob`, `in_address`, `profession`, `qualification`, `experience`, `country_id`, `state_id`, `district_id`, `city_id`, `email_verify`, `mobile_verify`, `created_by`, `created_at`, `modified_by`, `modified_at`, `row_status_cd`) VALUES
(1, 'MPS19_100001', 'MS1', 'ADD', 'bhsebfkhsekfbe', NULL, NULL, '1023366666', 'MASS', '0000000001', 1, 1, 'NASS', 'MASS', 'ms1@g.com', 'ca978112ca1bbdcafac231b39a23dc4da786eff8147c4e72b9807785afee48bb', '', 'F', '2019-05-01', '202000', '', 'ABCDEF', '5 Years', 1, 1, 1, 1, 1, 1, 'MPSA18_100001', '2019-05-30 04:19:45', NULL, '2019-05-01 03:18:38', 1),
(2, 'MPS19_100002', 'Medical Store2', 'Medical Store2', 'Medical Store2', NULL, NULL, '8877777777', 'Medical Store2', '8877777777', 1, 1, '', '', 'ms2@g.com', 'ca978112ca1bbdcafac231b39a23dc4da786eff8147c4e72b9807785afee48bb', '', '', NULL, '', '', '', '', NULL, NULL, NULL, NULL, 1, 2, 'MPSA18_100001', '2019-05-02 17:21:41', NULL, '2019-05-02 17:21:41', 1);

-- --------------------------------------------------------

--
-- Table structure for table `messages`
--

CREATE TABLE `messages` (
  `message_id` int(11) NOT NULL,
  `group_ids` varchar(60) CHARACTER SET utf8 COLLATE utf8_unicode_ci DEFAULT NULL,
  `user_ids` longtext CHARACTER SET utf8 COLLATE utf8_unicode_ci,
  `hospital_id` int(11) NOT NULL,
  `title` varchar(250) CHARACTER SET utf8 COLLATE utf8_unicode_ci NOT NULL,
  `message` text CHARACTER SET utf8 COLLATE utf8_unicode_ci NOT NULL,
  `is_read` longtext NOT NULL,
  `created_by` varchar(15) CHARACTER SET utf8 COLLATE utf8_unicode_ci NOT NULL,
  `created_at` datetime NOT NULL DEFAULT CURRENT_TIMESTAMP ON UPDATE CURRENT_TIMESTAMP,
  `modified_by` varchar(15) CHARACTER SET utf8 COLLATE utf8_unicode_ci DEFAULT NULL,
  `modified_at` timestamp NOT NULL DEFAULT CURRENT_TIMESTAMP ON UPDATE CURRENT_TIMESTAMP,
  `row_status_cd` tinyint(4) NOT NULL DEFAULT '1' COMMENT '0-Deleted 1-Active 2-Inactive'
) ENGINE=InnoDB DEFAULT CHARSET=utf8;

-- --------------------------------------------------------

--
-- Table structure for table `notification`
--

CREATE TABLE `notification` (
  `id` int(11) NOT NULL,
  `user_id` varchar(15) CHARACTER SET utf8 COLLATE utf8_unicode_ci NOT NULL,
  `title` varchar(100) CHARACTER SET utf8 COLLATE utf8_unicode_ci NOT NULL,
  `notification_text` text CHARACTER SET utf8 COLLATE utf8_unicode_ci NOT NULL,
  `isRead` tinyint(1) NOT NULL DEFAULT '2' COMMENT '1=yes,2=no',
  `action` text CHARACTER SET utf8 COLLATE utf8_unicode_ci,
  `created_by` varchar(15) CHARACTER SET utf8 COLLATE utf8_unicode_ci NOT NULL,
  `created_at` datetime DEFAULT CURRENT_TIMESTAMP,
  `modified_by` varchar(15) CHARACTER SET utf8 COLLATE utf8_unicode_ci DEFAULT NULL,
  `modified_at` timestamp NOT NULL DEFAULT CURRENT_TIMESTAMP ON UPDATE CURRENT_TIMESTAMP,
  `row_status_cd` tinyint(4) NOT NULL DEFAULT '1' COMMENT '0-Deleted 1-Active 2-Inactive'
) ENGINE=InnoDB DEFAULT CHARSET=utf8;

--
-- Dumping data for table `notification`
--

INSERT INTO `notification` (`id`, `user_id`, `title`, `notification_text`, `isRead`, `action`, `created_by`, `created_at`, `modified_by`, `modified_at`, `row_status_cd`) VALUES
(2, 'MPD19_100001', 'Welcome To MyPulse', 'MyPulse Heartly Welcoming You <b>Mr/Mrs Doctor1</b>', 2, NULL, '', '2019-05-01 08:54:27', NULL, '2019-05-01 03:24:27', 1),
(3, 'MPR19_100001', 'Welcome To MyPulse', 'MyPulse Heartly Welcoming You <b>Mr/Mrs Receptionist1</b>', 2, NULL, '', '2019-05-01 08:58:43', NULL, '2019-05-01 03:28:43', 1),
(4, 'MPN19_100001', 'Welcome To MyPulse', 'MyPulse Heartly Welcoming You <b>Mr/Mrs Nurse1</b>', 2, NULL, '', '2019-05-01 08:59:00', NULL, '2019-05-01 03:29:00', 1),
(5, 'MPS19_100001', 'Welcome To MyPulse', 'MyPulse Heartly Welcoming You <b>Mr/Mrs MS1</b>', 2, NULL, '', '2019-05-01 08:59:24', NULL, '2019-05-01 03:29:24', 1),
(6, 'MPL19_100001', 'Welcome To MyPulse', 'MyPulse Heartly Welcoming You <b>Mr/Mrs ML1</b>', 2, NULL, '', '2019-05-01 08:59:46', NULL, '2019-05-01 03:29:46', 1),
(7, 'MPHA19_100001', 'Welcome To MyPulse', 'MyPulse Heartly Welcoming You <b>Mr/Mrs HA1</b>', 2, NULL, '', '2019-05-01 09:00:13', NULL, '2019-05-01 03:30:13', 1),
(8, 'MPHA19_100002', 'Welcome To MyPulse', 'MyPulse Heartly Welcoming You <b>Mr/Mrs HA2</b>', 2, NULL, '', '2019-05-01 09:00:28', NULL, '2019-05-01 03:30:28', 1),
(9, 'MPU19_100001', 'Welcome To MyPulse', 'MyPulse Heartly Welcoming You <b>Mr/Mrs User1</b>', 2, NULL, '', '2019-05-01 13:09:00', NULL, '2019-05-01 07:39:00', 1),
(10, 'MPU19_100001', 'MPA19_100004 Appointment Canceled', 'Hi User Your Appointment No MPA19_100004 was Canceled for the Reason \" just for time pass \" .', 2, NULL, '', '2019-05-16 23:46:47', NULL, '2019-05-16 18:16:47', 1),
(11, 'MPD19_100001', 'MPA19_100004 Appointment Canceled', 'Hi User Your Appointment No MPA19_100004 was Canceled for the Reason \" just for time pass \" .', 2, NULL, '', '2019-05-16 23:46:47', NULL, '2019-05-16 18:16:47', 1),
(12, 'MPU19_100005', 'Welcome To MyPulse', 'MyPulse Heartly Welcoming You <b>Mr/Mrs Mahesh</b>', 2, NULL, '', '2019-05-18 09:25:57', NULL, '2019-05-18 03:55:57', 1),
(13, 'MPU19_100006', 'Welcome To MyPulse', 'MyPulse Heartly Welcoming You <b>Mr/Mrs Mahi</b>', 2, NULL, '', '2019-05-19 11:32:07', NULL, '2019-05-19 06:02:07', 1),
(14, 'MPU19_100010', 'Welcome To MyPulse', 'MyPulse Heartly Welcoming You <b>Mr/Mrs Mahi</b>', 2, NULL, '', '2019-06-02 11:22:44', NULL, '2019-06-02 05:52:44', 1);

-- --------------------------------------------------------

--
-- Table structure for table `nurse`
--

CREATE TABLE `nurse` (
  `nurse_id` int(11) NOT NULL,
  `unique_id` varchar(15) CHARACTER SET utf8 COLLATE utf8_unicode_ci NOT NULL,
  `name` varchar(30) CHARACTER SET utf8 COLLATE utf8_unicode_ci NOT NULL,
  `mname` varchar(30) CHARACTER SET utf8 COLLATE utf8_unicode_ci NOT NULL,
  `lname` varchar(30) CHARACTER SET utf8 COLLATE utf8_unicode_ci NOT NULL,
  `email` varchar(60) CHARACTER SET utf8 COLLATE utf8_unicode_ci NOT NULL,
  `password` varchar(70) CHARACTER SET utf8 COLLATE utf8_unicode_ci DEFAULT NULL,
  `address` varchar(250) CHARACTER SET utf8 COLLATE utf8_unicode_ci NOT NULL,
  `longitude` float(11,8) DEFAULT NULL,
  `latitude` float(11,8) DEFAULT NULL,
  `hospital_id` int(11) NOT NULL,
  `branch_id` int(11) NOT NULL,
  `department_id` int(11) NOT NULL,
  `doctor_id` varchar(100) CHARACTER SET utf8 COLLATE utf8_unicode_ci NOT NULL,
  `country_id` int(11) DEFAULT NULL,
  `state_id` int(11) DEFAULT NULL,
  `district_id` int(11) DEFAULT NULL,
  `city_id` int(11) DEFAULT NULL,
  `description` varchar(250) CHARACTER SET utf8 COLLATE utf8_unicode_ci NOT NULL,
  `gender` varchar(1) CHARACTER SET utf8 COLLATE utf8_unicode_ci NOT NULL,
  `dob` date DEFAULT NULL,
  `aadhar` varchar(16) CHARACTER SET utf8 COLLATE utf8_unicode_ci NOT NULL,
  `qualification` varchar(60) CHARACTER SET utf8 COLLATE utf8_unicode_ci NOT NULL,
  `experience` varchar(10) CHARACTER SET utf8 COLLATE utf8_unicode_ci NOT NULL,
  `phone` varchar(15) CHARACTER SET utf8 COLLATE utf8_unicode_ci NOT NULL,
  `email_verify` tinyint(1) NOT NULL DEFAULT '2' COMMENT '1=yes,2=no',
  `mobile_verify` tinyint(1) NOT NULL DEFAULT '2' COMMENT '1=yes,2=no',
  `created_by` varchar(15) CHARACTER SET utf8 COLLATE utf8_unicode_ci NOT NULL,
  `created_at` timestamp NULL DEFAULT CURRENT_TIMESTAMP ON UPDATE CURRENT_TIMESTAMP,
  `modified_by` varchar(15) CHARACTER SET utf8 COLLATE utf8_unicode_ci DEFAULT NULL,
  `modified_at` timestamp NOT NULL DEFAULT '0000-00-00 00:00:00',
  `row_status_cd` tinyint(4) NOT NULL DEFAULT '1' COMMENT '0-Deleted 1-Active 2-Inactive'
) ENGINE=InnoDB DEFAULT CHARSET=utf8;

--
-- Dumping data for table `nurse`
--

INSERT INTO `nurse` (`nurse_id`, `unique_id`, `name`, `mname`, `lname`, `email`, `password`, `address`, `longitude`, `latitude`, `hospital_id`, `branch_id`, `department_id`, `doctor_id`, `country_id`, `state_id`, `district_id`, `city_id`, `description`, `gender`, `dob`, `aadhar`, `qualification`, `experience`, `phone`, `email_verify`, `mobile_verify`, `created_by`, `created_at`, `modified_by`, `modified_at`, `row_status_cd`) VALUES
(1, 'MPN19_100001', 'Nurse1', '', '', 'n1@g.com', 'ca978112ca1bbdcafac231b39a23dc4da786eff8147c4e72b9807785afee48bb', '123', NULL, NULL, 1, 1, 1, '1', 1, 1, 1, 1, '', 'F', '1959-05-01', '', 'ABCDEF', '8 Years', '0003215555', 1, 1, 'MPSA18_100001', '2019-05-01 03:24:06', NULL, '2019-05-01 03:17:26', 1),
(2, 'MPN19_100002', 'Nurse1', 'Nurse1', 'Nurse1', 'nn1@g.com', NULL, '', NULL, NULL, 1, 1, 1, '5', NULL, NULL, NULL, NULL, 'Nurse1', '', NULL, '', '', '', '6655555555', 2, 2, 'MPSA18_100001', '2019-05-02 17:19:40', NULL, '2019-05-02 17:19:40', 1);

-- --------------------------------------------------------

--
-- Table structure for table `patient`
--

CREATE TABLE `patient` (
  `id` int(11) NOT NULL,
  `hospital_ids` text CHARACTER SET utf8 COLLATE utf8_unicode_ci NOT NULL,
  `doctor_ids` text CHARACTER SET utf8 COLLATE utf8_unicode_ci NOT NULL,
  `lab_ids` text CHARACTER SET utf8 COLLATE utf8_unicode_ci NOT NULL,
  `store_ids` text CHARACTER SET utf8 COLLATE utf8_unicode_ci NOT NULL,
  `user_id` int(11) NOT NULL,
  `created_by` varchar(15) CHARACTER SET utf8 COLLATE utf8_unicode_ci NOT NULL,
  `created_at` timestamp NOT NULL DEFAULT CURRENT_TIMESTAMP,
  `modified_by` varchar(15) CHARACTER SET utf8 COLLATE utf8_unicode_ci DEFAULT NULL,
  `modified_at` timestamp NOT NULL DEFAULT '0000-00-00 00:00:00',
  `row_status_cd` tinyint(4) NOT NULL DEFAULT '1' COMMENT '0-Deleted 1-Active 2-Inactive'
) ENGINE=InnoDB DEFAULT CHARSET=utf8;

--
-- Dumping data for table `patient`
--

INSERT INTO `patient` (`id`, `hospital_ids`, `doctor_ids`, `lab_ids`, `store_ids`, `user_id`, `created_by`, `created_at`, `modified_by`, `modified_at`, `row_status_cd`) VALUES
(1, '1,2,3', '1,5,7', '1', '1', 3, '', '2019-05-01 07:39:44', NULL, '0000-00-00 00:00:00', 1);

-- --------------------------------------------------------

--
-- Table structure for table `prescription`
--

CREATE TABLE `prescription` (
  `prescription_id` int(11) NOT NULL,
  `doctor_id` int(11) NOT NULL,
  `user_id` int(11) NOT NULL,
  `prescription_data` text COLLATE utf8_unicode_ci NOT NULL,
  `medicin_status` tinyint(4) NOT NULL DEFAULT '2' COMMENT '1=yes,2=no',
  `test_status` tinyint(4) NOT NULL DEFAULT '2' COMMENT '1=yes,2=no',
  `created_by` varchar(15) COLLATE utf8_unicode_ci NOT NULL,
  `created_at` datetime DEFAULT NULL,
  `modified_by` varchar(15) COLLATE utf8_unicode_ci DEFAULT NULL,
  `modified_at` datetime DEFAULT NULL,
  `row_status_cd` tinyint(4) NOT NULL DEFAULT '1' COMMENT '0-Deleted 1-Active 2-Inactive'
) ENGINE=InnoDB DEFAULT CHARSET=utf8 COLLATE=utf8_unicode_ci;

--
-- Dumping data for table `prescription`
--

INSERT INTO `prescription` (`prescription_id`, `doctor_id`, `user_id`, `prescription_data`, `medicin_status`, `test_status`, `created_by`, `created_at`, `modified_by`, `modified_at`, `row_status_cd`) VALUES
(1, 1, 3, 'c23286b3dd1739f3994f9df8c16c9db6042afc6dec23456036b01c35854b614fbd5c34d0a1f6ada9c192626072dafa2e6a86b41c06e62db478ba30e36a9f652f7slPL4ZUsfY4cVsOweMpF2efSJ4o3K2FO+PVVXB4n8Y1E342jSVGSmOx4E4RK4hEsiSeS3M5R+JEGJWaGNCIJ0B3CBdDlneQVaG3XaCqgas=', 2, 2, 'MPD19_100001', '2019-05-01 13:11:33', NULL, NULL, 1),
(2, 1, 3, '868e49f6c00965e4fab7e7f7f127bbd251483b95d76679313456931a86707ed657a9b39ed8f47f27df9ed6448331cd4a1de4e5aaf449c4ae29f1dad46114c45faRGAhVOw3kEEOCwOvisu5StIV0m3lCQjPQHLsDm1BD3XvwqSxPskfWViuMD02H/tnH3XUnUZoGLI/tXi2OFnBJz50eDJJfYGVta52HCgfLnT+1UcygVOt/Lse1FIBE061olmV6MZlj7rzKEg93P3Ww==', 1, 1, 'MPD19_100001', '2019-05-07 07:33:03', 'MPU19_100001', '2019-05-07 07:36:57', 1);

-- --------------------------------------------------------

--
-- Table structure for table `prescription_order`
--

CREATE TABLE `prescription_order` (
  `order_id` int(11) NOT NULL,
  `unique_id` varchar(15) CHARACTER SET utf8 COLLATE utf8_unicode_ci NOT NULL,
  `receipt_id` varchar(15) CHARACTER SET utf8 COLLATE utf8_unicode_ci DEFAULT NULL,
  `prescription_id` int(11) DEFAULT NULL,
  `user_id` int(11) NOT NULL,
  `order_type` tinyint(4) NOT NULL COMMENT '0=medicine,1=test',
  `type_of_order` tinyint(4) NOT NULL DEFAULT '0' COMMENT '0=by_prescription,1=by_own',
  `order_data` text CHARACTER SET utf8 COLLATE utf8_unicode_ci NOT NULL,
  `quantity` longtext NOT NULL,
  `tests` longtext CHARACTER SET utf8 COLLATE utf8_unicode_ci NOT NULL,
  `store_id` int(11) DEFAULT NULL,
  `lab_id` int(11) DEFAULT NULL,
  `cost` float NOT NULL,
  `price` float NOT NULL,
  `total` float NOT NULL,
  `receipt_created_at` datetime DEFAULT NULL,
  `status` tinyint(4) NOT NULL DEFAULT '1' COMMENT '1=pending,2=received,3=waiting for samples,4=being processed,5=out for delivery,6=reports submitted,7=delivered or completed,8=waiting for receipt',
  `created_by` varchar(15) CHARACTER SET utf8 COLLATE utf8_unicode_ci NOT NULL,
  `created_at` datetime DEFAULT NULL,
  `modified_by` varchar(15) CHARACTER SET utf8 COLLATE utf8_unicode_ci DEFAULT NULL,
  `modified_at` timestamp NOT NULL DEFAULT CURRENT_TIMESTAMP ON UPDATE CURRENT_TIMESTAMP,
  `row_status_cd` tinyint(4) NOT NULL DEFAULT '1' COMMENT '0-Deleted 1-Active 2-Inactive'
) ENGINE=InnoDB DEFAULT CHARSET=utf8;

--
-- Dumping data for table `prescription_order`
--

INSERT INTO `prescription_order` (`order_id`, `unique_id`, `receipt_id`, `prescription_id`, `user_id`, `order_type`, `type_of_order`, `order_data`, `quantity`, `tests`, `store_id`, `lab_id`, `cost`, `price`, `total`, `receipt_created_at`, `status`, `created_by`, `created_at`, `modified_by`, `modified_at`, `row_status_cd`) VALUES
(3, 'MPOR19_100001', NULL, NULL, 3, 1, 1, '81a4c9af68d850db5fda9377aa182602cb079b97ef4b3117bc4650fce9c622ec63aa664338fefd300ff5a1701f8725db395a13f7b4be5eb1ccde053358d2bcbd7YnVKhq2PAYaXzU/KpS3/Mo1GFqJxciHngbrHSCZqqQ=', '', '', NULL, 1, 0, 0, 0, NULL, 2, 'MPU19_100001', '2019-05-02 23:38:12', NULL, '2019-05-02 18:08:12', 1),
(4, 'MPOR19_100002', 'MPRC19_100001', 2, 3, 0, 0, '', '5', '', 1, NULL, 120, 600, 600, '2019-05-07 07:43:10', 7, 'MPU19_100001', '2019-05-07 07:36:43', 'MPS19_100001', '2019-05-07 02:13:30', 1),
(5, 'MPOR19_100003', 'MPRC19_100002', 2, 3, 1, 0, '', '', '1', NULL, 1, 0, 2000, 2000, '2019-05-07 07:44:46', 7, 'MPU19_100001', '2019-05-07 07:36:57', 'MPL19_100001', '2019-05-07 02:15:31', 1);

-- --------------------------------------------------------

--
-- Table structure for table `prognosis`
--

CREATE TABLE `prognosis` (
  `prognosis_id` int(11) NOT NULL,
  `prognosis_data` text CHARACTER SET utf8 COLLATE utf8_unicode_ci NOT NULL,
  `user_id` int(11) NOT NULL,
  `doctor_id` int(11) NOT NULL,
  `created_by` varchar(15) CHARACTER SET utf8 COLLATE utf8_unicode_ci NOT NULL,
  `created_at` datetime DEFAULT NULL,
  `modified_by` varchar(15) CHARACTER SET utf8 COLLATE utf8_unicode_ci DEFAULT NULL,
  `modified_at` datetime DEFAULT NULL,
  `row_status_cd` tinyint(4) NOT NULL DEFAULT '1' COMMENT '0-Deleted 1-Active 2-Inactive'
) ENGINE=InnoDB DEFAULT CHARSET=utf8;

--
-- Dumping data for table `prognosis`
--

INSERT INTO `prognosis` (`prognosis_id`, `prognosis_data`, `user_id`, `doctor_id`, `created_by`, `created_at`, `modified_by`, `modified_at`, `row_status_cd`) VALUES
(1, '8b9691d674a51fc3c50f2d4ba103c02535263334733a057625b00d35f2972d598f560045798434f321cb9fd28071bd48e050e931c67362bdbfa4e17972863af8R39SKMca+WDdYihLowH2XoDI0YKTqkgf+kF88wpAkSxcrmJxY+jcMhfmNq6iVg09ygT4QVOEPWQvCVVIKp8j/A==', 3, 1, 'MPD19_100001', '2019-05-01 13:11:57', NULL, NULL, 1),
(2, '8fe9de651fbeb6b92071576582a5b05bbf3dedc691dd0d0a6dc8fd385b322d72d8e890f781f7418d6b6701b8059fdc4ec929329d6d8c52da5db790fbcaa1ba9d9LnIxsjhowWksB/cznS5jj+lhXVLqa/cYoZuOxS9usvWw/IQ0OxUqjqN+1H2NBF0LpHD1UjwYHFjLJpfemmg9w==', 3, 1, 'MPD19_100001', '2019-05-07 07:33:43', NULL, NULL, 1);

-- --------------------------------------------------------

--
-- Table structure for table `receptionist`
--

CREATE TABLE `receptionist` (
  `receptionist_id` int(11) NOT NULL,
  `unique_id` varchar(15) CHARACTER SET utf8 COLLATE utf8_unicode_ci NOT NULL,
  `name` varchar(30) CHARACTER SET utf8 COLLATE utf8_unicode_ci NOT NULL,
  `mname` varchar(30) CHARACTER SET utf8 COLLATE utf8_unicode_ci NOT NULL,
  `lname` varchar(30) CHARACTER SET utf8 COLLATE utf8_unicode_ci NOT NULL,
  `email` varchar(60) CHARACTER SET utf8 COLLATE utf8_unicode_ci NOT NULL,
  `password` varchar(70) CHARACTER SET utf8 COLLATE utf8_unicode_ci DEFAULT NULL,
  `address` varchar(250) CHARACTER SET utf8 COLLATE utf8_unicode_ci NOT NULL,
  `longitude` float(11,8) DEFAULT NULL,
  `latitude` float(11,8) DEFAULT NULL,
  `hospital_id` int(11) NOT NULL,
  `branch_id` int(11) NOT NULL,
  `department_id` int(11) NOT NULL,
  `doctor_id` varchar(100) CHARACTER SET utf8 COLLATE utf8_unicode_ci NOT NULL,
  `country_id` int(11) DEFAULT NULL,
  `state_id` int(11) DEFAULT NULL,
  `district_id` int(11) DEFAULT NULL,
  `city_id` int(11) DEFAULT NULL,
  `description` varchar(250) CHARACTER SET utf8 COLLATE utf8_unicode_ci NOT NULL,
  `gender` varchar(1) CHARACTER SET utf8 COLLATE utf8_unicode_ci NOT NULL,
  `dob` date DEFAULT NULL,
  `aadhar` varchar(16) CHARACTER SET utf8 COLLATE utf8_unicode_ci NOT NULL,
  `qualification` varchar(60) CHARACTER SET utf8 COLLATE utf8_unicode_ci NOT NULL,
  `experience` varchar(10) CHARACTER SET utf8 COLLATE utf8_unicode_ci NOT NULL,
  `phone` varchar(15) CHARACTER SET utf8 COLLATE utf8_unicode_ci NOT NULL,
  `email_verify` tinyint(1) NOT NULL DEFAULT '2',
  `mobile_verify` tinyint(1) NOT NULL DEFAULT '2',
  `created_by` varchar(15) CHARACTER SET utf8 COLLATE utf8_unicode_ci NOT NULL,
  `created_at` datetime DEFAULT NULL ON UPDATE CURRENT_TIMESTAMP,
  `modified_by` varchar(15) CHARACTER SET utf8 COLLATE utf8_unicode_ci DEFAULT NULL,
  `modified_at` datetime DEFAULT NULL ON UPDATE CURRENT_TIMESTAMP,
  `row_status_cd` tinyint(4) NOT NULL DEFAULT '1' COMMENT '0-Deleted 1-Active 2-Inactive'
) ENGINE=InnoDB DEFAULT CHARSET=utf8;

--
-- Dumping data for table `receptionist`
--

INSERT INTO `receptionist` (`receptionist_id`, `unique_id`, `name`, `mname`, `lname`, `email`, `password`, `address`, `longitude`, `latitude`, `hospital_id`, `branch_id`, `department_id`, `doctor_id`, `country_id`, `state_id`, `district_id`, `city_id`, `description`, `gender`, `dob`, `aadhar`, `qualification`, `experience`, `phone`, `email_verify`, `mobile_verify`, `created_by`, `created_at`, `modified_by`, `modified_at`, `row_status_cd`) VALUES
(1, 'MPR19_100001', 'Receptionist1', '', '', 'r1@g.com', 'ca978112ca1bbdcafac231b39a23dc4da786eff8147c4e72b9807785afee48bb', '12/456', NULL, NULL, 1, 1, 1, '1', 1, 1, 1, 1, '', '', '1989-05-01', '', 'ABCDEF', '5 Years', '0000022222', 1, 1, 'MPSA18_100001', '2019-05-01 08:54:12', NULL, '2019-05-01 08:54:12', 1),
(2, 'MPR19_100002', 'Receptionist2', 'Receptionist2', 'Receptionist2', 'rr2@g.com', NULL, '', NULL, NULL, 1, 1, 0, '1,7', NULL, NULL, NULL, NULL, 'Receptionist2', '', NULL, '', '', '', '5566666666', 2, 2, 'MPSA18_100001', '2019-05-08 08:56:39', NULL, '2019-05-08 08:56:39', 1);

-- --------------------------------------------------------

--
-- Table structure for table `reports`
--

CREATE TABLE `reports` (
  `report_id` int(11) NOT NULL,
  `order_id` int(11) NOT NULL,
  `order_type` tinyint(4) NOT NULL DEFAULT '0' COMMENT '0=by_order,1=by_own,2=no_order',
  `title` text CHARACTER SET utf8 COLLATE utf8_unicode_ci NOT NULL,
  `user_id` int(11) NOT NULL,
  `extension` varchar(10) CHARACTER SET utf8 COLLATE utf8_unicode_ci NOT NULL,
  `created_by` varchar(15) CHARACTER SET utf8 COLLATE utf8_unicode_ci NOT NULL,
  `created_at` datetime NOT NULL,
  `modified_by` varchar(15) CHARACTER SET utf8 COLLATE utf8_unicode_ci DEFAULT NULL,
  `modified_at` timestamp NOT NULL DEFAULT CURRENT_TIMESTAMP ON UPDATE CURRENT_TIMESTAMP,
  `row_status_cd` tinyint(4) NOT NULL DEFAULT '1' COMMENT '0-Deleted 1-Active 2-Inactive'
) ENGINE=InnoDB DEFAULT CHARSET=utf8;

--
-- Dumping data for table `reports`
--

INSERT INTO `reports` (`report_id`, `order_id`, `order_type`, `title`, `user_id`, `extension`, `created_by`, `created_at`, `modified_by`, `modified_at`, `row_status_cd`) VALUES
(1, 0, 1, 'Report1', 3, 'pdf', 'MPD19_100001', '2019-05-01 13:12:17', NULL, '2019-05-01 07:42:17', 1),
(2, 0, 1, 'resport for mahi testing', 3, 'pdf', 'MPD19_100001', '2019-05-07 07:34:15', NULL, '2019-05-07 02:04:15', 1),
(3, 5, 0, '', 0, 'jpg', '', '2019-05-07 07:45:16', NULL, '2019-05-07 02:15:16', 1);

-- --------------------------------------------------------

--
-- Table structure for table `roles`
--

CREATE TABLE `roles` (
  `role_id` int(11) NOT NULL,
  `role` varchar(60) CHARACTER SET utf8 COLLATE utf8_unicode_ci NOT NULL,
  `type` varchar(60) CHARACTER SET utf8 COLLATE utf8_unicode_ci NOT NULL,
  `type_id` varchar(60) CHARACTER SET utf8 COLLATE utf8_unicode_ci NOT NULL,
  `image_path` varchar(60) CHARACTER SET utf8 COLLATE utf8_unicode_ci NOT NULL,
  `code` varchar(5) CHARACTER SET utf8 COLLATE utf8_unicode_ci NOT NULL,
  `created_by` varchar(15) CHARACTER SET utf8 COLLATE utf8_unicode_ci NOT NULL,
  `created_at` timestamp NOT NULL DEFAULT CURRENT_TIMESTAMP,
  `modified_by` varchar(15) CHARACTER SET utf8 COLLATE utf8_unicode_ci DEFAULT NULL,
  `modified_at` timestamp NOT NULL DEFAULT '0000-00-00 00:00:00',
  `row_status_cd` tinyint(4) NOT NULL DEFAULT '1' COMMENT '0-Deleted 1-Active 2-Inactive'
) ENGINE=InnoDB DEFAULT CHARSET=utf8;

--
-- Dumping data for table `roles`
--

INSERT INTO `roles` (`role_id`, `role`, `type`, `type_id`, `image_path`, `code`, `created_by`, `created_at`, `modified_by`, `modified_at`, `row_status_cd`) VALUES
(1, 'Super Admin', 'superadmin', 'superadmin', 'superadmin_image', 'MPSA', 'System', '2019-04-30 15:41:07', '', '2019-04-30 15:41:07', 1),
(2, 'Hospital Admin', 'hospitaladmins', 'admin', 'hospitaladmin_image', 'MPHA', 'System', '2019-04-30 15:41:07', '', '2019-04-30 15:41:07', 1),
(3, 'Doctor', 'doctors', 'doctor', 'doctor_image', 'MPD', 'System', '2019-04-30 15:41:07', '', '2019-04-30 15:41:07', 1),
(4, 'Nurse', 'nurse', 'nurse', 'nurse_image', 'MPN', 'System', '2019-04-30 15:41:07', '', '2019-04-30 15:41:07', 1),
(5, 'Receptionist', 'receptionist', 'receptionist', 'receptionist_image', 'MPR', 'System', '2019-04-30 15:41:07', '', '2019-04-30 15:41:07', 1),
(6, 'Medical Store', 'medicalstores', 'store', 'medical_stores', 'MPS', 'System', '2019-04-30 15:41:07', '', '2019-04-30 15:41:07', 1),
(7, 'Medical Lab', 'medicallabs', 'lab', 'medical_labs', 'MPL', 'System', '2019-04-30 15:41:07', '', '2019-04-30 15:41:07', 1),
(8, 'MyPulse User', 'users', 'user', 'user_image', 'MPU', 'System', '2019-04-30 15:41:07', '', '2019-04-30 15:41:07', 1);

-- --------------------------------------------------------

--
-- Table structure for table `settings`
--

CREATE TABLE `settings` (
  `settings_id` int(11) NOT NULL,
  `setting_type` longtext CHARACTER SET utf8 COLLATE utf8_unicode_ci NOT NULL,
  `description` longtext CHARACTER SET utf8 COLLATE utf8_unicode_ci NOT NULL,
  `created_by` varchar(15) CHARACTER SET utf8 COLLATE utf8_unicode_ci NOT NULL,
  `created_at` timestamp NOT NULL DEFAULT CURRENT_TIMESTAMP,
  `modified_by` varchar(15) CHARACTER SET utf8 COLLATE utf8_unicode_ci DEFAULT NULL,
  `modified_at` timestamp NOT NULL DEFAULT '0000-00-00 00:00:00',
  `row_status_cd` tinyint(4) NOT NULL DEFAULT '1' COMMENT '0-Deleted 1-Active 2-Inactive'
) ENGINE=InnoDB DEFAULT CHARSET=utf8;

--
-- Dumping data for table `settings`
--

INSERT INTO `settings` (`settings_id`, `setting_type`, `description`, `created_by`, `created_at`, `modified_by`, `modified_at`, `row_status_cd`) VALUES
(1, 'system_name', 'MyPulse', 'System', '2019-04-30 15:41:07', NULL, '0000-00-00 00:00:00', 1),
(2, 'system_title', 'MyPulse', 'System', '2019-04-30 15:41:07', NULL, '0000-00-00 00:00:00', 1),
(3, 'address', 'Hyderabad', 'System', '2019-04-30 15:41:07', NULL, '0000-00-00 00:00:00', 1),
(4, 'phone', '9739195391', 'System', '2019-04-30 15:41:07', NULL, '0000-00-00 00:00:00', 1),
(5, 'paypal_email', '', 'System', '2019-04-30 15:41:07', NULL, '0000-00-00 00:00:00', 1),
(6, 'currency', '', 'System', '2019-04-30 15:41:07', NULL, '0000-00-00 00:00:00', 1),
(7, 'system_email', 'mypulsecare@gmail.com', 'System', '2019-04-30 15:41:07', NULL, '0000-00-00 00:00:00', 1),
(8, 'email_password', 'MyPulse@123', 'System', '2019-04-30 15:41:07', NULL, '0000-00-00 00:00:00', 1),
(9, 'purchase_code', '[ your-purchase-code-here ]', 'System', '2019-04-30 15:41:07', NULL, '0000-00-00 00:00:00', 1),
(11, 'language', '', 'System', '2019-04-30 15:41:07', NULL, '0000-00-00 00:00:00', 1),
(12, 'text_align', '', 'System', '2019-04-30 15:41:07', NULL, '0000-00-00 00:00:00', 1),
(13, 'system_currency_id', '1', 'System', '2019-04-30 15:41:07', NULL, '0000-00-00 00:00:00', 1),
(14, 'sms_username', 'mypulsecare@gmail.com', 'System', '2019-04-30 15:41:07', NULL, '0000-00-00 00:00:00', 1),
(15, 'sms_sender', 'MYPULS', 'System', '2019-04-30 15:41:07', NULL, '0000-00-00 00:00:00', 1),
(16, 'sms_hash', 'Hp1qPEPiNj0-Q9HXoTR77OZ12cqTlOcohqW928oJzA', 'System', '2019-04-30 15:41:07', NULL, '0000-00-00 00:00:00', 1),
(17, 'GST', '', 'System', '2019-04-30 15:41:07', NULL, '0000-00-00 00:00:00', 1),
(19, 'privacy', '<p>A terms of service agreement typically contains sections pertaining to one or more of the following topics:</p>\r\n\r\n<ul>\r\n	<li>Disambiguation/definition of key words and phrases</li>\r\n	<li>User rights and responsibilities\r\n	<ul>\r\n		<li>Proper or expected usage; definition of misuse</li>\r\n		<li>Accountability for online actions, behavior, and conduct</li>\r\n		<li><a href=\"https://en.wikipedia.org/wiki/Privacy_policy\" title=\"Privacy policy\">Privacy policy</a>&nbsp;outlining the use of personal data</li>\r\n		<li>Payment details such as membership or subscription fees, etc.</li>\r\n		<li><a href=\"https://en.wikipedia.org/wiki/Opt-out\" title=\"Opt-out\">Opt-out</a>&nbsp;policy describing procedure for account termination, if available</li>\r\n		<li><a href=\"https://en.wikipedia.org/wiki/Arbitration\" title=\"Arbitration\">Arbitration</a>&nbsp;detailing the dispute resolution process and limited rights to take a claim to court</li>\r\n	</ul>\r\n	</li>\r\n	<li>Disclaimer/Limitation of Liability clarifying the site&#39;s legal liability for damages incurred by users</li>\r\n	<li>User notification upon modification of terms, if offered</li>\r\n</ul>\r\n\r\n<p>Among 102 companies marketing genetic testing to consumers in 2014 for health purposes, 71 had publicly available terms and conditions,<sup><a href=\"https://en.wikipedia.org/wiki/Terms_of_service#cite_note-phillips-4\">[4]</a></sup></p>\r\n\r\n<ul>\r\n	<li>57 of the 71 had disclaimer clauses (including 10 disclaiming liability for injury caused by their own negligence),</li>\r\n	<li>51 let the company change terms (including 17 without notice), *34 allow data disclosure in certain circumstances,</li>\r\n	<li>31 require consumers to indemnify the company,</li>\r\n	<li>20 promise not to sell data.</li>\r\n</ul>\r\n\r\n<p>Among 260 mass market consumer software license agreements in 2010,<sup><a href=\"https://en.wikipedia.org/wiki/Terms_of_service#cite_note-w2010-5\">[5]</a></sup></p>\r\n\r\n<ul>\r\n	<li>91% disclaimed warranties of merchantability or fitness for purpose or said it was &quot;As is&quot;</li>\r\n	<li>92% disclaimed consequential, incidental, special or foreseeable damages</li>\r\n	<li>69% did not warrant the software was free of defects or would work as described in the manual</li>\r\n	<li>55% capped damages at the purchase price or less</li>\r\n	<li>36% said they were not warranting whether it infringed others&#39; intellectual property rights</li>\r\n	<li>32% required arbitration or a specific court</li>\r\n	<li>17% required the customer to pay legal bills of the maker (indemnify), but not vice versa</li>\r\n</ul>\r\n\r\n<p>Among terms and conditions of 31 cloud-computing services in January-July 2010, operating in England,<sup><a href=\"https://en.wikipedia.org/wiki/Terms_of_service#cite_note-qmul2-6\">[6]</a></sup></p>\r\n\r\n<ul>\r\n	<li>27 specified the law to be used (a US state or other country),</li>\r\n	<li>most specify that consumers can claim against the company only in a particular city in that jurisdiction, though often the company can claim against the consumer anywhere,</li>\r\n	<li>some require claims to be brought within half a year to 2 years,</li>\r\n	<li>7 impose arbitration, all forbid illegal and objectionable conduct by the consumer,</li>\r\n	<li>13 can amend terms just by posting changes on their own website,</li>\r\n	<li>a majority disclaim responsibility for confidentiality or backups,</li>\r\n	<li>most promise to preserve data only briefly after terminating service,</li>\r\n	<li>few promise to delete data thoroughly when the customer leaves,</li>\r\n	<li>some monitor the customers&#39; data to enforce their policies on use,</li>\r\n	<li>all disclaim warranties and almost all disclaim liability,</li>\r\n	<li>24 require the customer to&nbsp;<a href=\"https://en.wikipedia.org/wiki/Indemnity\" title=\"Indemnity\">indemnify</a>&nbsp;them, a few indemnify the customer,</li>\r\n	<li>a few give credits for poor service, 15 promise &quot;best efforts&quot; and can suspend or stop any time.</li>\r\n</ul>\r\n\r\n<p>The researchers note that rules on location and time limits may be unenforceable for consumers in many jurisdictions with consumer protections, that acceptable use policies are rarely enforced, that quick deletion is dangerous if a court later rules the termination wrongful, that local laws often require warranties (and UK forced Apple to say so).</p>\r\n', 'System', '2019-04-30 15:41:07', NULL, '0000-00-00 00:00:00', 1),
(20, 'terms', '<p>A terms of service agreement typically contains sections pertaining to one or more of the following topics:</p>\r\n\r\n<ul>\r\n	<li>Disambiguation/definition of key words and phrases</li>\r\n	<li>User rights and responsibilities\r\n	<ul>\r\n		<li>Proper or expected usage; definition of misuse</li>\r\n		<li>Accountability for online actions, behavior, and conduct</li>\r\n		<li><a href=\"https://en.wikipedia.org/wiki/Privacy_policy\" title=\"Privacy policy\">Privacy policy</a>&nbsp;outlining the use of personal data</li>\r\n		<li>Payment details such as membership or subscription fees, etc.</li>\r\n		<li><a href=\"https://en.wikipedia.org/wiki/Opt-out\" title=\"Opt-out\">Opt-out</a>&nbsp;policy describing procedure for account termination, if available</li>\r\n		<li><a href=\"https://en.wikipedia.org/wiki/Arbitration\" title=\"Arbitration\">Arbitration</a>&nbsp;detailing the dispute resolution process and limited rights to take a claim to court</li>\r\n	</ul>\r\n	</li>\r\n	<li>Disclaimer/Limitation of Liability clarifying the site&#39;s legal liability for damages incurred by users</li>\r\n	<li>User notification upon modification of terms, if offered</li>\r\n</ul>\r\n\r\n<p>Among 102 companies marketing genetic testing to consumers in 2014 for health purposes, 71 had publicly available terms and conditions,<sup><a href=\"https://en.wikipedia.org/wiki/Terms_of_service#cite_note-phillips-4\">[4]</a></sup></p>\r\n\r\n<ul>\r\n	<li>57 of the 71 had disclaimer clauses (including 10 disclaiming liability for injury caused by their own negligence),</li>\r\n	<li>51 let the company change terms (including 17 without notice), *34 allow data disclosure in certain circumstances,</li>\r\n	<li>31 require consumers to indemnify the company,</li>\r\n	<li>20 promise not to sell data.</li>\r\n</ul>\r\n\r\n<p>Among 260 mass market consumer software license agreements in 2010,<sup><a href=\"https://en.wikipedia.org/wiki/Terms_of_service#cite_note-w2010-5\">[5]</a></sup></p>\r\n\r\n<ul>\r\n	<li>91% disclaimed warranties of merchantability or fitness for purpose or said it was &quot;As is&quot;</li>\r\n	<li>92% disclaimed consequential, incidental, special or foreseeable damages</li>\r\n	<li>69% did not warrant the software was free of defects or would work as described in the manual</li>\r\n	<li>55% capped damages at the purchase price or less</li>\r\n	<li>36% said they were not warranting whether it infringed others&#39; intellectual property rights</li>\r\n	<li>32% required arbitration or a specific court</li>\r\n	<li>17% required the customer to pay legal bills of the maker (indemnify), but not vice versa</li>\r\n</ul>\r\n\r\n<p>Among terms and conditions of 31 cloud-computing services in January-July 2010, operating in England,<sup><a href=\"https://en.wikipedia.org/wiki/Terms_of_service#cite_note-qmul2-6\">[6]</a></sup></p>\r\n\r\n<ul>\r\n	<li>27 specified the law to be used (a US state or other country),</li>\r\n	<li>most specify that consumers can claim against the company only in a particular city in that jurisdiction, though often the company can claim against the consumer anywhere,</li>\r\n	<li>some require claims to be brought within half a year to 2 years,</li>\r\n	<li>7 impose arbitration, all forbid illegal and objectionable conduct by the consumer,</li>\r\n	<li>13 can amend terms just by posting changes on their own website,</li>\r\n	<li>a majority disclaim responsibility for confidentiality or backups,</li>\r\n	<li>most promise to preserve data only briefly after terminating service,</li>\r\n	<li>few promise to delete data thoroughly when the customer leaves,</li>\r\n	<li>some monitor the customers&#39; data to enforce their policies on use,</li>\r\n	<li>all disclaim warranties and almost all disclaim liability,</li>\r\n	<li>24 require the customer to&nbsp;<a href=\"https://en.wikipedia.org/wiki/Indemnity\" title=\"Indemnity\">indemnify</a>&nbsp;them, a few indemnify the customer,</li>\r\n	<li>a few give credits for poor service, 15 promise &quot;best efforts&quot; and can suspend or stop any time.</li>\r\n</ul>\r\n\r\n<p>The researchers note that rules on location and time limits may be unenforceable for consumers in many jurisdictions with consumer protections, that acceptable use policies are rarely enforced, that quick deletion is dangerous if a court later rules the termination wrongful, that local laws often require warranties (and UK forced Apple to say so).</p>\r\n', 'System', '2019-04-30 15:41:07', NULL, '0000-00-00 00:00:00', 1);

-- --------------------------------------------------------

--
-- Table structure for table `specializations`
--

CREATE TABLE `specializations` (
  `specializations_id` int(11) NOT NULL,
  `specializations_name` varchar(30) CHARACTER SET utf8 COLLATE utf8_unicode_ci NOT NULL,
  `created_by` varchar(15) CHARACTER SET utf8 COLLATE utf8_unicode_ci NOT NULL,
  `created_at` timestamp NOT NULL DEFAULT CURRENT_TIMESTAMP,
  `modified_by` varchar(15) CHARACTER SET utf8 COLLATE utf8_unicode_ci DEFAULT NULL,
  `modified_at` timestamp NOT NULL DEFAULT '0000-00-00 00:00:00',
  `row_status_cd` tinyint(4) NOT NULL DEFAULT '1' COMMENT '0-Deleted 1-Active 2-Inactive'
) ENGINE=InnoDB DEFAULT CHARSET=utf8;

--
-- Dumping data for table `specializations`
--

INSERT INTO `specializations` (`specializations_id`, `specializations_name`, `created_by`, `created_at`, `modified_by`, `modified_at`, `row_status_cd`) VALUES
(1, 'Cardiology', 'MPSA18_100001', '2019-05-01 03:14:17', NULL, '0000-00-00 00:00:00', 1),
(2, 'Dentist', 'MPSA18_100001', '2019-05-01 03:14:24', NULL, '0000-00-00 00:00:00', 1),
(3, 'phsiotherapy', 'MPSA18_100001', '2019-05-01 03:14:34', 'MPSA18_100001', '2019-05-01 03:14:40', 0),
(4, 'HIV', 'MPSA18_100001', '2019-05-05 14:10:42', NULL, '0000-00-00 00:00:00', 1);

-- --------------------------------------------------------

--
-- Table structure for table `state`
--

CREATE TABLE `state` (
  `state_id` int(11) NOT NULL,
  `state_name` varchar(30) CHARACTER SET utf8 COLLATE utf8_unicode_ci NOT NULL,
  `country_id` int(11) NOT NULL,
  `created_by` varchar(15) CHARACTER SET utf8 COLLATE utf8_unicode_ci NOT NULL,
  `created_at` timestamp NOT NULL DEFAULT CURRENT_TIMESTAMP,
  `modified_by` varchar(15) CHARACTER SET utf8 COLLATE utf8_unicode_ci DEFAULT NULL,
  `modified_at` timestamp NOT NULL DEFAULT '0000-00-00 00:00:00',
  `row_status_cd` tinyint(4) NOT NULL DEFAULT '1' COMMENT '0-Deleted 1-Active 2-Inactive'
) ENGINE=InnoDB DEFAULT CHARSET=utf8;

--
-- Dumping data for table `state`
--

INSERT INTO `state` (`state_id`, `state_name`, `country_id`, `created_by`, `created_at`, `modified_by`, `modified_at`, `row_status_cd`) VALUES
(1, 'Andhra Pradesh', 1, 'MPSA18_100001', '2019-04-30 15:47:16', NULL, '0000-00-00 00:00:00', 1),
(2, 'USA - S', 2, 'MPSA18_100001', '2019-05-05 14:11:24', NULL, '0000-00-00 00:00:00', 1);

-- --------------------------------------------------------

--
-- Table structure for table `superadmin`
--

CREATE TABLE `superadmin` (
  `superadmin_id` int(11) NOT NULL,
  `unique_id` varchar(15) COLLATE utf8_unicode_ci NOT NULL,
  `name` varchar(30) COLLATE utf8_unicode_ci NOT NULL,
  `mname` varchar(30) COLLATE utf8_unicode_ci NOT NULL,
  `lname` varchar(30) COLLATE utf8_unicode_ci NOT NULL,
  `email` varchar(60) COLLATE utf8_unicode_ci NOT NULL,
  `password` varchar(70) COLLATE utf8_unicode_ci DEFAULT NULL,
  `phone` varchar(15) COLLATE utf8_unicode_ci NOT NULL,
  `description` varchar(250) COLLATE utf8_unicode_ci NOT NULL,
  `address` varchar(250) COLLATE utf8_unicode_ci NOT NULL,
  `longitude` float(11,8) DEFAULT NULL,
  `latitude` float(11,8) DEFAULT NULL,
  `gender` varchar(1) COLLATE utf8_unicode_ci NOT NULL,
  `dob` date DEFAULT NULL,
  `country_id` int(11) DEFAULT NULL,
  `state_id` int(11) DEFAULT NULL,
  `district_id` int(11) DEFAULT NULL,
  `city_id` int(11) DEFAULT NULL,
  `email_verify` tinyint(1) NOT NULL DEFAULT '2',
  `mobile_verify` tinyint(1) NOT NULL DEFAULT '2',
  `created_by` varchar(15) COLLATE utf8_unicode_ci NOT NULL,
  `created_at` timestamp NOT NULL DEFAULT CURRENT_TIMESTAMP,
  `modified_by` varchar(15) COLLATE utf8_unicode_ci DEFAULT NULL,
  `modified_at` timestamp NOT NULL DEFAULT '0000-00-00 00:00:00',
  `row_status_cd` tinyint(4) NOT NULL DEFAULT '1' COMMENT '0-Deleted 1-Active 2-Inactive'
) ENGINE=InnoDB DEFAULT CHARSET=utf8 COLLATE=utf8_unicode_ci;

--
-- Dumping data for table `superadmin`
--

INSERT INTO `superadmin` (`superadmin_id`, `unique_id`, `name`, `mname`, `lname`, `email`, `password`, `phone`, `description`, `address`, `longitude`, `latitude`, `gender`, `dob`, `country_id`, `state_id`, `district_id`, `city_id`, `email_verify`, `mobile_verify`, `created_by`, `created_at`, `modified_by`, `modified_at`, `row_status_cd`) VALUES
(1, 'MPSA18_100001', 'Mahesh', '', 'Admin', 'sa@g.com', '8d969eef6ecad3c29a3a629280e686cf0c3f5d5a86aff3ca12020c923adc6c92', '9739195391', 'Super admin', 'Unnamed Road, Rahmat Nagar, Jawahar Nagar, Hyderabad, Telangana 500045, India', NULL, NULL, '', NULL, 2, 1, 1, 1, 1, 1, '', '2019-04-15 00:15:47', '', '2019-04-15 00:15:47', 1);

-- --------------------------------------------------------

--
-- Table structure for table `tables`
--

CREATE TABLE `tables` (
  `table_id` int(11) NOT NULL,
  `table_name` varchar(30) CHARACTER SET utf8 COLLATE utf8_unicode_ci NOT NULL,
  `unique_id` varchar(15) CHARACTER SET utf8 COLLATE utf8_unicode_ci NOT NULL,
  `code` varchar(5) CHARACTER SET utf8 COLLATE utf8_unicode_ci DEFAULT NULL,
  `created_by` varchar(15) CHARACTER SET utf8 COLLATE utf8_unicode_ci NOT NULL,
  `created_at` timestamp NOT NULL DEFAULT CURRENT_TIMESTAMP,
  `row_status_cd` tinyint(4) NOT NULL DEFAULT '1' COMMENT '0-Deleted 1-Active 2-Inactive'
) ENGINE=InnoDB DEFAULT CHARSET=utf8;

--
-- Dumping data for table `tables`
--

INSERT INTO `tables` (`table_id`, `table_name`, `unique_id`, `code`, `created_by`, `created_at`, `row_status_cd`) VALUES
(1, 'superadmin', '', 'MPSA', 'System', '2019-04-30 15:41:07', 1),
(2, 'hospitals', 'MPH19_100006', 'MPH', 'System', '2019-04-30 15:41:07', 1),
(3, 'hospitaladmins', 'MPHA19_100003', 'MPHA', 'System', '2019-04-30 15:41:07', 1),
(4, 'doctors', 'MPD19_100003', 'MPD', 'System', '2019-04-30 15:41:07', 1),
(5, 'receptionist', 'MPR19_100002', 'MPR', 'System', '2019-04-30 15:41:07', 1),
(6, 'nurse', 'MPN19_100002', 'MPN', 'System', '2019-04-30 15:41:07', 1),
(7, 'medicalstores', 'MPS19_100002', 'MPS', 'System', '2019-04-30 15:41:07', 1),
(8, 'medicallabs', 'MPL19_100003', 'MPL', 'System', '2019-04-30 15:41:07', 1),
(9, 'users', 'MPU19_100010', 'MPU', 'System', '2019-04-30 15:41:07', 1),
(10, 'appointments', 'MPA21_100001', 'MPA', 'System', '2019-04-30 15:41:07', 1),
(11, 'prescription_order', 'MPOR19_100003', 'MPOR', 'System', '2019-04-30 15:41:07', 1),
(12, 'order_receipt', 'MPRC19_100002', 'MPRC', 'System', '2019-04-30 15:41:07', 1),
(13, 'availability_slot', '121', NULL, 'System', '2019-04-30 15:41:07', 1);

-- --------------------------------------------------------

--
-- Table structure for table `users`
--

CREATE TABLE `users` (
  `user_id` int(11) NOT NULL,
  `unique_id` varchar(15) COLLATE utf8_unicode_ci NOT NULL,
  `name` varchar(30) COLLATE utf8_unicode_ci NOT NULL,
  `mname` varchar(30) COLLATE utf8_unicode_ci NOT NULL,
  `lname` varchar(30) COLLATE utf8_unicode_ci NOT NULL,
  `email` varchar(60) COLLATE utf8_unicode_ci DEFAULT NULL,
  `password` varchar(70) COLLATE utf8_unicode_ci DEFAULT NULL,
  `description` varchar(250) COLLATE utf8_unicode_ci NOT NULL,
  `country_id` int(11) DEFAULT NULL,
  `state_id` int(11) DEFAULT NULL,
  `district_id` int(11) DEFAULT NULL,
  `city_id` int(11) DEFAULT NULL,
  `address` varchar(250) COLLATE utf8_unicode_ci NOT NULL,
  `longitude` float(11,8) DEFAULT NULL,
  `latitude` float(11,8) DEFAULT NULL,
  `phone` varchar(15) COLLATE utf8_unicode_ci NOT NULL,
  `gender` varchar(1) COLLATE utf8_unicode_ci NOT NULL,
  `dob` date DEFAULT NULL,
  `age` int(11) NOT NULL,
  `patient_type` varchar(100) COLLATE utf8_unicode_ci NOT NULL,
  `blood_group` varchar(5) COLLATE utf8_unicode_ci NOT NULL,
  `in_time` timestamp NOT NULL DEFAULT CURRENT_TIMESTAMP ON UPDATE CURRENT_TIMESTAMP,
  `account_opening_timestamp` int(11) NOT NULL,
  `aadhar` varchar(20) COLLATE utf8_unicode_ci NOT NULL,
  `height` varchar(10) COLLATE utf8_unicode_ci NOT NULL,
  `weight` varchar(10) COLLATE utf8_unicode_ci NOT NULL,
  `blood_pressure` varchar(10) COLLATE utf8_unicode_ci NOT NULL,
  `sugar_level` varchar(10) COLLATE utf8_unicode_ci NOT NULL,
  `health_insurance_provider` varchar(60) COLLATE utf8_unicode_ci NOT NULL,
  `health_insurance_id` varchar(60) COLLATE utf8_unicode_ci NOT NULL,
  `family_history` varchar(250) COLLATE utf8_unicode_ci NOT NULL,
  `past_medical_history` varchar(250) COLLATE utf8_unicode_ci NOT NULL,
  `reg_status` tinyint(4) NOT NULL DEFAULT '1' COMMENT '1=registered,2=unregistered',
  `email_verify` tinyint(1) NOT NULL DEFAULT '2',
  `mobile_verify` tinyint(1) NOT NULL DEFAULT '2',
  `created_by` varchar(15) COLLATE utf8_unicode_ci NOT NULL,
  `created_at` timestamp NOT NULL DEFAULT CURRENT_TIMESTAMP,
  `modified_by` varchar(15) COLLATE utf8_unicode_ci DEFAULT NULL,
  `modified_at` timestamp NOT NULL DEFAULT '0000-00-00 00:00:00',
  `row_status_cd` tinyint(4) NOT NULL DEFAULT '1' COMMENT '0-Deleted 1-Active 2-Inactive'
) ENGINE=InnoDB DEFAULT CHARSET=utf8 COLLATE=utf8_unicode_ci;

--
-- Dumping data for table `users`
--

INSERT INTO `users` (`user_id`, `unique_id`, `name`, `mname`, `lname`, `email`, `password`, `description`, `country_id`, `state_id`, `district_id`, `city_id`, `address`, `longitude`, `latitude`, `phone`, `gender`, `dob`, `age`, `patient_type`, `blood_group`, `in_time`, `account_opening_timestamp`, `aadhar`, `height`, `weight`, `blood_pressure`, `sugar_level`, `health_insurance_provider`, `health_insurance_id`, `family_history`, `past_medical_history`, `reg_status`, `email_verify`, `mobile_verify`, `created_by`, `created_at`, `modified_by`, `modified_at`, `row_status_cd`) VALUES
(3, 'MPU19_100001', 'User1', 'budella ', 'bu', 'u1@g.com', 'ca978112ca1bbdcafac231b39a23dc4da786eff8147c4e72b9807785afee48bb', '', 1, 1, 1, 1, 'Unnamed Road, Rahmat Nagar, Jawahar Nagar, Hyderabad, Telangana 500045, India', 78.42447662, 17.44158745, '1020569999', 'M', '1992-05-01', 26, '', 'B-', '2019-06-04 02:44:08', 0, 'Unnamed Road, Rahmat', '6.2', '65', '255', '12/22', 'llll', 'mmmmm', 'mllllll', '1233654', 1, 1, 1, 'MPSA18_100001', '2019-05-01 04:45:13', 'MPU19_100001', '2019-06-04 02:44:08', 1),
(5, 'MPU19_100002', 'User2', '', '', 'u2@g.com', 'ca978112ca1bbdcafac231b39a23dc4da786eff8147c4e72b9807785afee48bb', '', 1, 1, 1, 1, '12/5588', NULL, NULL, '1020333369', 'M', '1992-05-01', 26, '', 'AB+', '2019-05-01 07:38:49', 0, '', '6.2', '65', '255', '12/22', 'llll', 'mmmmm', 'mllllll', '1233654', 1, 1, 1, 'MPSA18_100001', '2019-05-01 07:13:06', NULL, '2019-05-01 07:13:06', 1),
(8, 'MPU19_100004', 'user user1111', 'user user1', 'user user1', NULL, NULL, 'user user1', NULL, NULL, NULL, NULL, '', NULL, NULL, '6654545454', '', NULL, 0, '', '', '2019-05-21 01:40:37', 0, '', '', '', '', '', '', '', '', '', 1, 2, 2, 'MPSA18_100001', '2019-05-02 17:24:48', 'MPSA18_100001', '2019-05-21 01:40:19', 1),
(9, 'MPU19_100005', 'mahesh', '', '', 'maheshbt8@gmail.com', '96cae35ce8a9b0244178bf28e4966c2ce1b8385723a96a6b838858cdd6ca0a1e', '', NULL, NULL, NULL, NULL, '', NULL, NULL, '8247361445', '', NULL, 0, '', '', '2019-05-19 05:59:49', 0, '', '', '', '', '', '', '', '', '', 1, 1, 1, '', '2019-05-18 03:53:49', NULL, '2019-05-18 03:53:49', 1),
(10, 'MPU19_100006', 'mahi', '', '', NULL, '96cae35ce8a9b0244178bf28e4966c2ce1b8385723a96a6b838858cdd6ca0a1e', '', NULL, NULL, NULL, NULL, '', NULL, NULL, '8247361446', '', NULL, 0, '', '', '2019-05-21 01:41:43', 0, '', '', '', '', '', '', '', '', '', 1, 2, 1, '', '2019-05-19 06:01:53', 'MPSA18_100001', '2019-05-21 01:41:43', 1),
(11, 'MPU19_100007', 'm@hesh', '', 'bt', NULL, NULL, 'dep', NULL, NULL, NULL, NULL, '', NULL, NULL, '8884545552', '', NULL, 0, '', '', '2019-05-21 01:54:08', 0, '', '', '', '', '', '', '', '', '', 1, 2, 2, 'MPSA18_100001', '2019-05-21 01:54:08', NULL, '2019-05-21 01:54:08', 1),
(12, 'MPU19_100008', 'mahehshehesh', '', '', NULL, NULL, '', NULL, NULL, NULL, NULL, '', NULL, NULL, '6633345545', '', NULL, 0, '', '', '2019-05-21 01:56:09', 0, '', '', '', '', '', '', '', '', '', 2, 2, 2, 'MPSA18_100001', '2019-05-21 01:55:44', NULL, '2019-05-21 01:55:45', 1),
(13, 'MPU19_100009', 'sdsds', '', '', NULL, NULL, '', NULL, NULL, NULL, NULL, '', NULL, NULL, '3333333333', '', NULL, 0, '', '', '2019-05-21 01:57:42', 0, '', '', '', '', '', '', '', '', '', 2, 2, 2, 'MPSA18_100001', '2019-05-21 01:57:42', NULL, '2019-05-21 01:57:42', 1),
(14, 'MPU19_100010', 'mahi', '', '', '', '96cae35ce8a9b0244178bf28e4966c2ce1b8385723a96a6b838858cdd6ca0a1e', '', NULL, NULL, NULL, NULL, '', NULL, NULL, '8121815502', '', NULL, 0, '', '', '2019-07-24 16:49:47', 0, '', '', '', '', '', '', '', '', '', 1, 2, 1, '', '2019-06-02 05:52:17', NULL, '2019-06-02 05:52:18', 0);

-- --------------------------------------------------------

--
-- Table structure for table `ward`
--

CREATE TABLE `ward` (
  `ward_id` int(11) NOT NULL,
  `hospital_id` int(11) NOT NULL,
  `branch_id` int(11) NOT NULL,
  `department_id` int(11) NOT NULL,
  `ward_name` varchar(30) CHARACTER SET utf8 COLLATE utf8_unicode_ci NOT NULL,
  `description` varchar(250) CHARACTER SET utf8 COLLATE utf8_unicode_ci NOT NULL,
  `created_by` varchar(15) CHARACTER SET utf8 COLLATE utf8_unicode_ci NOT NULL,
  `created_at` timestamp NOT NULL DEFAULT CURRENT_TIMESTAMP,
  `modified_by` varchar(15) CHARACTER SET utf8 COLLATE utf8_unicode_ci DEFAULT NULL,
  `modified_at` timestamp NOT NULL DEFAULT '0000-00-00 00:00:00',
  `row_status_cd` tinyint(4) NOT NULL DEFAULT '1' COMMENT '0-Deleted 1-Active 2-Inactive'
) ENGINE=InnoDB DEFAULT CHARSET=utf8;

--
-- Dumping data for table `ward`
--

INSERT INTO `ward` (`ward_id`, `hospital_id`, `branch_id`, `department_id`, `ward_name`, `description`, `created_by`, `created_at`, `modified_by`, `modified_at`, `row_status_cd`) VALUES
(1, 1, 1, 1, 'W1', '', 'MPSA18_100001', '2019-04-30 16:02:19', NULL, '0000-00-00 00:00:00', 1),
(2, 2, 2, 2, 'W1', 'ADD', 'MPSA18_100001', '2019-05-01 04:09:32', NULL, '0000-00-00 00:00:00', 1),
(3, 3, 3, 3, 'W1', 'ADD', 'MPSA18_100001', '2019-05-01 04:10:55', NULL, '0000-00-00 00:00:00', 1);

--
-- Indexes for dumped tables
--

--
-- Indexes for table `appointments`
--
ALTER TABLE `appointments`
  ADD PRIMARY KEY (`appointment_id`),
  ADD UNIQUE KEY `unique_id` (`appointment_number`),
  ADD KEY `fk_appuserid` (`user_id`),
  ADD KEY `fk_appdoctid` (`doctor_id`),
  ADD KEY `fk_apphospid` (`hospital_id`),
  ADD KEY `fk_appdeptid` (`department_id`);

--
-- Indexes for table `appointment_history`
--
ALTER TABLE `appointment_history`
  ADD PRIMARY KEY (`appointment_history_id`),
  ADD KEY `fk_aphapid` (`appointment_id`);

--
-- Indexes for table `availability`
--
ALTER TABLE `availability`
  ADD PRIMARY KEY (`availability_id`),
  ADD KEY `fk_avdoctid` (`doctor_id`);

--
-- Indexes for table `availability_slot`
--
ALTER TABLE `availability_slot`
  ADD PRIMARY KEY (`id`),
  ADD KEY `fk_avsdoctid` (`doctor_id`);

--
-- Indexes for table `bed`
--
ALTER TABLE `bed`
  ADD PRIMARY KEY (`bed_id`),
  ADD KEY `fk_bedwardid` (`ward_id`),
  ADD KEY `fk_bedbranchid` (`branch_id`),
  ADD KEY `fk_bedhosspid` (`hospital_id`),
  ADD KEY `fk_beddeptid` (`department_id`);

--
-- Indexes for table `branch`
--
ALTER TABLE `branch`
  ADD PRIMARY KEY (`branch_id`),
  ADD KEY `fk_branchhospid` (`hospital_id`),
  ADD KEY `fk_br_city` (`city_id`),
  ADD KEY `fk_br_dist` (`district_id`),
  ADD KEY `fk_br_state` (`state_id`),
  ADD KEY `fk_br_ctry` (`country_id`);

--
-- Indexes for table `city`
--
ALTER TABLE `city`
  ADD PRIMARY KEY (`city_id`),
  ADD KEY `fk_cityctrid` (`country_id`),
  ADD KEY `fk_citydistid` (`district_id`),
  ADD KEY `fk_citystid` (`state_id`);

--
-- Indexes for table `ci_sessions`
--
ALTER TABLE `ci_sessions`
  ADD PRIMARY KEY (`id`),
  ADD KEY `ci_sessions_timestamp` (`timestamp`);

--
-- Indexes for table `country`
--
ALTER TABLE `country`
  ADD PRIMARY KEY (`country_id`);

--
-- Indexes for table `department`
--
ALTER TABLE `department`
  ADD PRIMARY KEY (`department_id`),
  ADD KEY `fk_deptbranchid` (`branch_id`),
  ADD KEY `fk_depthospid` (`hospital_id`);

--
-- Indexes for table `district`
--
ALTER TABLE `district`
  ADD PRIMARY KEY (`district_id`),
  ADD KEY `fk_distctrid` (`country_id`),
  ADD KEY `fk_diststid` (`state_id`);

--
-- Indexes for table `doctors`
--
ALTER TABLE `doctors`
  ADD PRIMARY KEY (`doctor_id`),
  ADD UNIQUE KEY `uk_email` (`email`),
  ADD UNIQUE KEY `uk_phone` (`phone`),
  ADD UNIQUE KEY `uk_unique_id` (`unique_id`) USING BTREE,
  ADD KEY `fk_docbranchid` (`branch_id`),
  ADD KEY `fk_dochospid` (`hospital_id`),
  ADD KEY `fk_docdeptid` (`department_id`),
  ADD KEY `fk_doc_city` (`city_id`),
  ADD KEY `fk_doc_dist` (`district_id`),
  ADD KEY `fk_doc_state` (`state_id`),
  ADD KEY `fk_doc_ctry` (`country_id`);

--
-- Indexes for table `feedback`
--
ALTER TABLE `feedback`
  ADD PRIMARY KEY (`id`);

--
-- Indexes for table `health_insurance_provider`
--
ALTER TABLE `health_insurance_provider`
  ADD PRIMARY KEY (`health_insurance_provider_id`);

--
-- Indexes for table `hospitaladmins`
--
ALTER TABLE `hospitaladmins`
  ADD PRIMARY KEY (`admin_id`),
  ADD UNIQUE KEY `uk_unique_id` (`unique_id`) USING BTREE,
  ADD UNIQUE KEY `uk_email` (`email`),
  ADD UNIQUE KEY `uk_phone` (`phone`),
  ADD KEY `fk_hosa_city` (`city_id`),
  ADD KEY `fk_hosa_dist` (`district_id`),
  ADD KEY `fk_hosa_state` (`state_id`),
  ADD KEY `fk_hosa_ctry` (`country_id`);

--
-- Indexes for table `hospitals`
--
ALTER TABLE `hospitals`
  ADD PRIMARY KEY (`hospital_id`),
  ADD UNIQUE KEY `unique_id` (`unique_id`),
  ADD KEY `fk_hosp_city` (`city_id`),
  ADD KEY `fk_hosp_dist` (`district_id`),
  ADD KEY `fk_hosp_state` (`state_id`),
  ADD KEY `fk_hosp_ctry` (`country_id`);

--
-- Indexes for table `inpatient`
--
ALTER TABLE `inpatient`
  ADD PRIMARY KEY (`id`),
  ADD KEY `fk_inpuserid` (`user_id`),
  ADD KEY `fk_inpdoctid` (`doctor_id`),
  ADD KEY `fk_inphospid` (`hospital_id`),
  ADD KEY `fk_inpbedid` (`bed_id`);

--
-- Indexes for table `inpatient_history`
--
ALTER TABLE `inpatient_history`
  ADD PRIMARY KEY (`id`),
  ADD KEY `fk_inpinpid` (`in_patient_id`);

--
-- Indexes for table `keys`
--
ALTER TABLE `keys`
  ADD PRIMARY KEY (`id`);

--
-- Indexes for table `language`
--
ALTER TABLE `language`
  ADD PRIMARY KEY (`language_id`);

--
-- Indexes for table `leave_message`
--
ALTER TABLE `leave_message`
  ADD PRIMARY KEY (`id`);

--
-- Indexes for table `license`
--
ALTER TABLE `license`
  ADD PRIMARY KEY (`license_id`);

--
-- Indexes for table `license_category`
--
ALTER TABLE `license_category`
  ADD PRIMARY KEY (`license_category_id`);

--
-- Indexes for table `login_details`
--
ALTER TABLE `login_details`
  ADD PRIMARY KEY (`id`),
  ADD UNIQUE KEY `uk_unique_id` (`unique_id`);

--
-- Indexes for table `medicallabs`
--
ALTER TABLE `medicallabs`
  ADD PRIMARY KEY (`lab_id`),
  ADD UNIQUE KEY `uk_email` (`email`),
  ADD UNIQUE KEY `uk_phone` (`phone`),
  ADD UNIQUE KEY `uk_unique_id` (`unique_id`) USING BTREE,
  ADD KEY `fk_ml_branch` (`branch_id`),
  ADD KEY `fk_ml_hospi` (`hospital_id`),
  ADD KEY `fk_ml_city` (`city_id`),
  ADD KEY `fk_ml_dist` (`district_id`),
  ADD KEY `fk_ml_state` (`state_id`),
  ADD KEY `fk_ml_ctry` (`country_id`);

--
-- Indexes for table `medicalstores`
--
ALTER TABLE `medicalstores`
  ADD PRIMARY KEY (`store_id`),
  ADD UNIQUE KEY `uk_unique_id` (`unique_id`) USING BTREE,
  ADD UNIQUE KEY `uk_email` (`email`),
  ADD UNIQUE KEY `uk_phone` (`phone`),
  ADD KEY `fk_ms_branch` (`branch_id`),
  ADD KEY `fk_ms_hospi` (`hospital_id`),
  ADD KEY `fk_ms_city` (`city_id`),
  ADD KEY `fk_ms_dist` (`district_id`),
  ADD KEY `fk_ms_state` (`state_id`),
  ADD KEY `fk_ms_ctry` (`country_id`);

--
-- Indexes for table `messages`
--
ALTER TABLE `messages`
  ADD PRIMARY KEY (`message_id`);

--
-- Indexes for table `notification`
--
ALTER TABLE `notification`
  ADD PRIMARY KEY (`id`);

--
-- Indexes for table `nurse`
--
ALTER TABLE `nurse`
  ADD PRIMARY KEY (`nurse_id`),
  ADD UNIQUE KEY `uk_unique_id` (`unique_id`) USING BTREE,
  ADD UNIQUE KEY `uk_email` (`email`),
  ADD UNIQUE KEY `uk_phone` (`phone`),
  ADD KEY `fk_nur_branch` (`branch_id`),
  ADD KEY `fk_nur_hospi` (`hospital_id`),
  ADD KEY `fk_nur_dept` (`department_id`),
  ADD KEY `fk_nur_city` (`city_id`),
  ADD KEY `fk_nur_dist` (`district_id`),
  ADD KEY `fk_nur_state` (`state_id`),
  ADD KEY `fk_nur_ctry` (`country_id`);

--
-- Indexes for table `patient`
--
ALTER TABLE `patient`
  ADD PRIMARY KEY (`id`);

--
-- Indexes for table `prescription`
--
ALTER TABLE `prescription`
  ADD PRIMARY KEY (`prescription_id`),
  ADD KEY `fk_presuserid` (`user_id`);

--
-- Indexes for table `prescription_order`
--
ALTER TABLE `prescription_order`
  ADD PRIMARY KEY (`order_id`),
  ADD UNIQUE KEY `uk_unique_id` (`unique_id`) USING BTREE,
  ADD UNIQUE KEY `uk_receipt_id` (`receipt_id`) USING BTREE,
  ADD KEY `fk_presordlabid` (`lab_id`),
  ADD KEY `fk_presordpresid` (`prescription_id`),
  ADD KEY `fk_presordstrid` (`store_id`),
  ADD KEY `fk_presorduserid` (`user_id`);

--
-- Indexes for table `prognosis`
--
ALTER TABLE `prognosis`
  ADD PRIMARY KEY (`prognosis_id`),
  ADD KEY `fk_progadctid` (`doctor_id`),
  ADD KEY `fk_prorguserid` (`user_id`);

--
-- Indexes for table `receptionist`
--
ALTER TABLE `receptionist`
  ADD PRIMARY KEY (`receptionist_id`),
  ADD UNIQUE KEY `uk_phone` (`phone`),
  ADD UNIQUE KEY `uk_email` (`email`) USING BTREE,
  ADD UNIQUE KEY `uk_unique_id` (`unique_id`) USING BTREE,
  ADD KEY `fk_rec_hospi` (`hospital_id`),
  ADD KEY `fk_rec_dept` (`department_id`),
  ADD KEY `fk_rec_branch` (`branch_id`),
  ADD KEY `fk_rec_city` (`city_id`),
  ADD KEY `fk_rec_dist` (`district_id`),
  ADD KEY `fk_rec_state` (`state_id`),
  ADD KEY `fk_rec_ctry` (`country_id`);

--
-- Indexes for table `reports`
--
ALTER TABLE `reports`
  ADD PRIMARY KEY (`report_id`);

--
-- Indexes for table `roles`
--
ALTER TABLE `roles`
  ADD PRIMARY KEY (`role_id`),
  ADD UNIQUE KEY `uk_role` (`role`) USING BTREE,
  ADD UNIQUE KEY `uk_type` (`type`) USING BTREE,
  ADD UNIQUE KEY `uk_code` (`code`) USING BTREE,
  ADD UNIQUE KEY `uk_image_path` (`image_path`) USING BTREE;

--
-- Indexes for table `settings`
--
ALTER TABLE `settings`
  ADD PRIMARY KEY (`settings_id`);

--
-- Indexes for table `specializations`
--
ALTER TABLE `specializations`
  ADD PRIMARY KEY (`specializations_id`);

--
-- Indexes for table `state`
--
ALTER TABLE `state`
  ADD PRIMARY KEY (`state_id`),
  ADD KEY `fk_statectrid` (`country_id`);

--
-- Indexes for table `superadmin`
--
ALTER TABLE `superadmin`
  ADD PRIMARY KEY (`superadmin_id`),
  ADD UNIQUE KEY `uk_unique_id` (`unique_id`),
  ADD UNIQUE KEY `uk_email` (`email`),
  ADD UNIQUE KEY `uk_phone` (`phone`);

--
-- Indexes for table `tables`
--
ALTER TABLE `tables`
  ADD PRIMARY KEY (`table_id`);

--
-- Indexes for table `users`
--
ALTER TABLE `users`
  ADD PRIMARY KEY (`user_id`),
  ADD UNIQUE KEY `uk_unique_id` (`unique_id`),
  ADD UNIQUE KEY `uk_phone` (`phone`),
  ADD UNIQUE KEY `uk_email` (`email`),
  ADD KEY `fk_userctrid` (`country_id`),
  ADD KEY `fk_userdistid` (`district_id`),
  ADD KEY `fk_userstid` (`state_id`),
  ADD KEY `fk_usercityid` (`city_id`);

--
-- Indexes for table `ward`
--
ALTER TABLE `ward`
  ADD PRIMARY KEY (`ward_id`),
  ADD KEY `fk_wardbranchid` (`branch_id`),
  ADD KEY `fk_wardhospid` (`hospital_id`),
  ADD KEY `fk_warddeptid` (`department_id`);

--
-- AUTO_INCREMENT for dumped tables
--

--
-- AUTO_INCREMENT for table `appointments`
--
ALTER TABLE `appointments`
  MODIFY `appointment_id` int(11) NOT NULL AUTO_INCREMENT, AUTO_INCREMENT=17;

--
-- AUTO_INCREMENT for table `appointment_history`
--
ALTER TABLE `appointment_history`
  MODIFY `appointment_history_id` int(11) NOT NULL AUTO_INCREMENT, AUTO_INCREMENT=17;

--
-- AUTO_INCREMENT for table `availability`
--
ALTER TABLE `availability`
  MODIFY `availability_id` int(11) NOT NULL AUTO_INCREMENT, AUTO_INCREMENT=2;

--
-- AUTO_INCREMENT for table `availability_slot`
--
ALTER TABLE `availability_slot`
  MODIFY `id` int(11) NOT NULL AUTO_INCREMENT, AUTO_INCREMENT=337;

--
-- AUTO_INCREMENT for table `bed`
--
ALTER TABLE `bed`
  MODIFY `bed_id` int(11) NOT NULL AUTO_INCREMENT, AUTO_INCREMENT=4;

--
-- AUTO_INCREMENT for table `branch`
--
ALTER TABLE `branch`
  MODIFY `branch_id` int(11) NOT NULL AUTO_INCREMENT, AUTO_INCREMENT=7;

--
-- AUTO_INCREMENT for table `city`
--
ALTER TABLE `city`
  MODIFY `city_id` int(11) NOT NULL AUTO_INCREMENT, AUTO_INCREMENT=3;

--
-- AUTO_INCREMENT for table `country`
--
ALTER TABLE `country`
  MODIFY `country_id` int(11) NOT NULL AUTO_INCREMENT, AUTO_INCREMENT=3;

--
-- AUTO_INCREMENT for table `department`
--
ALTER TABLE `department`
  MODIFY `department_id` int(11) NOT NULL AUTO_INCREMENT, AUTO_INCREMENT=4;

--
-- AUTO_INCREMENT for table `district`
--
ALTER TABLE `district`
  MODIFY `district_id` int(11) NOT NULL AUTO_INCREMENT, AUTO_INCREMENT=3;

--
-- AUTO_INCREMENT for table `doctors`
--
ALTER TABLE `doctors`
  MODIFY `doctor_id` int(11) NOT NULL AUTO_INCREMENT, AUTO_INCREMENT=8;

--
-- AUTO_INCREMENT for table `feedback`
--
ALTER TABLE `feedback`
  MODIFY `id` int(11) NOT NULL AUTO_INCREMENT, AUTO_INCREMENT=3;

--
-- AUTO_INCREMENT for table `health_insurance_provider`
--
ALTER TABLE `health_insurance_provider`
  MODIFY `health_insurance_provider_id` int(11) NOT NULL AUTO_INCREMENT;

--
-- AUTO_INCREMENT for table `hospitaladmins`
--
ALTER TABLE `hospitaladmins`
  MODIFY `admin_id` int(11) NOT NULL AUTO_INCREMENT, AUTO_INCREMENT=13;

--
-- AUTO_INCREMENT for table `hospitals`
--
ALTER TABLE `hospitals`
  MODIFY `hospital_id` int(11) NOT NULL AUTO_INCREMENT, AUTO_INCREMENT=7;

--
-- AUTO_INCREMENT for table `inpatient`
--
ALTER TABLE `inpatient`
  MODIFY `id` int(11) NOT NULL AUTO_INCREMENT, AUTO_INCREMENT=76;

--
-- AUTO_INCREMENT for table `inpatient_history`
--
ALTER TABLE `inpatient_history`
  MODIFY `id` int(11) NOT NULL AUTO_INCREMENT, AUTO_INCREMENT=6;

--
-- AUTO_INCREMENT for table `keys`
--
ALTER TABLE `keys`
  MODIFY `id` int(11) NOT NULL AUTO_INCREMENT, AUTO_INCREMENT=2;

--
-- AUTO_INCREMENT for table `language`
--
ALTER TABLE `language`
  MODIFY `language_id` int(11) NOT NULL AUTO_INCREMENT, AUTO_INCREMENT=3;

--
-- AUTO_INCREMENT for table `leave_message`
--
ALTER TABLE `leave_message`
  MODIFY `id` int(11) NOT NULL AUTO_INCREMENT, AUTO_INCREMENT=2;

--
-- AUTO_INCREMENT for table `license`
--
ALTER TABLE `license`
  MODIFY `license_id` int(11) NOT NULL AUTO_INCREMENT, AUTO_INCREMENT=2;

--
-- AUTO_INCREMENT for table `license_category`
--
ALTER TABLE `license_category`
  MODIFY `license_category_id` int(11) NOT NULL AUTO_INCREMENT, AUTO_INCREMENT=6;

--
-- AUTO_INCREMENT for table `login_details`
--
ALTER TABLE `login_details`
  MODIFY `id` int(11) NOT NULL AUTO_INCREMENT, AUTO_INCREMENT=13;

--
-- AUTO_INCREMENT for table `medicallabs`
--
ALTER TABLE `medicallabs`
  MODIFY `lab_id` int(11) NOT NULL AUTO_INCREMENT, AUTO_INCREMENT=4;

--
-- AUTO_INCREMENT for table `medicalstores`
--
ALTER TABLE `medicalstores`
  MODIFY `store_id` int(11) NOT NULL AUTO_INCREMENT, AUTO_INCREMENT=3;

--
-- AUTO_INCREMENT for table `messages`
--
ALTER TABLE `messages`
  MODIFY `message_id` int(11) NOT NULL AUTO_INCREMENT;

--
-- AUTO_INCREMENT for table `notification`
--
ALTER TABLE `notification`
  MODIFY `id` int(11) NOT NULL AUTO_INCREMENT, AUTO_INCREMENT=15;

--
-- AUTO_INCREMENT for table `nurse`
--
ALTER TABLE `nurse`
  MODIFY `nurse_id` int(11) NOT NULL AUTO_INCREMENT, AUTO_INCREMENT=3;

--
-- AUTO_INCREMENT for table `patient`
--
ALTER TABLE `patient`
  MODIFY `id` int(11) NOT NULL AUTO_INCREMENT, AUTO_INCREMENT=2;

--
-- AUTO_INCREMENT for table `prescription`
--
ALTER TABLE `prescription`
  MODIFY `prescription_id` int(11) NOT NULL AUTO_INCREMENT, AUTO_INCREMENT=3;

--
-- AUTO_INCREMENT for table `prescription_order`
--
ALTER TABLE `prescription_order`
  MODIFY `order_id` int(11) NOT NULL AUTO_INCREMENT, AUTO_INCREMENT=6;

--
-- AUTO_INCREMENT for table `prognosis`
--
ALTER TABLE `prognosis`
  MODIFY `prognosis_id` int(11) NOT NULL AUTO_INCREMENT, AUTO_INCREMENT=3;

--
-- AUTO_INCREMENT for table `receptionist`
--
ALTER TABLE `receptionist`
  MODIFY `receptionist_id` int(11) NOT NULL AUTO_INCREMENT, AUTO_INCREMENT=3;

--
-- AUTO_INCREMENT for table `reports`
--
ALTER TABLE `reports`
  MODIFY `report_id` int(11) NOT NULL AUTO_INCREMENT, AUTO_INCREMENT=4;

--
-- AUTO_INCREMENT for table `roles`
--
ALTER TABLE `roles`
  MODIFY `role_id` int(11) NOT NULL AUTO_INCREMENT, AUTO_INCREMENT=9;

--
-- AUTO_INCREMENT for table `settings`
--
ALTER TABLE `settings`
  MODIFY `settings_id` int(11) NOT NULL AUTO_INCREMENT, AUTO_INCREMENT=21;

--
-- AUTO_INCREMENT for table `specializations`
--
ALTER TABLE `specializations`
  MODIFY `specializations_id` int(11) NOT NULL AUTO_INCREMENT, AUTO_INCREMENT=5;

--
-- AUTO_INCREMENT for table `state`
--
ALTER TABLE `state`
  MODIFY `state_id` int(11) NOT NULL AUTO_INCREMENT, AUTO_INCREMENT=3;

--
-- AUTO_INCREMENT for table `superadmin`
--
ALTER TABLE `superadmin`
  MODIFY `superadmin_id` int(11) NOT NULL AUTO_INCREMENT, AUTO_INCREMENT=2;

--
-- AUTO_INCREMENT for table `tables`
--
ALTER TABLE `tables`
  MODIFY `table_id` int(11) NOT NULL AUTO_INCREMENT, AUTO_INCREMENT=14;

--
-- AUTO_INCREMENT for table `users`
--
ALTER TABLE `users`
  MODIFY `user_id` int(11) NOT NULL AUTO_INCREMENT, AUTO_INCREMENT=15;

--
-- AUTO_INCREMENT for table `ward`
--
ALTER TABLE `ward`
  MODIFY `ward_id` int(11) NOT NULL AUTO_INCREMENT, AUTO_INCREMENT=4;

--
-- Constraints for dumped tables
--

--
-- Constraints for table `appointments`
--
ALTER TABLE `appointments`
  ADD CONSTRAINT `fk_appdeptid` FOREIGN KEY (`department_id`) REFERENCES `department` (`department_id`),
  ADD CONSTRAINT `fk_appdoctid` FOREIGN KEY (`doctor_id`) REFERENCES `doctors` (`doctor_id`),
  ADD CONSTRAINT `fk_apphospid` FOREIGN KEY (`hospital_id`) REFERENCES `hospitals` (`hospital_id`),
  ADD CONSTRAINT `fk_appuserid` FOREIGN KEY (`user_id`) REFERENCES `users` (`user_id`);

--
-- Constraints for table `appointment_history`
--
ALTER TABLE `appointment_history`
  ADD CONSTRAINT `fk_aphapid` FOREIGN KEY (`appointment_id`) REFERENCES `appointments` (`appointment_id`);

--
-- Constraints for table `availability`
--
ALTER TABLE `availability`
  ADD CONSTRAINT `fk_avdoctid` FOREIGN KEY (`doctor_id`) REFERENCES `doctors` (`doctor_id`);

--
-- Constraints for table `availability_slot`
--
ALTER TABLE `availability_slot`
  ADD CONSTRAINT `fk_avsdoctid` FOREIGN KEY (`doctor_id`) REFERENCES `doctors` (`doctor_id`);

--
-- Constraints for table `bed`
--
ALTER TABLE `bed`
  ADD CONSTRAINT `fk_bedbranchid` FOREIGN KEY (`branch_id`) REFERENCES `branch` (`branch_id`),
  ADD CONSTRAINT `fk_beddeptid` FOREIGN KEY (`department_id`) REFERENCES `department` (`department_id`),
  ADD CONSTRAINT `fk_bedhosspid` FOREIGN KEY (`hospital_id`) REFERENCES `hospitals` (`hospital_id`),
  ADD CONSTRAINT `fk_bedwardid` FOREIGN KEY (`ward_id`) REFERENCES `ward` (`ward_id`);

--
-- Constraints for table `branch`
--
ALTER TABLE `branch`
  ADD CONSTRAINT `fk_br_city` FOREIGN KEY (`city_id`) REFERENCES `city` (`city_id`),
  ADD CONSTRAINT `fk_br_ctry` FOREIGN KEY (`country_id`) REFERENCES `country` (`country_id`),
  ADD CONSTRAINT `fk_br_dist` FOREIGN KEY (`district_id`) REFERENCES `district` (`district_id`),
  ADD CONSTRAINT `fk_br_state` FOREIGN KEY (`state_id`) REFERENCES `state` (`state_id`),
  ADD CONSTRAINT `fk_branchhospid` FOREIGN KEY (`hospital_id`) REFERENCES `hospitals` (`hospital_id`);

--
-- Constraints for table `city`
--
ALTER TABLE `city`
  ADD CONSTRAINT `fk_cityctrid` FOREIGN KEY (`country_id`) REFERENCES `country` (`country_id`),
  ADD CONSTRAINT `fk_citydistid` FOREIGN KEY (`district_id`) REFERENCES `district` (`district_id`),
  ADD CONSTRAINT `fk_citystid` FOREIGN KEY (`state_id`) REFERENCES `state` (`state_id`);

--
-- Constraints for table `department`
--
ALTER TABLE `department`
  ADD CONSTRAINT `fk_deptbranchid` FOREIGN KEY (`branch_id`) REFERENCES `branch` (`branch_id`),
  ADD CONSTRAINT `fk_depthospid` FOREIGN KEY (`hospital_id`) REFERENCES `hospitals` (`hospital_id`);

--
-- Constraints for table `district`
--
ALTER TABLE `district`
  ADD CONSTRAINT `fk_distctrid` FOREIGN KEY (`country_id`) REFERENCES `country` (`country_id`),
  ADD CONSTRAINT `fk_diststid` FOREIGN KEY (`state_id`) REFERENCES `state` (`state_id`);

--
-- Constraints for table `doctors`
--
ALTER TABLE `doctors`
  ADD CONSTRAINT `fk_doc_city` FOREIGN KEY (`city_id`) REFERENCES `city` (`city_id`),
  ADD CONSTRAINT `fk_doc_ctry` FOREIGN KEY (`country_id`) REFERENCES `country` (`country_id`),
  ADD CONSTRAINT `fk_doc_dist` FOREIGN KEY (`district_id`) REFERENCES `district` (`district_id`),
  ADD CONSTRAINT `fk_doc_state` FOREIGN KEY (`state_id`) REFERENCES `state` (`state_id`),
  ADD CONSTRAINT `fk_docbranchid` FOREIGN KEY (`branch_id`) REFERENCES `branch` (`branch_id`),
  ADD CONSTRAINT `fk_docdeptid` FOREIGN KEY (`department_id`) REFERENCES `department` (`department_id`),
  ADD CONSTRAINT `fk_dochospid` FOREIGN KEY (`hospital_id`) REFERENCES `hospitals` (`hospital_id`);

--
-- Constraints for table `hospitaladmins`
--
ALTER TABLE `hospitaladmins`
  ADD CONSTRAINT `fk_hosa_city` FOREIGN KEY (`city_id`) REFERENCES `city` (`city_id`),
  ADD CONSTRAINT `fk_hosa_ctry` FOREIGN KEY (`country_id`) REFERENCES `country` (`country_id`),
  ADD CONSTRAINT `fk_hosa_dist` FOREIGN KEY (`district_id`) REFERENCES `district` (`district_id`),
  ADD CONSTRAINT `fk_hosa_state` FOREIGN KEY (`state_id`) REFERENCES `state` (`state_id`);

--
-- Constraints for table `hospitals`
--
ALTER TABLE `hospitals`
  ADD CONSTRAINT `fk_hosp_city` FOREIGN KEY (`city_id`) REFERENCES `city` (`city_id`),
  ADD CONSTRAINT `fk_hosp_ctry` FOREIGN KEY (`country_id`) REFERENCES `country` (`country_id`),
  ADD CONSTRAINT `fk_hosp_dist` FOREIGN KEY (`district_id`) REFERENCES `district` (`district_id`),
  ADD CONSTRAINT `fk_hosp_state` FOREIGN KEY (`state_id`) REFERENCES `state` (`state_id`);

--
-- Constraints for table `inpatient`
--
ALTER TABLE `inpatient`
  ADD CONSTRAINT `fk_inpbedid` FOREIGN KEY (`bed_id`) REFERENCES `bed` (`bed_id`),
  ADD CONSTRAINT `fk_inpdoctid` FOREIGN KEY (`doctor_id`) REFERENCES `doctors` (`doctor_id`),
  ADD CONSTRAINT `fk_inphospid` FOREIGN KEY (`hospital_id`) REFERENCES `hospitals` (`hospital_id`),
  ADD CONSTRAINT `fk_inpuserid` FOREIGN KEY (`user_id`) REFERENCES `users` (`user_id`);

--
-- Constraints for table `inpatient_history`
--
ALTER TABLE `inpatient_history`
  ADD CONSTRAINT `fk_inpinpid` FOREIGN KEY (`in_patient_id`) REFERENCES `inpatient` (`id`);

--
-- Constraints for table `medicallabs`
--
ALTER TABLE `medicallabs`
  ADD CONSTRAINT `fk_ml_branch` FOREIGN KEY (`branch_id`) REFERENCES `branch` (`branch_id`),
  ADD CONSTRAINT `fk_ml_city` FOREIGN KEY (`city_id`) REFERENCES `city` (`city_id`),
  ADD CONSTRAINT `fk_ml_ctry` FOREIGN KEY (`country_id`) REFERENCES `country` (`country_id`),
  ADD CONSTRAINT `fk_ml_dist` FOREIGN KEY (`district_id`) REFERENCES `district` (`district_id`),
  ADD CONSTRAINT `fk_ml_hospi` FOREIGN KEY (`hospital_id`) REFERENCES `hospitals` (`hospital_id`),
  ADD CONSTRAINT `fk_ml_state` FOREIGN KEY (`state_id`) REFERENCES `state` (`state_id`);

--
-- Constraints for table `medicalstores`
--
ALTER TABLE `medicalstores`
  ADD CONSTRAINT `fk_ms_branch` FOREIGN KEY (`branch_id`) REFERENCES `branch` (`branch_id`),
  ADD CONSTRAINT `fk_ms_city` FOREIGN KEY (`city_id`) REFERENCES `city` (`city_id`),
  ADD CONSTRAINT `fk_ms_ctry` FOREIGN KEY (`country_id`) REFERENCES `country` (`country_id`),
  ADD CONSTRAINT `fk_ms_dist` FOREIGN KEY (`district_id`) REFERENCES `district` (`district_id`),
  ADD CONSTRAINT `fk_ms_hospi` FOREIGN KEY (`hospital_id`) REFERENCES `hospitals` (`hospital_id`),
  ADD CONSTRAINT `fk_ms_state` FOREIGN KEY (`state_id`) REFERENCES `state` (`state_id`);

--
-- Constraints for table `nurse`
--
ALTER TABLE `nurse`
  ADD CONSTRAINT `fk_nur_branch` FOREIGN KEY (`branch_id`) REFERENCES `branch` (`branch_id`),
  ADD CONSTRAINT `fk_nur_city` FOREIGN KEY (`city_id`) REFERENCES `city` (`city_id`),
  ADD CONSTRAINT `fk_nur_ctry` FOREIGN KEY (`country_id`) REFERENCES `country` (`country_id`),
  ADD CONSTRAINT `fk_nur_dist` FOREIGN KEY (`district_id`) REFERENCES `district` (`district_id`),
  ADD CONSTRAINT `fk_nur_hospi` FOREIGN KEY (`hospital_id`) REFERENCES `hospitals` (`hospital_id`),
  ADD CONSTRAINT `fk_nur_state` FOREIGN KEY (`state_id`) REFERENCES `state` (`state_id`);

--
-- Constraints for table `prescription`
--
ALTER TABLE `prescription`
  ADD CONSTRAINT `fk_presuserid` FOREIGN KEY (`user_id`) REFERENCES `users` (`user_id`);

--
-- Constraints for table `prescription_order`
--
ALTER TABLE `prescription_order`
  ADD CONSTRAINT `fk_presordlabid` FOREIGN KEY (`lab_id`) REFERENCES `medicallabs` (`lab_id`),
  ADD CONSTRAINT `fk_presordpresid` FOREIGN KEY (`prescription_id`) REFERENCES `prescription` (`prescription_id`),
  ADD CONSTRAINT `fk_presordstrid` FOREIGN KEY (`store_id`) REFERENCES `medicalstores` (`store_id`),
  ADD CONSTRAINT `fk_presorduserid` FOREIGN KEY (`user_id`) REFERENCES `users` (`user_id`);

--
-- Constraints for table `prognosis`
--
ALTER TABLE `prognosis`
  ADD CONSTRAINT `fk_progadctid` FOREIGN KEY (`doctor_id`) REFERENCES `doctors` (`doctor_id`),
  ADD CONSTRAINT `fk_prorguserid` FOREIGN KEY (`user_id`) REFERENCES `users` (`user_id`);

--
-- Constraints for table `receptionist`
--
ALTER TABLE `receptionist`
  ADD CONSTRAINT `fk_rec_branch` FOREIGN KEY (`branch_id`) REFERENCES `branch` (`branch_id`),
  ADD CONSTRAINT `fk_rec_city` FOREIGN KEY (`city_id`) REFERENCES `city` (`city_id`),
  ADD CONSTRAINT `fk_rec_ctry` FOREIGN KEY (`country_id`) REFERENCES `country` (`country_id`),
  ADD CONSTRAINT `fk_rec_dist` FOREIGN KEY (`district_id`) REFERENCES `district` (`district_id`),
  ADD CONSTRAINT `fk_rec_hospi` FOREIGN KEY (`hospital_id`) REFERENCES `hospitals` (`hospital_id`),
  ADD CONSTRAINT `fk_rec_state` FOREIGN KEY (`state_id`) REFERENCES `state` (`state_id`);

--
-- Constraints for table `state`
--
ALTER TABLE `state`
  ADD CONSTRAINT `fk_statectrid` FOREIGN KEY (`country_id`) REFERENCES `country` (`country_id`);

--
-- Constraints for table `users`
--
ALTER TABLE `users`
  ADD CONSTRAINT `fk_usercityid` FOREIGN KEY (`city_id`) REFERENCES `city` (`city_id`),
  ADD CONSTRAINT `fk_userctrid` FOREIGN KEY (`country_id`) REFERENCES `country` (`country_id`),
  ADD CONSTRAINT `fk_userdistid` FOREIGN KEY (`district_id`) REFERENCES `district` (`district_id`),
  ADD CONSTRAINT `fk_userstid` FOREIGN KEY (`state_id`) REFERENCES `state` (`state_id`);

--
-- Constraints for table `ward`
--
ALTER TABLE `ward`
  ADD CONSTRAINT `fk_wardbranchid` FOREIGN KEY (`branch_id`) REFERENCES `branch` (`branch_id`),
  ADD CONSTRAINT `fk_warddeptid` FOREIGN KEY (`department_id`) REFERENCES `department` (`department_id`),
  ADD CONSTRAINT `fk_wardhospid` FOREIGN KEY (`hospital_id`) REFERENCES `hospitals` (`hospital_id`);
COMMIT;

/*!40101 SET CHARACTER_SET_CLIENT=@OLD_CHARACTER_SET_CLIENT */;
/*!40101 SET CHARACTER_SET_RESULTS=@OLD_CHARACTER_SET_RESULTS */;
/*!40101 SET COLLATION_CONNECTION=@OLD_COLLATION_CONNECTION */;
